001|CHAPTER 1
002|Anne's House of Dreams by Lucy Maude Montgomery.
003|CHAPTER 1 IN THE GARROT OF GREEN GABLES
006|Through the other window was glimpsed a distant, white-capped blue sea, the beautiful St. Lawrence Gulf, on which floats like a jewel, Abigwhite, whose softer, sweeter Indian name has long been forsaken for the more prosaic one of Prince Edward Island.
007|Diana Wright, three years older than when we last saw her, had grown somewhat matronly in the intervening time.
008|But her eyes were as black and brilliant, her cheeks as rosy, and her dimples as enchanting as in the long-ago days when she and Anne Shirley had vowed eternal friendship in the garden at Orchard Slope.
009|In her arms she held a small, sleeping, black-curled creature, who for two happy years had been known to the world of Avonlea as Small Anchordelia.
011|But Diana and Anne smiled at each other. They knew how small Ann Cordelia had come by her name.
012|You always hated geometry," said Diana with a retrospective smile.
013|I should think you'd be real glad to be through with teaching anyhow.
014|Oh, I've always liked teaching, apart from geometry. These past three years in Summerside have been very pleasant ones. Mrs. Harmon Andrews told me when I came home that I wouldn't likely find married life as much better than teaching as I expected.
015|Evidently Mrs. Harmon is of Hamlet's opinion, that it may be better to bear the ills that we have than fly to others that we know not of.
016|Anne's laugh, as blithe and irresistible as of yore, with an added note of sweetness and maturity, rang through the garret.
018|But every joy must bring with it its little shadow of sorrow.
019|During the three summer-side years, Anne had been home often for vacations and weekends.
020|But after this, a biannual visit would be as much as could be hoped for.
021|You needn't let what Mrs. Harmon says worry you," said Diana with the calm assurance of the four-year's matron.
022|Married life has its ups and downs, of course. You mustn't expect that everything will always go smoothly. But I can assure you, Anne, that it's a happy life when you're married to the right man.
023|Anne smothered a smile. Diana's airs of vast experience always amused her a little.
024|I dare say I'll be putting them on too when I've been married four years," she thought. Surely my sense of humor will preserve me from it, though.
026|Yes, that was what I wanted to tell you when I phoned you to come down today. By the way, I can't realize that we really have telephones in Avonlea now. It sounds so preposterously up-to-date and modernish for this darling, leisurely old place.
027|We can thank the Avis for them," said Diana. We should never have got the line if they hadn't taken the matter up and carried it through.
029|I don't know that I'm wholly grateful to the avis in the matter of the telephone," said Anne. Oh, I know it's most convenient, even more so than our old device of signalling to each other by flashes of candlelight.
030|And as Mrs. Rachel says, Avonlea must keep up with the procession, that's what.
031|But somehow I feel as if I didn't want Avonlea spoiled by what Mr. Harrison, when he wants to be witty, calls modern inconveniences.
032|I should like to have it kept always just as it was in the dear old years. That's foolish and sentimental and impossible. So I shall immediately become wise and practical impossible.
033|The telephone, as Mr. Harrison concedes, is a buster of a good thing, even if you do know that probably half a dozen interested people are listening along the line.
035|Well, never mind the pies. As Mrs. Rachel says, pies they always were and pies they always will be. World without end. Amen.
036|I want to talk of pleasanter things. It's all settled as to where my new home shall be.
037|Oh, Anne, where? I do hope it's near here. No, that's the drawback. Gilbert is going to settle at Four Winds Harbor, sixty miles from here.
038|Sixty? It might as well be six hundred," sighed Diana. I never can get further from home now than Charlottetown.
040|I don't know yet what it is, or where it will be in reality, but I have a little house of dreams all furnished in my imagination—a tiny, delightful castle in Spain.
041|Where are you going for your wedding tour? Ask Diana.
043|I want to spend my honeymoon at Four Winds in my own dear house of dreams.
044|And you've decided not to have any bridesmaid? There isn't anyone to have. You and Phil and Priscilla and Jane all stole a march on me in the matter of marriage, and Stella is teaching in Vancouver. I have no other kindred soul, and I won't have a bridesmaid who isn't.
047|Your wedding dress is a dream anyhow," sighed Diana rapturously. You'll look like a perfect queen in it. You're so tall and slender. How do you keep so slim, Anne? I'm fatter than ever. I'll soon have no waist at all.
048|Stoutness and slimness seem to be matters of predestination," said Anne. At all events, Mrs. Harmon-Andrews can't say to you what she said to me when I came home from Summerside.
049|Well, Anne, you're just about as skinny as ever. It sounds quite romantic to be slender, but skinny has a very different tang.
050|Mrs. Harmon has been talking about your trousseau. She admits it's as nice as Jane's, although she says Jane married a millionaire and you're only marrying a poor young doctor without ascent to his name.
052|And that was the night Gilbert recited Bingin on the Rhine and looked at you when he said, There's another, not a sister. And you were so furious because he put your pink tissue rose in his breast pocket.
053|He didn't imagine then that you would ever marry him. Oh, well, that's another instance of predestination," laughed Anne as they went down the garret stairs.
054|End of chapter 1
055|Chapter 2 of Anne's House of Dreams by Lucy Maud Montgomery.
056|Chapter 2 The House of Dreams
057|There was more excitement in the era of Green Gables than there had ever been before in all its history. Even Marilla was so excited that she couldn't help showing it, which was little short of being phenomenal.
058|There's never been a wedding in this house," she said, half apologetically to Mrs. Rachel Lind.
059|When I was a child, I heard an old minister say that a house was not a real home until it had been consecrated by a birth, a wedding and a death.
060|We've had debts here, my father and mother died here as well as Matthew, and we've even had a birth here. Long ago, just after we moved into this house, we had a married hired man for a little while, and his wife had a baby here. But there's never been a wedding before.
061|It does seem so strange to think of Anne being married. In a way, she just seems to me the little girl Matthew brought home here 14 years ago. I can't realize that she's grown up.
062|I shall never forget what I felt when I saw Matthew bringing in a girl.
063|I wonder what became of the boy we would have got if there hadn't been a mistake. I wonder what his fate was.
064|Well, it was a fortunate mistake," said Mrs. Rachel Lynde. Though, mind you, there was a time I didn't think so. That evening I came up to see Anne and she treated us to such a scene. Many things have changed since then, that's what.
065|Mrs. Rachel sighed and then brisked up again. When weddings were in order, Mrs. Rachel was ready to let the dead past bury its dead.
068|They are pretty. I made them of the nicest rags and braided them in stripes. It was such company these last few winters.
069|and I'll make her enough blue plum preserve to stock her jam closet for a year.
070|It seems real strange. Those blue plum trees hadn't even a blossom for three years, and I thought they might as well be cut down. And this last spring they were white, and such a crop of plums I never remember at Green Gables.
071|Well, thank goodness that Anne and Gilbert really are going to be married after all. It's what I've always prayed for," said Mrs. Rachel, in the tone of one who is comfortably sure that her prayers have availed much.
072|It was a great relief to find out that she really didn't mean to take the Kingsport man.
073|He was rich, to be sure, and Gilbert is poor—at least, to begin with. But then he's an island boy.
075|Marilla felt that in some strange way, his marriage with Anne would put right that old mistake. Good had come out of the evil of the ancient bitterness.
076|As for Anne herself, she was so happy that she almost felt frightened.
078|And yet these two worthy ladies were not enemies of Anne. On the contrary, they were really quite fond of her, and would have defended her as their own young had anyone else attacked her.
079|Human nature is not obliged to be consistent.
082|Jane was not brilliant, and had probably never made a remark worth listening to in her life. But she never said anything that would hurt anyone's feelings, which may be a negative talent, but is likewise a rare and enviable one.
083|So Gilbert didn't go back on you after all, said Mrs. Harmon-Andrews, contriving to convey an expression of surprise in her tone.
084|Well, the blithes generally keep their word when once they've passed it no matter what happens.
085|Let me see, you're twenty-five, aren't you, Anne? When I was a girl, twenty-five was the first corner. But you look quite young. Red-headed people always do.
086|Red hair is very fashionable now," said Anne, trying to smile, but speaking rather coldly.
087|Life had developed in her a sense of humor which helped her over many difficulties, but as yet nothing had availed to steal her against a reference to her hair.
091|I found a nest for us, Anne. Oh, where? Not right in the village, I hope. I wouldn't like that altogether.
093|The sand dunes aren't very far away, the sea winds blow over them, and the sea spray drenches them.
094|But the house itself, Gilbert, our first home, what is it like?
096|Who is Captain Jim? The keeper of the lighthouse on Four Winds Point. You'll love that Four Winds Light, Anne. It's a revolving one, and it flashes like a magnificent star through the twilights. We can see it from our living-room windows and our front door.
098|So far good, said Anne, nodding cautious approval.
099|But Gilbert, people cannot live by furniture alone. You haven't yet mentioned one very important thing.
1000|Anne laughed over Miss Cornelia's wrath as she sped through the darkness.
1001|But laughter recorded ill with that night. She was sober enough when she reached the house among the willows. Everything was very silent.
1002|The front part of the house seemed dark and deserted, so Anne slipped round to the side door, which opened from the veranda into a little sitting-room.
1003|There she halted noiselessly. The door was opened.
1004|Beyond, in the dimly lighted room, sat Leslie Moore, with her arms flung out on the table and her head bent upon them.
1005|She was weeping horribly, with low, fierce, choking sobs, as if some agony in her soul were trying to tear itself out.
1006|An old black dog was sitting by her, his nose resting on her lap, his big dog-ish eyes full of mute imploring sympathy and devotion.
1007|Anne drew back in dismay. She felt that she could not intermeddle with this bitterness.
1008|Her heart ached with a sympathy she might not utter.
1009|To go in now would be to shut the door forever on any possible help or friendship.
101|Oh, I'm so glad. I couldn't live where there were no trees. Something vital in me would starve.
1010|Some instinct warned Anne that the proud, bitter girl would never forgive the one who thus surprised her in her abandonment of despair.
1011|Anne slipped noiselessly from the veranda and found her way across the yard.
1012|Beyond she heard voices in the gloom, and saw the dim glow of a light.
1013|At the gate she met two men, Captain Jim with a lantern, and another who she knew must be Dick Moore, a big man, badly gone to fat, with a broad round red face and vacant eyes.
1014|Even in the dull light, Anne got the impression that there was something unusual about his eyes.
1015|Is this you, Mistress Blythe?" said Captain Jim. Now, now, you had not to be roaming out alone on a night like this. You could get lost in this fog easier than not.
1016|Just you wait till I see Dick safe inside the door, and I'll come back and light you over the fields. I ain't gonna have Dr. Blythe comin' home and finding that you walked clean over Cape La Force in the fog.
1017|A woman did that once, 40 years ago.
1018|So you've been over to see Leslie," he said when he rejoined her.
1019|I didn't go in," said Anne, and told what she had seen.
102|Well, after that, there's no use asking you if there's a brook anywhere near. That would be expecting too much. But there is a brook, and it actually cuts across one corner of the garden.
1020|Captain Jim sighed. Poor, poor little girl! She don't cry often, Mistress Blythe. She's too brave for that.
1021|She must feel terrible when she does cry. A night like this is hard on poor women who have sorrows.
1022|There's something about it that kinda brings up all we've suffered, or feared.
1024|You were right not to go in, though, Mistress Blythe. Leslie wouldn't have liked it. She wouldn't have liked me going in with Dick, as I'd have done if I hadn't met you.
1025|I had Dick down with me all day. I keep him with me as much as I can to help Leslie a bit.
1026|Isn't there something odd about his eyes? Asked Anne. You noticed that.
1027|Yes. One is blue, and the other is hazel. His father had the same. It's a more peculiarity.
1028|That was what told me he was Dick Moore when I saw him first down in QB.
1029|If it hadn't been for his eyes, I mightn't have known him, with his beard and fat.
103|Then said Am with a long sigh of supreme satisfaction.
1030|You know I reckon that it was me found him and brought him home.
1031|Miss Cornelia always says I shouldn't have done it, but I can't agree with her. It was the right thing to do, and so it was the only thing.
1032|There ain't no question in my mind about that, but my old heart aches for Leslie. She's only twenty-eight, and she's eaten more bread with sorrow than most women do in eighty years.
1034|What is the reason? I never feel like that when I'm really in the darkness, when it is close all around me. I'm not the least frightened.
1035|I have something of that feeling myself, admitted Captain Jim.
1036|I reckon when the darkness is close to us it is a friend. But when we sort of push it away from us, divorce ourselves from it, so to speak, with lantern light, it becomes an enemy.
1037|But the fog is lifting. There's a smart west wind rising, if you notice. The stars will be out when you get home."
1038|But they were out, and when Anne re-entered her house of dreams the red embers were still glowing on the hearth, and all the haunting presences were gone.
1039|End of chapter 13
104|This house you have found is my house of dreams and none other.
1040|CHAPTER XIV.
1041|Chapter 14, November Days.
1043|In November I sometimes feel as if spring could never come again, she sighed, grieving over the hopeless unsightliness of her frosted and bedraggled flowerpots.
1044|The gay little garden of the schoolmaster's bride was rather a forlorn place now, and the Lombardy's and Birch's were under bare poles, as Captain Jim said.
1047|Captain Jim and Gilbert had many long discussions and high converse on matters beyond the Ken of Cat or King.
1049|I reckon our powwows won't do us or anyone much harm. So let's have another whack at the wence. Why and wither this evening, Doctor."
105|End of chapter 2
1053|That girl was born to be a leader in social and intellectual circles, far away from Four Winds, she said to Gilbert as they walked home one night. She's just wasted here, wasted.
1054|Weren't you listening to Captain Jim and yours truly the other night when we discussed that subject generally?
1056|And some people might think that a Redmond BA, whom editors were beginning to honor, was wasted as the wife of a struggling country doctor in the rural community of Four Winds.
1057|Gilbert! If you had married Roy Gardner now," continued Gilbert mercilessly, you could have been a leader in social and intellectual circles far away from Four Winds.
1058|Gilbert Blythe! You know you were in love with him at one time, Anne.
1059|Gilbert, that's mean. Pies and mean, just like all the men, as Miss Cornelia says. I never was in love with him. I only imagined I was. You know that. You know I'd rather be your wife in our house of dreams and fulfillment than a queen in a palace.
106|CHAPTER 3 This LibriVox recording is in the public domain.
1060|Gilbert's answer was not in words, but I'm afraid that both of them forgot poor Leslie, speeding her lonely way across the fields to a house that was neither a palace nor the fulfilment of a dream.
1061|The moon was rising over the sad, dark sea behind them and transfiguring it. Her light had not yet reached the harbor, the further side of which was shadowy and suggestive, with dim coves and rich glooms and jeweling lights.
1063|Our home-light, Gilbert. Isn't it lovely to see?
1064|Just like one of Earth's many millions of homes, Angrel. But ours! Ours! Our beacon in a naughty world!
1065|When a fella has a home and a dear little red-haired wife in it, what more need he ask of life?
1066|Well, he might ask one thing more," whispered Anne happily.
1067|Oh, Gilbert, it seems as if I just couldn't wait for the spring.
1068|End of chapter 14
1069|Chapter 15 of Anne's House of Dreams by Lucy Maud Montgomery. This LibriVox recording is in the public domain.
107|Chapter 3 The Land of Dreams Among
1070|Chapter 15 Christmas at Four Winds
1071|At first, Anne and Gilbert talked of going home to Avonlea for Christmas. But eventually they decided to stay in Four Winds.
1072|I want to spend the first Christmas of our life together in our own home, decreed Anne.
1074|Mrs. Rachel had made and brought with her an enormous plum pudding. Nothing could have convinced Mrs. Rachel that a college graduate of the younger generation could make a Christmas plum pudding properly. But she bestowed approval on Anne's house.
1075|Anne's a good housekeeper, she said to Marilla in the spare room the night of their arrival.
1077|Anne's first Christmas in her own house was as delightful as she could have wished. The day was fine and bright. The first skin of snow had fallen on Christmas Eve and made the world beautiful.
1078|The harbor was still open and glittering. Captain Jim and Miss Cornelia came to dinner. Leslie and Dick had been invited, but Leslie made excuse. They always went to her uncle Isaac West's for Christmas, she said.
1079|She'd rather have it so, Miss Cornelia told Anne. She can't bear taking Dick with her as strangers. Christmas is always a hard time for Leslie. She and her father used to make a lot of it.
108|Have you made up your mind who you're going to have to the wedding, Anne?" asked Mrs. Rachel Lynn as she hemstitched table napkins industriously.
1080|Miss Cornelia and Mrs. Rachel Lind did not take a very violent fancy to each other.
1082|It's many a year since there was a Christmas dinner here, Mistress Blythe," said Captain Jim. Miss Russell always went to her friends in town for Christmas.
1083|But I was here to the first Christmas dinner that was ever eaten in this house, and the schoolmaster's bride cooked it.
1084|That was sixty years ago today, Mistress Blythe, and a day very like this. Just enough snow to make the hills white and the harbor as blue as June.
1085|I was only a lad, and I'd never been invited out to dinner before, and I was too shy to eat enough. I've got all over that."
1086|Most men do," said Miss Cornelia, sewing furiously. Miss Cornelia was not going to sit with idle hands, even on Christmas.
1087|The babies come without any consideration for holidays, and there was one expected in a poverty-stricken household at Glen St. Mary. Miss Cornelia had sent that household a substantial dinner for its little swarm, and so meant to eat her own with a comfortable conscience.
1088|Well, you know the way to a man's heart is through his stomach, Cornelia," explained Captain Jim.
109|It's time your invitations were sent, even if they're only to be informal ones.
1090|No, he wasn't, and he needn't come neither.
1092|Have you really proved that he said that, Cornelia? I have the Methodist minister's word for it, if you call that proof."
1093|Robert Baxter told me the same thing, too, but I admit that isn't evidence. Robert Baxter isn't often known to tell the truth.
1094|Come, come, Cornelia. I think he generally tells the truth, but he changes his opinion so often it sometimes sounds as if he didn't.
1095|It sounds like it mighty often believe me, but trust one man to excuse another.
1097|But that family always thought they were much bigger potatoes than they really were. His brother Alif-Falat imagined the devil was always at his elbow. But I never believed the devil wasted that much time on him.
1098|I don't know," said Captain Jim thoughtfully. Eliphalet Baxter lived too much alone, hadn't even a cat or dog to keep him human.
1099|When a man is alone he's mighty apt to be with the devil, if he ain't with God.
110|I don't mean to have very many," said Anne. We just want those we love best to see us married—Gilbert's people and Mr. and Mrs. Allen and Mr. and Mrs. Harrison.
1100|He has to choose which company he'll keep, I reckon.
1101|If the devil always was at Life Baxter's elbow, it must have been because Life liked to have him there.
1102|man-like," said Miss Cornelia, and subsided into silence over a complicated arrangement of tucks, until Captain Jim deliberately stirred her up again by remarking in a casual way
1103|I was up to the Methodist church last Sunday morning." "You'd better have been home reading your Bible," was Miss Cornelia's retort."
1104|Come now, Cornelia. I can't see any harm in going to the Methodist Church when there's no preaching in your own. I've been a Presbyterian for seventy-six years, and it isn't likely my theology will hoist anchor at this late day."
1105|It's setting a bad example," said Miss Cornelia grimly.
1106|Besides," continued wicked Captain Jim, "I wanted to hear some good singing. The Methodists have a good choir. And you can't deny, Cornelia, that the singing in our church is awful since the split in the choir."
1107|What if the singing isn't good? They're doing their best, and God sees no difference between the voice of a crow and the voice of a nightingale.
1108|Come, come, Cornelia," said Captain Jim mildly. I have a better opinion of the Almighty's ear for music than that.
1109|What caused the trouble in our choir?" asked Gilbert, who was suffering from suppressed laughter.
111|There was a time when you'd hardly have numbered Mr. Harrison among your dearest friends," said Marilla dryly.
1110|It dates back to the new church three years ago," answered Captain Jim.
1111|We had a fearful time over the building of that church, fell out over the question of a new site. The two sites wasn't more than two hundred yards apart, but you'd have thought there was a thousand by the bitterness of that fight.
1113|Cornelia, will you ever forget the one when old Luther Burns got up and made a speech? He stated his opinions forcibly.
1115|The Methodists offered us their church, Cornelia.
1117|The Methodists allow women to preach," said Captain Jim. Miss Cornelia glared at him.
1118|I never said the Methodists had no common sense, Captain. What I say is, I doubt if they have much religion.
1119|I suppose you're in favor of votes for women, Miss Cornelia," said Gilbert.
112|While I wasn't very strongly attracted to him at our first meeting, acknowledged Am with a laugh over the recollection.
1121|Oh, it's well that women are patient, believe me.
1122|What about Job? suggested Captain Jim. Job.
1123|It was such a rare thing to find a patient man that when one was really discovered they were determined he shouldn't be forgotten," retorted Miss Cornelia triumphantly.
1124|Anyhow, the virtue doesn't go with the name. There never was such an impatient man born as old Job Taylor over harbor.
1125|Well, you know, he had a good deal to try him, Cornelia. Even you can't defend his wife.
1126|I always remember what old William McAllister said of her at her funeral.
1127|There's nay doot she was a Christian woman, But she had the Dale's own temper.
1129|I suppose poor old Mrs. Job did make life kinda uneasy for him, reflected Captain Jim.
113|But Mr. Harrison has improved on acquaintance, and Mrs. Harrison is really a dear.
1130|Well, there's such a thing as decency, isn't there? Even if a man is rejoicing in his heart over his wife being dead, he needn't proclaim it to the four winds of heaven.
1131|And happy day or not, Job Taylor wasn't long in marrying again, you might notice. His second wife could manage him. She made him walk Spanish, believe me.
1132|The first thing she did was to make him hustle round and put up a tombstone to the first Mrs. Job. And she had a place left on it for her own name. She said there'd be nobody to make Job put up a monument to her.
1133|Speaking of tailors, how is Mrs. Lewis Taylor up at the Glen Doctor?" asked Captain Jim.
1134|She's getting better slowly, but she has to work too hard," replied Gilbert.
1136|There are times, Cornelia, when I have to agree with you, though it hurts me," said Captain Jim.
1137|That's just exactly the truth about Louis Taylor.
1138|When I see those poor miserable children of his, robbed of all children ought to have, it pisons my own bite and sup for days afterwards.
1139|Gilbert went out to the kitchen in response to Anne's beckoning. Anne shut the door and gave him a connubial lecture.
114|Then of course there are Miss Lavender and Paul. Have they decided to come to the island this summer? I thought they were going to Europe.
1140|Gilbert, you and Captain Jim must stop baiting Miss Cornelia. Oh, I've been listening to you, and I just won't allow it.
1141|And Miss Cornelia's enjoying herself hugely, you know she is.
1142|Well, never mind. You two needn't egg her on like that. Dinner is ready now, and Gilbert, don't let Mrs. Rachel carve the geese. I know she means to offer to do it because she doesn't think you can do it properly. Show her you can.
1143|I ought to be able to. I've been studying ABCD diagrams of carving for the past month," said Gilbert. Only don't talk to me while I'm doing it, Anne, for if you drive the letters out of my head I'll be in a worse predicament than you were in old geometry days when the teacher changed them."
1144|Gilbert carved the geese beautifully. Even Mrs. Rachel had to admit that. And everybody ate of them and enjoyed them.
1145|Anne's first Christmas dinner was a great success, and she beamed with housewifely pride.
1147|I must be getting back to the light," he said finally. I'll just have time to walk home before sundown.
1148|Thank you for a beautiful Christmas, Mistress Blythe. Bring Master Davey down to the light some night before he goes home.
1149|I want to see those stone gods," said Davy with a relish.
115|They changed their minds when I wrote them I was going to be married. I had a letter from Paul today. He says he must come to my wedding, no matter what happens to Europe.
1150|End of chapter 15
1151|CHAPTER XVI.
1152|Chapter 16 New Year's Eve at the Light
1155|The only things that held their own individuality were the furs, for the fur is the tree of mystery and shadow, and yields never to the encroachments of crude radiance.
1156|But finally the day began to realize that she was growing old.
1157|Then a certain pensiveness fell over her beauty, which dimmed yet intensified it.
1158|Sharp angles, glittering points, melted away into curves and enticing gleams. The white harbor put on soft grays and pinks, the faraway hills turned amethyst.
1159|The old year is going away beautifully," said Anne.
116|That child always idolized you, remarked Mrs. Rachel.
1160|She and Leslie and Gilbert were on their way to the Four Winds Point, having plotted with Captain Jim to watch the New Year in at the light.
1162|It's like the spirit of a shadow, isn't it?" whispered Anne. You can see it so plainly haunting your sight when you look ahead, but when you turn and look at it, it's gone.
1163|I have heard that you can see the shadow of Venus only once in a lifetime, and that within a year of seeing it your life's most wonderful gift will come to you," said Leslie.
1164|But she spoke rather hardly. Perhaps she thought that even the shadow of Venus could bring her no gift of life.
1165|Anne smiled in the soft twilight. She felt quite sure what the mystic shadow promised her.
1167|He was a witty, intelligent, well-read man, rivaling Captain Jim himself in the knack of telling a good story.
1168|They were all glad when he agreed to watch the old year out with them.
1169|Captain Jim's small nephew Joe had come down to spend New Year's with his great uncle and had fallen asleep on the sofa with the first mate curled up in a huge golden ball at his feet.
117|That child is a young man of 19 now, Mrs. Linde.
1170|Any a dear little man? said Captain Jim gloatingly.
1171|I do love to watch a little child asleep, Mistress Blythe. It's the most beautiful sight in the world, I reckon.
1172|Joe does love to get down here for a night because I have him sleep with me. At home he has to sleep with the other two boys, and he doesn't like it.
1173|Why can't I sleep with Father, Uncle Jim? says he. Everybody in the Bible slept with their fathers.
1174|As for the questions he asks, the minister himself couldn't answer them. They fair swamp me.
1175|Uncle Jim, if I wasn't me, who'd I be? And Uncle Jim, what would happen if God died? He fired them two off at me tonight before he went to sleep.
1176|As for his imagination, it sails away from everything.
1177|He makes up the most remarkable yarns, and then his mother shuts him up in the closet for telling stories. And he sits down and makes up another one, and has it ready to relate to her when she lets him out.
118|How time does fly was Mrs. Lin's brilliant and original response.
1180|Well I was fair staggered Mistress Blythe.
1181|The hours bloomed into mirth around the driftwood fire. Captain Jim told tales, and Marshall Elliott sang old Scotch ballads in a fine tenor voice. Finally, Captain Jim took down his old brown fiddle from the wall and began to play.
1182|He had a tolerable knack of fiddling, which all appreciated save the first mate, who sprang from the sofa as if he had been shot, emitted a shriek of protest, and fled wildly up the stairs.
1183|Can't cultivate an ear for music in that cat know-how," said Captain Jim. He won't stay long enough to learn to like it.
1186|the prettiest dancing I ever saw, and I've seen some in my time," declared Captain Jim, when at last the bow fell from his tired hand. Leslie dropped into her chair laughing, breathless.
1187|I love dancing," she said apart to Anne. I haven't danced since I was sixteen, but I love it. The music seems to run through my veins like quicksilver, and I forget everything, everything, except the delight of keeping time to it.
1188|There isn't any floor beneath me or walls about me or roof over me. I'm floating amid the stars.
1189|Captain Jim hung his fiddle up in its place beside a large frame enclosing several banknotes.
119|Carlotta the fourth may come with them. She sent word by Paul that she would come if her husband would let her.
1190|Is there anybody else of your acquaintance who can afford to hang his walls with banknotes for pictures? He asked.
1191|There's 20 $10 notes there, not worth the glass over them.
1192|their old Bank of P.E. Island notes. Had them by me when the bank failed, and I had them framed and hung up, partly as a reminder not to put your trust in banks, and partly to give me a real luxurious, millionaire-y feeling.
1193|Hello, matey. Don't be scared. You can come back now. The music and revelry is over for tonight. The old year has just another hour to stay with us."
1194|I've seen 76 new years come in over that gulf yonder, Mr. Spife.
1195|You'll see a hundred," said Marshal Elliott. Captain Jim shook his head.
1196|Nope, and I don't want to. At least, I think I don't.
1198|Life may be a veil of tears all right, but there are some folks who enjoy weeping, I reckon.
1199|They spent the old year's last hour quietly around the fire.
120|I wonder if she still wears those enormous blue bows, and whether her husband calls her Carlotta or Leonora.
1200|A few minutes before twelve, Captain Jim rose and opened the door.
1201|We must let the new year in," he said.
1202|Outside was a fine blue night. A sparkling ribbon of moonlight garlanded the gulf. Inside the bar the harbor shone like a pavement of pearl.
1204|The clock on the little shelf above the fireplace struck 12.
1205|Welcome, New Year," said Captain Jim, bowing low as the last stroke died away.
1206|I wish you all the best year of your lives mates!
1207|I reckon that whatever the new year brings us will be the best the great captain has for us, and somehow or other we'll all make Porton a good harbor.
1208|End of chapter 16
1209|CHAPTER XVII A FOUR WINS WINTER
121|I should love to have Carlotta at my wedding. Carlotta and I were at a wedding long time.
1211|on moonlit nights and heard them in her house of dreams like fairy chimes.
1212|The gulf froze over, and the four winds' light flashed no more. During the months when navigation was closed, Captain Jim's office was a sinecure.
1213|The first mate and I will have nothing to do till spring except keep warm and amuse ourselves. The last lighthouse keeper used always to move up to the glen in winter, but I'd rather stay at the point. The first mate might get poisoned or chewed up by dogs at the glen.
1214|It's a mite lonely, to be sure, with neither the light nor the water for company, but if our friends come to see us often we'll weather it through.
1215|Captain Jim had an ice-boat, and many a wild, glorious spin, Gilbert and Anne and Leslie had over the glib harbor ice with him.
1216|Anne and Leslie took long snowshoe tramps together, too, over the fields or across the harbor after storms, or through the woods beyond the glen.
1218|I don't know why I can't get closer to her," Anne said one evening to Captain Jim. I like her so much. I admire her so much. I want to take her right into my heart and creep right into hers. But I can never cross the barrier.
122|They expect to be at Echo Lodge next week. Then there are Phil and the Reverend Joe.
1220|My childhood wasn't very happy before I came to Green Gables," said Anne, gazing soberly out of the window at the still, sad, dead beauty of the leafless tree shadows on the moonlit snow.
1222|You know if we've got anything about us that hurts we shrink from anyone's touch on or near it. It holds good with our souls as well as our bodies, I reckon. Leslie's soul must be near raw. It's no wonder she hides it away.
1223|If that were really all, I wouldn't mind, Captain Jim. I would understand. But there are times, not always, but now and again, when I almost have to believe that Leslie doesn't...
1225|You have one it, Mistress Blythe. Don't you go cherishing any foolish notion that Leslie don't like you. If she didn't, she wouldn't have anything to do with you, much less chumming with you as she does.
1226|I know Leslie more too well not to be sure of that.
1228|The resentment must have been about something else, Mistress Blythe, and you just come in for a share of it because you happen past. Leslie does take sullen spells now and again, poor girl. I can't blame her, when I know what she has to put up with.
1229|I don't know why it's permitted. The doctor and I have talked a lot about the origin of evil, but we haven't quite found out all about it yet.
123|"It sounds awful to hear you speaking of a minister like that, Anne," said Mrs. Rachel severely. "His wife calls him that." She should have more respect for his holy office, then," retorted Mrs. Rachel."
1231|Though mind you, Mistress Blythe, I dare say she'd choose her life now such as it is, rather than the life she lived with Dick before he went away.
1232|That's something a clumsy old sailor's tongue mustn't meddle with.
1233|But you've helped Leslie a lot. She's a different creature since you come to Four Winds. Us old friends see the difference in her as you can't.
1234|Miss Cornelia and me was talking it over the other day, and it's one of the mighty few pints that we see eye to eye on.
1235|So just you throw overboard any idea of her not liking you.
1236|Anne could hardly discard it completely, for there were undoubtedly times when she felt, with an instinct that was not to be combated by reason, that Leslie harbored a queer, indefinable resentment towards her.
1237|At times, this secret consciousness marred the delight of their comradeship. At others it was almost forgotten. But Anne always felt the hidden thorn was there, and might prick her at any moment.
1238|She felt a cruel sting from it on the day when she told Leslie of what she hoped the spring would bring to the little house of dreams.
1239|Leslie looked at her with hard, bitter, unfriendly eyes.
124|I've heard you criticize ministers pretty sharply yourself. Teased Anne.
1240|So you are to have that, too," she said in a choked voice. And without another word she had turned and gone across the fields homeward.
1242|But one evening, when late winter was listening for the word of spring, she came over to the little house for a twilight chat, and when she went away she left a small white box on the table.
1243|Anne found it after she was gone, and opened it wonderingly.
1244|In it was a tiny white dress of exquisite workmanship, delicate embroidery, wonderful tucking, sheer loveliness. Every stitch in it was handwork, and the little frills of lace at neck and sleeves were of real valenciennes.
1245|Lying on it was a card with Leslie's love.
1246|What hours of work she must have put on it," said Anne. And the material must have cost more than she could really afford.
1247|It is very sweet of her. But Leslie was brusque and curt when Anne thanked her, and again the latter felt frown back upon herself.
1248|Leslie's gift was not alone in the little house. Miss Cornelia had for the time being given up sewing for unwanted, unwelcome eighth babies, and fall into sewing for a very much wanted first one, whose welcome would leave nothing to be desired.
125|Yes, but I do it reverently," protested Mrs. Linde. You never heard me nickname a minister.
1250|Captain Jim was the most frequent guest of the little house, and none was more welcome.
1252|The milk of human kindness and the wisdom of the serpent were mingled in his composition in delightful proportions. Nothing ever seemed to put Captain Jim out or depress him in any way.
1253|I've kind of contracted a habit of enjoying things," he remarked once, when Anne had commented on his invariable cheerfulness.
1254|It's got so chronic that I believe I even enjoy the disagreeable things. It's great fun thinking they can't last.
1255|Old rheumatism, says I, when it grips me hard, You've got to stop aching sometime. The worse you are, the sooner you'll stop, maybe.
1256|I'm bound to get the better of you in the long run, whether in the body or out of the body.
1257|One night by the fireside at the light, Anne saw Captain Jim's life book. He needed no coaxing to show it and proudly gave it to her to read.
1258|I rid it to leave to little Joe," he said. I don't like the idea of everything I've done and seen being clean forgot after I've slipped from my last voyage. Joe, he'll remember it and tell the yarns to his children.
1259|It was an old leather-bound book, filled with the record of his voyages and adventures.
1262|Rich comedy and thrilling tragedy were both lying hidden in Captain Jim's lifebook, waiting for the touch of the Master Hand to waken the laughter and grief and horror of thousands.
1263|Anne said something of this to Gilbert as they walked home.
1264|Why don't you try your hand at it yourself, Anne?" Anne shook her head. No, I only wish I could, but it's not in the power of my gift. You know what my forte is, Gilbert. The fanciful, the fairy-like, the pretty.
1265|To write Captain Jim's life book as it should be written, one should be a master of vigorous yet subtle style, a keen psychologist, a born humorist and a born tragedian.
1266|A rare combination of gifts is needed. Paul might do it if he were older. Anyhow, I'm going to ask him to come down next summer and meet Captain Jim.
1267|Come to this shore," wrote Anne to Paul. I'm afraid you cannot find here Nora or the Golden Lady or the twin sailors, but you will find one old sailor who can tell you wonderful stories.
1268|Paul however wrote back saying regretfully that he could not come that year, he was going abroad for two years study.
1269|When I return I'll come to Four Winds Teacher," he wrote.
1270|But meanwhile Captain Jim is growing old," said Anne sorrowfully, and there is nobody to write his life book.
1271|End of chapter 17
1272|Chapter 18 of Anne's House of Dreams by Lucy Maude Montgomery
1273|This LibreBox recording is in the public domain. CHAPTER 18 SPRING DAYS
1274|The ice in the harbor grew black and rotten in the March suns.
1275|In April there were blue waters and a windy white capped gulf again, and again the four winds light bejammed the twilights.
1276|I'm so glad to see it once more," said Anne on the first evening of its reappearance. I've missed it so all winter.
1277|The northwestern sky has seemed blank and lonely without it.
1278|The land was tender with brand new golden green baby leaves. There was an emerald mist on the woods beyond the glen. The seaward valleys were full of fairy mists at dawn.
1279|Vibrant winds came and went with salt foam in their breath. The sea laughed and flashed and preened and allured, like a beautiful coquettish woman.
128|If everybody stayed where he was born, places would soon be filled up, Mrs. Linde. Oh, I'm not going to argue with you, Anne. I am not a B.A.
1280|The herrings schooled, and the fishing village woke to life. The harbor was alive with white sails making for the channel. The ships began to sail outward and inward again.
1281|On a spring day like this," said Anne, I know exactly what my soul will feel like on the resurrection morning.
1282|There are times in spring when I sort of feel that I might have been a poet if I'd been caught young," remarked Captain Jim.
1283|I catch myself conning over old lines and verses I heard the schoolmaster reciting 60 years ago.
1284|They don't trouble me at other times. Now I feel as if I had to get out on the rocks or the fields or the water and spout them
1285|Captain Jim had come up that afternoon to bring Anne a load of shells for her garden, and a little bunch of sweetgrass which he had found in a ramble over the sand dunes.
1287|I favor the smell of sweet grass. It always makes me think of my mother.
1289|The schoolmaster's bride always kept it among her handkerchiefs. You might put that little bunch among yours, Mistress Blythe."
129|What time of day is the ceremony to be? We have decided on noon—high noon, as the society reporters say. That will give us time to catch the evening train to Glen St. Mary.
1290|I don't like these botan scents, but a whiff of sweet grass belongs anywhere a lady does.
1295|It always amazes me to look at the little wrinkled brown seeds and think of the rainbows in them," said Captain Jim.
1297|Anne, who was counting her days like silver beads on a rosary, could not now take the long walk to the lighthouse or up the Glen Road.
1299|Oh, I do love to set her going, Mistress Blythe," chuckled the unrepentant sinner. It's the greatest amusement I have in life. That tongue of hers would blister a stone. And you and that young dog of a doctor enjoy listening to her as much as I do.
130|And you'll be married in the parlor? No, not unless it rains. We mean to be married in the orchard, with the blue sky over us and the sunshine around us.
1301|The bell of the church across the harbor was ringing dreamily sweet. The mellow chime drifted through the dusk to mingle with the soft spring moan of the sea.
1302|Captain Jim's Mayflowers added the last completing touch to the charm of the night.
1303|I haven't seen any this spring and I've missed them," said Anne, burying her face in them.
1304|They ain't to be found around four winds, only in the barrens away behind the glen up yonder.
1305|I took a little trip today to the land of nothing to do, and hunted these up for you. I reckon they're the last you'll see this spring, for they're nearly done."
1306|How kind and thoughtful you are, Captain Jim. Nobody else, not even Gilbert, with a shake of her head at him, remembered that I always longed for Mayflowers in the spring.
1307|Well, I had another errand, too. I wanted to take Mr. Howard back yonder a mess of trout. He likes one occasional, and it's all I can do for a kindness he did me once.
1308|I stayed all the afternoon and talked to him. He likes to talk to me, though he's a highly educated man and I'm only an ignorant old sailor, because he's one of the folks that's got to talk, or they're miserable, and he finds listeners scarce round here.
1309|The Glen folks might shy of him because they think he's an infidel.
1310|He ain't that far gone exactly. Few men is, I reckon. But he's what you might call a heretic.
1311|Heretics are wicked, but they're mighty interesting. It's just that they've got sort of loss looking for God, being under the impression that he's hard to find, which he ain't never.
1312|Most of them blundered to him after a while, I guess. I don't think listening to Mr. Howard's arguments is likely to do me much harm. Mind you, I believe what I was brought up to believe. It saves a vast bother. And back of it all, God is good.
1313|The trouble with Mr. Howard is that he's a little too clever.
1314|He thinks that he's bound to live up to his cleverness, and that it's smarter to thrash out some new way of getting to heaven than to go by the old track the common ignorant folks is travelling in.
1315|But he'll get there sometime alright, and then he'll laugh at himself.
1316|Mr. Howard was a Methodist to begin with," said Miss Cornelia, as if she thought he had not far to go from that to heresy.
1317|I do know Cornelia," said Captain Jim gravely. I've often thought that if I wasn't a Presbyterian I'd be a Methodist.
1318|Oh, well, conceded Miss Cornelia, if you weren't a Presbyterian it wouldn't matter much what you were.
1319|Speaking of heresy reminds me, Doctor, I brought back that book you lent me, that Natural Law in the Spiritual World. I didn't read more than a word of it. I can read sense and I can read nonsense, but that book is neither the one nor the other.
132|Marilla sniffed scornfully, and Mrs. Lynde looked shocked.
1320|It is considered rather heretical in some quarters," admitted Gilbert. But I told you that before you took it, Miss Cornelia.
1321|Oh, I wouldn't have minded its being heretical. I can stand wickedness, but I can't stand foolishness," said Miss Cornelia calmly, and with the air of having said the last thing there was to say about natural law.
1322|Speaking of books, a mad love come to an end at last two weeks ago," remarked Captain Jim musingly. It run to one hundred and three chapters. When they got married the book stopped right off, so I reckoned their troubles were all over.
1323|It's real nice that that's the way in books anyhow, isn't it, even if it isn't so anywhere else?
1324|I never read novels," said Miss Cornelia. Did you hear how Geordie Russell was today, Captain Jim?
1325|Yes, I called in on my way home to see him. He's getting around all right, but Stewen in a brotha trouble as usual, poor man."
1326|Of course he brews out most of it for himself, but I reckon that don't make it any easier to bear.
1327|He's an awful pessimist. Well, no, he ain't a pessimist exactly, Cornelia. He only just never finds anything that suits him.
1328|And isn't that a pessimist? No, no. A pessimist is one who never expects to find anything to suit him. Geordie ain't got that far yet.
1329|You'd find something good to say of the devil himself, Jim Boyd.
133|But that would be terrible queer, Anne. Why, it wouldn't really seem legal. And what would Mrs. Harmon Andrews say?
1330|While you've heard the story of the old lady who said he was persevering.
1331|But no, Cornelia. I've nothing good to say of the devil.
1332|Do you believe in him at all?" asked Miss Cornelia seriously.
1333|How can you ask that when you know what a good Presbyterian I am, Cornelia? How could a Presbyterian get along without a devil?
1334|Do you? persisted Miss Cornelia
1335|Captain Jim suddenly became grave.
1336|I believe in what I heard a minister once call a mighty and malignant and intelligent power of evil working in the universe," he said solemnly. I do that, Cornelia.
1337|You can call it the devil, or the principle of evil, or the old scratch, or any name you like. It's there. And all the infidels and heretics in the world can't argue it away, any more than they can argue God away. It's there, and it's working.
1338|But mind you, Cornelia, I believe it's going to get the worst of it in the long run."
1339|I am sure I hope so," said Miss Cornelia, none too hopefully. But speaking of the devil, I am positive that Billy Booth is possessed by him now. Have you heard of Billy's latest performance?" No. What was that?
134|Ah, there's the rub," sighed Anne. There are so many things in life we cannot do because of the fear of what Mrs. Harmon Andrews would say.
1340|He's gone and burned up his wife's new brown broad-cloth suit that she paid twenty-five dollars for in Charlottetown, because he declares the men looked too admiring at her when she wore it to church the first time. Wasn't that like a man?
1341|Mistress Booth is mighty pretty, and brown's her color," said Captain Jim reflectively.
1342|Is that any good reason why he should poke her new suit into the kitchen stove?
1343|Billy Booth is a jealous fool, and he makes his wife's life miserable. She's cried all the week about her suit. Oh, Anne, I wish I could write like you, believe me, wouldn't I score some of the men around here?"
1344|Those booths are all a-might queer," said Captain Jim.
1345|Billy seemed the sanest of a lot till he got married, and then this queer jealous streak cropped out in him.
1347|Their father, old Abram Booth, was a disgusting old sot. He was drunk at his wife's funeral and kept reeling round and hiccuping, I didn't drink much, but I feel awfully queer.
1348|I gave him a good jab in the back with my umbrella when he came near me, and it sobered him up until they got the casket out of the house.
1349|Young Jolly Booth was to have been married yesterday, but he couldn't be because he's gone and got the mumps. Wasn't that like a man?
135|It is true, tis pity, and pity tis, tis true.
1351|Come, come, Cornelia, don't you think you're a mite unreasonable?
1352|Miss Cornelia disdained to reply, and turned instead to Susan Baker, a grim-faced, kind-hearted elderly spinster of the Glen, who had been installed as a maid of all work at the little house for some weeks.
1353|Susan had been up to the Glen to make a sick call, and had just returned.
1354|How is poor old Aunt Mandy to-night?" asked Miss Cornelia. Susan sighed. Very poorly, very poorly, Cornelia. I am afraid she will soon be in heaven, poor thing.
1355|Oh, surely it's not so bad as that!" exclaimed Miss Cornelia sympathetically.
1356|Captain Jim and Gilbert looked at each other. Then they suddenly rose and went out.
1357|There are times," said Captain Jim between spasms, when it would be a sin not to laugh. Them too, excellent women.
1358|End of chapter 18
1359|CHAPTER XIX
136|What delightful things we might do, were it not for Mrs. Harmon Andrews.
1360|Chapter 19, Dawn and Dusk.
1363|One evening, when the sky's limpid bowl was filled with a red glory, and the robins were thrilling the golden twilight with jubilant hymns to the stars of evening, there was a sudden commotion in the little house of dreams.
1364|Telephone messages were sent up to the Glen, Dr. Dave and a white-capped nurse came hastily down.
1365|Marilla paced the garden walks between the cohog shells, murmuring prayers between her set lips. And Susan sat in the kitchen with cotton wool in her ears and her apron over her head.
1366|Leslie, looking out from the house up the brook, saw that every window of the little house was alight, and did not sleep that night.
1367|The June night was short, but it seemed an eternity to those who waited and watched.
1368|Oh, will it never end, said Marilla.
1369|Then she saw how grave the nurse and Dr. Dave looked, and she dared ask no more questions. Suppose Anne...
137|by times, Anne, I don't feel quite sure that I understand you altogether," complained Mrs. Linde.
1370|But Marilla could not suppose it. "Do not tell me," said Susan fiercely, answering the anguish in Marilla's eyes, that God could be so cruel as to take that darling lamb for us when we all love her so much."
1371|He has taken others as well, beloved," said Marilla hoarsely.
1372|But at dawn, when the rising sun rent apart the mists hanging over the sandbar and made rainbows of them, joy came to the little house. Anne was safe.
1373|and a wee white lady with her mother's big eyes was lying beside her.
1374|Gilbert, his face gray and haggard from his night's agony, came down to tell Marilla and Susan.
1375|Thank God, shuddered Marilla. Susan got up and took the cotton wool out of her ears.
1376|Now for breakfast," she said briskly. I am of the opinion that we will all be glad of a bite and sup. You tell young Mrs. Doctor not to worry about a single thing. Susan is at the helm. You tell her just to think of her baby.
1377|Gilbert smiled rather sadly as he went away.
1378|Anne, her pale face blanched with its baptism of pain, her eyes aglow with the holy passion of motherhood, did not need to be told to think of her baby. She thought of nothing else.
1379|For a few hours she tasted of happiness so rare and exquisite that she wondered if the angels in heaven did not envy her.
138|and was always romantic, you know," said Marilla apologetically.
1380|Little Joyce," she murmured, when Marilla came in to see the baby.
1381|We planned to call her that if she were a girlie. There were so many we would have liked to name her for, we couldn't choose between them. So we decided on Joyce. We can call her Joy for short.
1382|Joy, it suits so well. Oh, Marilla, I thought I was happy before. Now I know that I just dreamed a pleasant dream of happiness. This is the reality.
1383|You mustn't talk, Anne. Wait till you're stronger," said Marilla warningly.
1384|You know how hard it is for me not to talk," smiled Anne.
1385|At first she was too weak and too happy to notice that Gilbert and the nurse looked grave and Marilla sorrowful.
1386|And then, as subtly and coldly and remorselessly as a sea-fog stealing landward, fear crept into her heart.
1387|Why was not Gilbert gladder? Why would he not talk about the baby?
1388|Why would they not let her have it with her after that first heavenly happy hour? Was—
1389|Was there anything wrong?" Gilbert whispered an imploringly. "The baby is all right, isn't she? Tell me."
139|Well, married life will most likely cure her of that. Mrs. Rachel responded comfortingly.
1390|Tell me." Gilbert was a long while in turning round. Then he bent over Anne and looked in her eyes.
1391|Marilla, listening fearfully outside the door, heard a pitiful, heartbroken moan and fled to the kitchen where Susan was weeping.
1392|Oh, the poor lamb, the poor lamb! How can she bear it, Miss Cuthbert? I'm afraid it will kill her. She has been that built up and happy, longing for that baby and planning for it. Cannot anything be done know-how, Miss Cuthbert?
1393|I'm afraid not, Susan. Gilbert says there is no hope. He knew from the first the little thing couldn't live.
1394|And it is such a sweet baby," sobbed Susan. I never saw one so white. They're mostly red or yellow. And it opened its big eyes as if it was months old. The little, little thing. Oh, the poor young Mrs. Doctor!
1395|At sunset the little soul that had come with the dawning went away, leaving heartbreak behind it.
1396|Miss Cornelia took the wee white lady from the kindly but stranger hands of the nurse, and dressed the tiny waxen form in the beautiful dress Leslie had made for it.
1397|Leslie had asked her to do that. Then she took it back and laid it beside the poor, broken, tear-blinded little mother.
1398|The Lord has given and the Lord has taken away, dearie," she said through her own tears. Blessed be the name of the Lord!
1399|Then she went away, leaving Anne and Gilbert alone together with their dead.
140|Anne laughed and slipped away to Lover's Lane where Gilbert found her, and neither of them seemed to entertain much fear or hope that their married life would cure them of romance.
1400|The next day the small white joy was laid in a velvet casket which Leslie had lined with apple blossoms and taken to the graveyard of the church across the harbor.
1401|Miss Cornelia and Marilla put all the little love-made garments away, together with the ruffled basket which had been befrilled and belaced for dimpled limbs and downy head.
1402|Little Joy was never to sleep there. She had found a colder, narrower bed.
1403|This has been an awful disappointment to me," sighed Miss Cornelia. I've looked forward to this baby, and I did want it to be a girl, too.
1404|I can only be thankful that Anne's life was spared," said Marilla with a shiver, recalling those hours of darkness when the girl she loved was passing through the valley of the shadow.
1405|Poor, poor lamb! Her heart is broken," said Susan.
1406|I envy Anne," said Leslie suddenly and fiercely.
1407|And I'd envy her even if she had died. She was a mother for one beautiful day. I'd gladly give my life for that.
1408|I wouldn't talk like that, Leslie, dearie," said Miss Cornelia deprecatingly.
1409|She was afraid that the dignified Miss Cuthbert would think Leslie quite terrible.
141|The Echo Lodge people came over the next week, and Green Gables buzzed with the delight of them. Miss Lavender had changed so little that the three years since her last island visit might have been a watch in the night. But Anne gasped with amazement over Paul.
1411|Kindly callers heard her, too, with the well-meant platitudes with which they strove to cover the nakedness of bereavement. A letter from Phil Blake was an added sting.
1412|Phil had heard of the baby's birth, but not of its death, and she wrote Anne a congratulatory letter of sweet mirth which hurt her horribly.
1413|I would have laughed over it so happily if I had my baby," she sobbed to Marilla. But when I haven't it just seems like wanton cruelty, though I know Phil wouldn't hurt me for the world.
1414|Oh, Marilla, I don't see how I can ever be happy again. Everything will hurt me all the rest of my life.
1415|Time will help you," said Marilla, who was wracked with sympathy but could never learn to express it in other than age-worn formulas.
1417|It was God's will, Anne," said Marilla, helpless before the riddle of the universe, the why of undeserved pain.
1418|and little joy is better off." "I can't believe that!" cried Am bitterly."
142|Could this splendid six feet of manhood be the little Paul of Avonlea school days?
1420|And how do you know that it was God's will? Perhaps it was just a thwarting of his purpose by the power of evil. We can't be expected to be resigned to that.
1421|Oh, Anne, don't talk so," said Marilla, genuinely alarmed, lest Anne were drifting into deep and dangerous waters.
1422|We can't understand, but we must have faith, we must believe that all is for the best.
1423|I know you find it hard to think so just now. But try to be brave, for Gilbert's sake. He's so worried about you. You aren't getting strong as fast as you should.
1424|Oh, I know I've been very selfish, side-ann.
1425|I love Gilbert more than ever, and I want to live for his sake.
1426|But it seems as if part of me was buried over there in that little harbor graveyard.
1427|and it hurts so much that I'm afraid of life.
1428|It won't hurt so much always, Anne.
1429|The thought that it may stop hurting sometimes hurts me worse than all else, Marilla.
143|You really make me feel old, Paul," said Anne. Why, I have to look up to you now.
1430|Yes, I know. I've felt that too about other things.
1431|But we all love you, Anne. Captain Jim has been up every day to ask for you, and Mrs. Moore haunts the place, and Miss Bryant spends most of her time, I think, cooking up nice things for you.
1432|Susan doesn't like it very well. She thinks she can cook as well as Miss Bryant.
1433|Dear Susan, oh, everybody has been so dear and good and lovely to me, Marilla.
1434|I'm not ungrateful. And perhaps, when this horrible ache grows a little less, I'll find that I can go on living.
1435|End of chapter 19.
1436|Chapter 20 of Anne's House of Dreams by Lucy Maude Montgomery
1437|This LibriVox recording is in the public domain.
1438|CHAPTER 20 LOST MARGARET
1439|Anne found that she could go on living. The day came when she even smiled again over one of Miss Cornelia's speeches. But there was something in the smile that had never been in Anne's smile before, and would never be absent from it again.
1441|I'm real proud to see you here again, Mr. Splythe," said Captain Jim. Sit down, sit down.
1442|I'm afeard it's mighty dusty here today, but there's no need of looking at dust when you can look at such scenery, is there?
1443|I don't mind the dust," said Anne, but Gilbert says I must keep in the open air. I think I'll go and sit on the rocks down there."
1444|Would you like company or would you rather be alone?
1445|If by company you mean yours, I'd much rather have it than be alone," said Anne, smiling. Then she sighed. She had never before minded being alone. Now she dreaded it. When she was alone now she felt so dreadfully alone.
1446|Here's a nice little spot where the wind can't get at you," said Captain Jim when they reached the rocks. I often sit here. It's a great place to just sit and dream.
1447|Oh, dreams, sighed Anne. I can't dream now, Captain Jim. I'm done with dreams.
1448|Oh, no, you're not, Mistress Blythe. Oh, no, you're not," said Captain Jim meditatively.
145|I want to show you something. The Something was a pocketbook full of poems. Paul had put some of his beautiful fancies into verse, and magazine editors had not been as unappreciative as they are sometimes supposed to be.
1450|And that's a dream that's bound to come true, Mistress Blythe. You'll see your little Joyce again someday.
1451|But she won't be my baby," said Am with trembling lips.
1452|Oh, she may be, as Longfellow says, a fair maiden clothed with celestial grace, but she'll be a stranger to me.
1453|God will manage better than that, I believe," said Captain Jim.
1454|They were both silent for a little while. Then Captain Jim said very softly,
1455|Mistress Blythe, may I tell you about lost Margaret?
1456|Of course," said Anne gently. She did not know who lost Margaret was, but she felt that she was going to hear the romance of Captain Jim's life.
1457|I've often wanted to tell you about her. Captain Jim went on.
1458|Do you know why, Mistress Blythe? It's because I want somebody to remember and think of her sometimes after I'm gone.
1459|I can't bear that her name should be forgotten by all living souls, and now nobody remembers lost Margaret but me.
146|Anne read Paul's poems with real delight. They were full of charm and promise. You'll be famous yet, Paul. I always dreamed of having one famous pupil. He was to be a college president. But a great poet would be even better.
1461|But to Captain Jim those 50 years were but as yesterday when it is past.
1462|I walked the shore for months after that," he said sadly, looking to find her dear sweet little body.
1463|But the sea never give her back to me. But I'll find her sometime, Mistress Blythe.
1464|I'll find her sometime. She's waiting for me.
1465|I wish I could tell you just how she looked, but I can't.
1466|I've seen a fine silvery mist hanging over the bar at sunrise, it seemed like her.
1467|And then again I've seen a white birch in the woods back yonder that made me think of her.
1468|She had pale brown hair, and a little white sweet face, and long slender fingers like yours, Mistress Blythe, only browner, for she was a shore girl.
1469|Sometimes I wake up in the night and hear the sea calling to me in the old way, and it seems as if lost Margaret called in it.
147|But some day I'll be able to boast that I whipped the distinguished Paul Irving.
1470|And when there's a storm and the waves are sobbing and moaning, I hear her lamenting among them.
1471|And when they laugh on a gay day, it's her laugh. Lost Margaret's sweet, roguish little laugh.
1472|The sea took her from me. But some day I'll find her, Mistress Blythe. It can't keep us apart forever.
1473|I am glad you have told me about her," said Anne.
1474|I've often wondered why you had lived all your life alone.
1475|I couldn't ever care for anyone else. Lost Margaret took my heart with her, out there," said the old lover, who had been faithful for fifty years to his drowned sweetheart.
1476|You won't mind if I talk a good deal about her, will you, Mistress Blythe?
1478|End of chapter 20
1479|CHAPTER XXI
148|But then I never did whip you, did I, Paul? What an opportunity lost! I think I kept you in at recess, however."
1480|The barrier swept away. "Anne," said Leslie, breaking abruptly a short silence, "you don't know how good it is to be sitting here with you again, working and talking and being silent together.""
1482|There was one music of the wind in the firs behind the house, and another of the waves on the bar, and still another from the distant bell of the church near which the wee white lady slept.
1483|Anne loved that bell, though it brought sorrowful thoughts now.
1484|She looked curiously at Leslie, who had thrown down her sewing and spoken with a lack of restraint that was very unusual with her.
1486|Leslie, Leslie, I never allow anyone to call my friends names.
1487|It's true. That's exactly what I am. A hateful little beast.
1488|There's something I've got to tell you, Anne. I suppose it will make you despise me, but I must confess it.
1489|Anne, there have been times this past winter and spring when I've hated you.
149|You may be famous yourself, teacher. I've seen a good deal of your work these last three years.
1490|I knew it," said Anne calmly. You knew it? Yes, I saw it in your eyes.
1491|And yet you went on liking me and being my friend.
1492|Well it was only now and then you hated me, Leslie. Between times you loved me, I think.
1493|I certainly did. But that other horrid feeling was always there, spoiling it back in my heart.
1494|I kept it down. Sometimes I forgot it. But sometimes it would surge up and take possession of me.
1495|I hated you because I envied you. Oh, I was sick with envy of you at times. You had a dear little home and love and happiness and glad dreams, everything I wanted and never had, and never could have.
1496|Oh, never could have! That was what stung.
1497|I wouldn't have envied you if I'd had any hope that life would ever be different for me.
1498|But I hadn't. I hadn't and it didn't seem fair. It made me rebellious and it hurt me.
1499|And so I hated you at times. Oh, I was so ashamed of it. I'm dying of shame now. But I couldn't conquer it.
150|No, I know what I can do. I can write pretty, fanciful little sketches that children love and editors send welcome checks for. But I can do nothing big. My only chance for earthly immortality is a corner in your memoirs.
1500|That night, when I was afraid you mightn't live, I thought I was going to be punished for my wickedness. And I loved you so then.
1501|Anne, Anne, I never had anything to love since my mother died, except Dick's old dog, and it's so dreadful to have nothing to love. Life is so empty, and there's nothing worse than emptiness.
1502|and I might have loved you so much, and that horrible thing had spoiled it.
1503|Leslie was trembling and growing almost incoherent with the violence of her emotion.
1504|Don't, Leslie," implored Anne. Oh, don't. I understand. Don't talk of it anymore. I must. I must.
1505|When I knew you were going to live, I vowed that I would tell you as soon as you were well, that I wouldn't go on accepting your friendship and companionship without telling you how unworthy I was of it.
1506|And I've been so afraid it would turn you against me.
1507|You needn't fear that, Leslie. Oh, I'm so glad. So glad, Anne.
1508|Leslie clasped her brown work hardened hands tightly together to still their shaking.
1509|But I want to tell you everything now I've begun.
151|Carlotta the Fourth had discarded the blue bows, but her freckles were not noticeably less. "I never did think I'd come down to marrying a Yankee, Miss Shirley, ma'am," she said. "But you never know what's before you. And it isn't his fault. He was born that way."
1510|You don't remember the first time I saw you, I suppose. It wasn't that night on the shore.
1511|No. It was the night Gilbert and I came home. You were driving your geese down the hill. I should think I do remember it. I thought you were so beautiful. I longed for weeks after to find out who you were."
1512|I knew who you were, although I had never seen either of you before.
1513|I had heard of the new doctor and his bride who were coming to live in Miss Russell's little house.
1514|I... I hated you that very moment, Anne.
1515|I felt the resentment in your eyes, then I doubted. I thought I must be mistaken, because why should it be?
1516|It was because you looked so happy. Oh, you'll agree with me now that I am a hateful beast, to hate another woman just because she was happy, and when her happiness didn't take anything from me.
1518|And yet in another way I wanted to go over. I felt that if I were not so miserable I could have liked you and found in you what I've never had in my life—an intimate, real friend of my own age.
1519|And then you remember that night at the shore. You were afraid I would think you crazy. You must have thought I was.
152|You're a Yankee yourself, Carlotta, since you've married one. Miss Shirley, ma'am, I'm not. And I wouldn't be if I was to marry a dozen Yankees.
1520|No, but I couldn't understand you Leslie. One moment you drew me to you, the next you pushed me back.
1521|I was very unhappy that evening. I'd had a hard day. Dick had been very, very hard to manage that day.
1522|Generally he's quite good natured and easily controlled you know Anne.
1523|But some days he is very different. I was so heartsick I ran away to the shore as soon as he went to sleep.
1525|The one feeling swayed me one moment, the other feeling the next.
1526|When I got home that night I cried for shame of what you must think of me.
1527|But it's always been just the same when I came over here. Sometimes I'd be happy and enjoy my visit, and at other times that hideous feeling would mar it all.
1528|There were times when everything about you and your house hurt me. You had so many dear little things I couldn't have.
1529|And you know, it's ridiculous, but I had an especial spite at those china dogs of yours.
153|Tom's kind of nice. And besides, I thought I'd better not be too hard to please, for I mightn't get another chance. Tom don't drink, and he don't growl because he has to work between meals, and when all said and done I'm satisfied, Miss Shirley-ma'am.
1530|There were times when I wanted to catch up Gog and Mae, Gog and Bang their perp black noses together.
1531|Oh, you smile, Anne, but it was never funny to me.
1533|Oh, Anne, I don't believe I'm jealous and envious by nature.
1534|When I was a girl I lacked many things my schoolmates had, but I never cared. I never disliked them for it. But I seemed to have grown so hateful.
1535|Leslie dearest, stop blaming yourself. You are not hateful or jealous or envious. The life you have to live has warped you a little, perhaps, but it would have ruined a nature less fine and noble than yours.
1536|I'm letting you tell me all this because I believe it's better for you to talk it out and rid your soul of it. But don't blame yourself anymore.
1537|Well, I won't. I just wanted you to know me as I am.
1538|That time you told me of your darling hope for the spring was the worst of all Anne.
1539|I shall never forgive myself for the way I behaved then.
1540|I repented it with tears, and I did put many a tender and loving thought of you into the little dress I made.
1541|but I might have known that anything I made could only be a shroud in the end.
1542|Now Leslie, that is bitter and morbid. Put such thoughts away.
1543|I was so glad when you brought the little dress. And since I had to lose little Joyce, I like to think that the dress she wore was the one you made for her when you let yourself love me.
1544|Anne, do you know, I believe I shall always love you after this.
1545|I don't think I'll ever feel that dreadful way about you again.
1546|Talking it all out seems to have done away with it somehow.
1547|It's very strange, and I thought it so real and bitter.
1548|It's like opening the door of a dark room to show some hideous creature you've believed to be there. And when the light streams in, your monster turns out to have been just a shadow, vanishing when the light comes.
1549|It will never come between us again. No.
155|And so you're going to be married yourself, Miss Shirley, ma'am. I always thought I'd like to marry a doctor. It would be so handy when the children had measles and croups.
1550|We are real friends now, Leslie, and I'm very glad.
1551|I hope you won't misunderstand me if I say something else.
1552|Anne, I was grieved to the core of my heart when you lost your baby, and if I could have saved her for you by cutting off one of my hands I would have done it.
1553|But your sorrow has brought us closer together. Your perfect happiness isn't a barrier any longer.
1554|Oh, don't misunderstand, dearest. I'm not glad that your happiness isn't perfect any longer. I can say that sincerely. But since it isn't, there isn't such a gulf between us.
1556|Leslie shook her head. No, she said dully. There isn't any hope.
1557|Dick will never be better. And even if his memory were to come back—oh, and it would be worse, even worse than it is now.
1558|It is something you can't understand, you happy bride.
1559|Anne, did Miss Cornelia ever tell you how I came to marry Dick?
156|Tom is only a bricklayer, but he's real good temper.
1560|Yes. I'm glad. I wanted you to know but I couldn't bring myself to talk of it if you hadn't known.
1561|And it seems to me that ever since I was twelve years old life has been bitter. Before that I had a happy childhood.
1563|Miss Cornelia says you are far more beautiful. She's mistaken or prejudiced.
1564|I think my figure is better. Mother was slight and bent by hard work. But she had the face of an angel. I used to just look up at her and worship. We all worshipped her. Father and Kenneth and I.
1565|Anne remembered that Miss Cornelia had given her a very different impression of Leslie's mother, but had not loved the tour vision.
1566|Still it was selfish of Rose West to make her daughter marry Dick Moore.
1567|Kenneth was my brother, went on Leslie. Oh, I can't tell you how I loved him. And he was cruelly killed. Do you know how?
1568|Yes. And I saw his little face as the wheel went over him. He fell on his back. And—
1569|And I can see it now. I shall always see it.
157|When I said to him, says I, Tom, can I go to Miss Shirley's wedding? I mean to go anyhow, but I'd like to have your consent. He just says, Suit yourself, Carlotta, and you'll suit me.
1570|And all I ask of heaven is that that recollection shall be blotted out of my memory.
1571|Oh, my God! Leslie, don't speak of it. I know the story. Don't go into details that only harrow your soul up unavailingly. It will be plotted out.
1572|After a moment's struggle, Leslie regained a measure of self-control.
1573|Then my father's health got worse and he grew despondent. His mind became unbalanced. You've heard all that, too.
1574|Yes. After that I just had mother to live for. But I was very ambitious.
1575|I meant to teach and earn my way through college. I meant to climb to the very top. Oh, I won't talk of that either. It's no use. You know what happened.
1576|I couldn't see my dear little heartbroken mother who had been such a slave all her life, turned out of her home.
1577|Of course I could have earned enough for us to live on, but Mother couldn't leave her home. She had come there as a bride, and she had loved my father so.
1578|and all her memories were there. Even yet, Anne, when I think that I made her last year happy, I'm not sorry for what I did.
158|That's a real pleasant kind of husband to have, Miss Shirley, ma'am.
1580|Afterwards, I did hate him, but Mother never knew.
1581|She died. And then I was alone.
1582|I was only seventeen and I was alone. Dick had gone off in the Four Sisters. I hoped he wouldn't be home very much more. The sea had always been in his blood. I had no other hope.
1583|Well, Captain Jim brought him home as you know.
1584|And that's all there is to say. You know me now, Anne. The worst of me. The barriers are all down.
1585|And you still want to be my friend?" Anne looked up through the birches at the white paper lantern of a half moon drifting downwards to the Gulf of Sunset.
1586|Her face was very sweet. I am your friend, and you are mine for always, she said.
1587|such a friend as I never had before. I have had many dear and beloved friends, but there is a something in you, Leslie, that I never found in anyone else."
1588|You have more to offer me in that rich nature of yours, and I have more to give you than I had in my careless girlhood.
1589|We are both women and friends forever.
159|Philippa and her Reverend Joe arrived at Green Gables the day before the wedding.
1590|They clasped hands and smiled at each other through the tears that filled the gray eyes and the blue.
1591|End of chapter 21
1592|CHAPTER XXII Miss Cornelia Ranges Matters
1593|Gilbert insisted that Susan should be kept on at the little house for the summer. Anne protested at first.
1594|Life here with just the two of us is so sweet, Gilbert. It spoils it a little to have anyone else. Susan is a dear soul, but she's an outsider. It won't hurt me to do the work here.
1595|You must take your doctor's advice," said Gilbert. There's an old proverb to the effect that shoemaker's wives go barefoot and doctor's wives die young. I don't mean that it shall be true in my household.
1596|You will keep suzing until the old spring comes back into your step, and those little hollows on your cheeks fill out.
1597|You just take it easy, Mrs. Dr. Dear," said Susan, coming abruptly in. Have a good time, and do not worry about the pantry. Susan is at the helm. There is no use in keeping a dog and doing your own barking. I am going to take your breakfast up to you every morning.
1598|Indeed you are not," laughed Anne. I agree with Miss Cornelia that it's a scandal for a woman who isn't sick to eat her breakfast in bed and almost justifies the men in any enormities.
160|Anne and Phil had a rapturous meeting, which presently simmered down to a cozy, confidential chat over all that had been and was about to be.
1600|Is it not funny nobody ever asked me to marry him, Mrs. Dr. Dear? I am no beauty, but I am as good-looking as most of the married women you see. But I never had a beau."
1601|What do you suppose is the reason?" It may be predestination, suggested Anne with unearthly solemnity.
1603|But maybe," added Susan, brightening up, I will have a chance to get married yet. I often and often think of the old verse my aunt used to repeat. There never was a goose so gray, but sometime soon or late some honest gander came her way and took her for his mate.
1604|A woman cannot ever be sure of not being married till she is buried, Mrs. Dr. Deer. And meanwhile I will make a batch of cherry pies. I notice the doctor favors them, and I do like cooking for a man who appreciates his vitals.
1605|Miss Cornelia dropped in that afternoon puffing a little.
1606|I don't mind the world or the devil much, but the flesh does rather bother me," she admitted. You always look as cool as a cucumber, Anne, dearie.
1607|Do I smell cherry pie? If I do ask me to stay to tea, haven't tasted a cherry pie this summer. My cherries have all been stolen by those scamps of Gilman Boys from the Glen.
1608|Now, now, Cornelia," remonstrated Captain Jim, who had been reading a sea novel in a corner of the living room.
1609|You shouldn't say that about those two poor motherless Gilman boys unless you've got certain proof.
1610|Just because their father ain't none too honest isn't any reason for calling them thieves. It's more likely it's been the Robins took your cherries. They're terrible thick this year.
1611|Robbins said miss Cornelia disdainfully hmm two-legged Robbins believe me
1612|Well, most of the Four Winds Robins are constructed on that principle," said Captain Jim gravely.
1613|Miss Cornelia stared at him for a moment. Then she leaned back in her rocker and laughed long and ungrudgingly. Well, you have got one on me at last, Jim Boyd, I'll admit. Just look how pleased he is and deary, grinning like a Chessycat.
1614|As for the robin's legs, if robins have great big bare sunburned legs with ragged trousers hanging on them, such as I saw up in my cherry tree one morning at sunrise last week, I'll beg the Gilman boys' pardon.
1615|By the time I got down they were gone. I couldn't understand how they had disappeared so quick, but Captain Jim has enlightened me. They flew away, of course.
1616|Captain Jim laughed and went away, regretfully declining an invitation to stay to supper and partake of cherry pie.
1617|I'm on my way to see Leslie and ask her if she'll take a border. Miss Cornelia resumed.
162|You know, Anne, you did treat Roy very badly.
1620|I don't know whether Leslie will want to be bothered with him either, but there's no one else. If she can't take him, he'll have to go over the harbor.
1621|But when you've seen her come back and help us eat our cherry pies," said Anne, bring Leslie and Dick, too, if they can come.
1622|And so you're going to Kingsport. What a nice time you will have. I must give you a letter to a friend of mine there, Mrs. Jonas Blake.
1623|I've prevailed on Mrs. Thomas Holt to go with me," said Miss Cornelia complacently. It's time she had a little holiday, believe me. She has just about worked herself to death.
1624|Tom Holt can crochet beautifully, but he can't make a living for his family. He never seems to be able to get up early enough to do any work, but I notice he can always get up early enough to go fishing. Isn't that like a man?"
1627|Miss Cornelia returned satisfied from the house of the brook.
1628|Leslie's going to take him, she announced. She jumped at the chance. She wants to make a little money to shingle the roof of her house this fall, and she didn't know how she was going to manage it.
1629|I expect Captain Jim will be more than interested when he hears that a grandson of the Selwins is coming here.
163|He has recovered, I understand," smiled Anne. Oh, yes. He is married and his wife is a sweet little thing and they're perfectly happy. Everything works together for good. Joe and the Bible say that and they're pretty good authorities.
1630|Leslie said to tell you she hankered after cherry pie, but she couldn't come to tea because she has to go and hunt up her turkeys. They've strayed away.
1631|But she said if there was a piece left for you to put it in the pantry and she'd run over in the cat's light when Prowling's in order to get it.
1633|He's really working himself to death. So many of the over harbor people send for him now.
1634|They might better be content with their own doctor," said Miss Cornelia. Though to be sure I can't blame them, for he's a Methodist. Ever since Dr. Blythe brought Mrs. Allumby round, folks think he can raise the dead.
1636|And speaking of doctors, I wish Dr. Blythe had run over and seen that boil on Dick Moore's neck. It's getting past Leslie's skill. I'm sure I don't know what Dick Moore wants to start in having boils for, as if he wasn't enough trouble without that.
1637|Do you know? Dick has taken quite a fancy to me," said Anne. He follows me around like a dog and smiles like a pleased child when I notice him.
1638|Does it make you creepy? Not at all. I rather like Dick more. He seems so pitiful and appealing somehow.
1639|You wouldn't think him very appealing if you'd seen him on his cantankerous days, believe me. But I'm glad you don't mind him. It's all the nicer for Leslie. She'll have more to do when her border comes. I hope you'll be a decent creature. You'll probably like him. He's a writer."
164|Are Alec and Alonzo married yet? Alec is, but Alonzo isn't.
1640|I wonder why people so commonly suppose that if two individuals are both writers they must therefore be hugely congenial," said Anne rather scornfully. Nobody would expect two blacksmiths to be violently attracted toward each other merely because they were both blacksmiths.
1641|Nevertheless, she looked forward to the advent of Owen Ford with a pleasant sense of expectation. If he were young and likeable, he might prove a very pleasant addition to society in Four Winds.
1642|The latch-string of the little house was always out for the race of Joseph.
1643|End of chapter 22
1644|CHAPTER XXIII.
1645|Chapter 23 Owen Ford Comes
1646|One evening Miss Cornelia telephoned down to Anne.
1648|You'll see what he's like outside when I take him down. As for what he's like inside, only the Lord who made him knows that. I'm not going to say another word, for every receiver in the Glen is down.
1649|Miss Cornelia evidently can't find much fault with Mr. Ford's looks, or she would find it in spite of the receivers," said Anne. I conclude, therefore, Susan, that Mr. Ford is rather handsome than otherwise.
165|How those dear old days at Patty's place come back when I'm talking to you, Anne. What fun we had.
1650|Well, Mrs. Dr. dear, I do enjoy seeing a well-looking man," said Susan candidly. Had I not better get up a snack for him! There is a strawberry pie that would melt in your mouth.
1651|No, Leslie is expecting him and has his supper ready. Besides, I want that strawberry pie for my own poor man. He won't be home till late, so leave the pie and a glass of milk out for him, Susan.
1652|That I will, Mrs. Doctor, dear. Susan is at the helm. After all, it is better to give pie to your own man than to strangers, who may be only seeking to devour, and the doctor himself is as well-looking a man as you often come across.
1653|When Owen Ford came, Anne secretly admitted, as Miss Cornelia towed him in, that he was very well looking indeed. He was tall and broad-shouldered, with thick brown hair, finely cut nose and chin, large and brilliant dark-gray eyes.
1655|Anne had not noticed Owen Ford's ears, but she did see his teeth, as his lips parted over them in a frank and friendly smile.
1656|Unsmiling, his face was rather sad and absent in expression, not unlike the melancholy, inscrutable hero of Anne's own early dreams, but mirth and humor and charm lighted it up when he smiled.
1657|Certainly on the outside as Miss Cornelia said, Owen Ford was a very presentable fellow.
1658|You cannot realize how delighted I am to be here, Mrs. Blythe," he said, looking around him with eager, interested eyes.
166|Have you been to Patty's place lately? Oh, yes, I go often. Miss Patty and Miss Maria still sit by the fireplace and knit. And that reminds me, we've brought you a wedding gift from them, Anne. Guess what it is.
1660|I had thought that so old a house must have vanished years ago, or I should have come to see it before this.
1662|Now the thought links me with them. With your leave I must explore the whole place soon.
1664|But I think Mrs. Moore is expecting you. I'll show you our cross lot's road.
1665|Anne walked with him to the house up the brook, over a field that was as white as snow with daisies. A boatload of people were singing far across the harbor. The sound drifted over the water like faint unearthly music, windblown across a starlit sea.
1666|The big light flashed and beaconed. Owen Ford looked around him with satisfaction.
1667|And so this is Four Winds, he said. I wasn't prepared to find it quite so beautiful, in spite of all Mother's praises. What colors! What scenery! What charm!
1668|I shall get as strong as a horse in no time. And if inspiration comes from beauty, I should certainly be able to begin my great Canadian novel here.
1669|You haven't begun it yet?" asked Anne. A lackadain, no. I have never been able to get the right central idea for it. It lurks beyond me. It allures and beckons and recedes. I almost grasp it and it is gone.
167|I never could. How did they know I was going to be married? Oh, I told them. I was there last week and they were so interested. Two days ago Miss Patty wrote me a note asking me to call and then she asked if I would take her gift to you.
1671|Owen Ford laughed too. I dare say it is beyond me as well. All the same, I mean to have a try at it some day, if I can ever get the time.
1674|She wore a plain dress of cheap, cream-tinted cotton voile with the usual girdle of crimson.
1675|Leslie was never without her touch of crimson. She had told Anne that she never felt satisfied without a gleam of red somewhere about her, if it were only a flower.
1676|To Anne, it always seemed to symbolize Leslie's glowing, pent-up personality. Denied all expression save in that flaming glint.
1677|Leslie's dress was cut a little away at the neck and had short sleeves. Her arms gleamed like ivory-tinted marble. Every exquisite curve of her form was outlined in soft darkness against the light. Her hair shone in it like flame.
1678|Beyond her was a purple sky, flowering with stars over the harbor.
1679|Anne heard her companion give a gasp. Even in the dusk, she could see the amazement and admiration on his face.
168|What would you wish most from Patty's place Anne?
1680|Who is that beautiful creature?" he asked. "That is Mrs. Moore," said Anne. "She's very lovely, isn't she?"
1682|Even goddesses must live," said Anne. And Leslie isn't a goddess. She's just a very beautiful woman, as human as the rest of us.
1683|Did Miss Bryant tell you about Mr. Moore? Yes, he's mentally deficient or something of the sort, isn't he? But she said nothing about Mrs. Moore, and I supposed she'd be the usual hustling country housewife who takes in boarders to earn an honest penny.
1684|Well, that's just what Leslie is doing," said Anne crisply, and it isn't altogether pleasant for her, either. I hope you won't mind, Dick. If you do, please don't let Leslie see it. It would hurt her horribly. He's just a big baby, and sometimes a rather annoying one.
1685|Oh, I won't mind him. I don't suppose I'll be much in the house anyhow except for meals.
1686|But what a shame it all is. Her life must be a hard one.
1687|It is, but she doesn't like to be pitied.
1688|Leslie had gone back into the house and now met them at the front door. She greeted Owen Ford with cold civility and told him in a businesslike tone that his room and his supper were ready for him.
1689|Dick, with a pleased grin, shambled upstairs with the police, and Owen Ford was installed as an inmate of the old house among the willows.
169|You can't mean that Miss Patty has sent me her China dogs.
1690|End of chapter 23
1691|CHAPTER XXIV
1693|What is your idea?" he asked. I shan't tell you just yet, not till I see if I can bring the thing about.
1694|What sort of a chap is Ford? Oh, very nice, and quite good-looking.
1696|Owen came over the next evening with a note to Anne from Leslie.
1698|He is as nice as his ears, Mrs. Dr. Deer," said Susan when he had gone.
1699|He had told Susan that he had never tasted anything like her strawberry shortcake, and Susan's susceptible heart was his forever.
170|Go up, head. They're in my trunk this very moment. And I've a letter for you. Wait a moment and I'll get it.
1700|He has got away with him," she reflected as she cleared up the relics of the supper.
1701|It is real queer he is not married, for a man like that could have anybody for the asking.
1702|Well, maybe he is like me and has not met the right one yet.
1703|Susan really grew quite romantic in her musings as she washed the supper dishes.
1704|Two nights later, Anne took Owen Ford down to Four Winds Point to introduce him to Captain Jim.
1705|The clover fields along the harbor shore were whitening in the western wind, and Captain Jim had one of his finest sunsets on exhibition.
1706|He himself had just returned from a trip over the harbor.
1707|I had to go over and tell Henry Pollock he was dying. Everybody else was afraid to tell him, they expected he'd take on Terrible, for he's been dreadful determined to live, and been making no end of plans for the fall.
1708|His wife thought he ought to be told, and that I'd be the best one to break it to him that he couldn't get better. Henry and me are old cronies. We sailed in the gray gulf for years together.
1709|Well, I went over and sat down by Henry's bed, and I says to him, says I, just, right out, plain and simple, for if a thing's got to be told, it may as well be told first as last, says I, mate, I reckon you've got your sailing orders this time.
1710|I was sort of quaking inside, for it's an awful thing to have to tell a man who ain't any idea he's dying that he is.
1711|But lo and behold, Mistress Blythe, Henry looks up at me with those bright old black eyes of his and his wizened face and says, says he, "Tell me something I don't know, Jim Boyd, if you want to give me information." I've known that for a week."
1712|I was too astonished to speak, and Henry he chuckled. To see you coming in here, says he, with your face as solemn as a tombstone, and sitting down there with your hands clasped over your stomach, and passing me out a blue moldy old item of news like that.
1714|Well, there it was. They'd been so scared to tell him and he knew it all the time. Strange how nature looks out for us, ain't it, and lets us know what we should know when the time comes?
1715|Did I never tell you the yarn about Henry getting the fish-hook in his nose, Mistress Blythe?
1716|No. Well, him and me had a laugh over it today. It happened nigh on to thirty years ago.
1717|Him and me and several more was out mackerel fishing one day. It was a great day. Never saw such a school of mackerel in the Gulf.
1718|And in the general excitement, Henry got quite wild and contrived to stick a fish hook clean through one side of his nose.
1719|Well, there he was. There was Barb on one end and a big piece of lead on the other, so it couldn't be pulled out.
172|Just fancy those lovely old dogs sitting by the fireplace in my house of dreams," said Anne rapturously. I never expected anything so delightful.
1720|We wanted to take him ashore at once, but Henry was game. He said he'd be jiggered if he'd leave a school like that for anything short of lockjaw. Then he kept fishing away, hauling in hand over fist and groaning between times.
1722|Finally he declared he couldn't stand it, and I had no bowels of compassion. So we hitched up and I drove him to a doctor in Charlottetown, thirty-five miles—there weren't none nearer in them days—with that blessed hook still hanging from his nose.
1723|When we got there, old Dr. Crabb just took a file and filed that hook just the same as I tried to do, only he weren't in my particular about doing it easy.
1724|Captain Jim's visit to his old friend had revived many recollections, and he was now in the full tide of reminiscences.
1726|Well we sat out in the gulf in the broiling sun till noon, and not a bite did we get.
1727|When we went ashore, old father Chiniqui had to go, so he said in that polite way of his, "I'm very sorry I cannot go out with you this afternoon, Mr. McAllister, but I leave you my blessing. You will catch a thousand this afternoon.""
1728|Well, we did not catch a thousand, but we caught exactly nine hundred and ninety-nine, the biggest catch for a small boat in the whole North Shore that summer. Curious, wasn't it?
1729|Alexander McAllister, he says to Andrew Peters, Well, and what do you think of Father Chinookwe now? Well, growled Andrew, I think the old devil has got a blessing left yet. Laws how Henry did laugh over that to-day!
173|That evening, Green Gables hummed with preparations for the following day. But in the twilight, Anne slipped away.
1730|Do you know who Mr. Ford is, Captain Jim?" asked Anne, seeing that Captain Jim's fountain of reminiscence had run out for the present. I want you to guess.
1731|Captain Jim shook his head. I never was any hand at guessing, Mistress Blythe.
1732|And yet somehow when he come in I thought, Where have I seen them eyes before? For I have seen them.
1733|Think of a September morning many years ago," said Anne softly.
1734|Think of a ship sailing up the harbor, a ship long waited for and despaired of. Think of the day the Royal William came in and the first look you had at the schoolmaster's bride.
1735|Captain Jim sprang up. "There, Purse, is Selwyn's eyes!" he almost shouted. "You can't be her son. You must be her—' "Grandson, yes. I'm Alice Selwyn's son."
1736|Captain Jim swooped down on Owen Ford and shook his hand over again.
1738|No, she died when I was only a boy. Oh, it doesn't seem right that I should be living to hear that, side-captain Jim.
1739|But I'm heart-glad to see you. It's brought back my youth for a little while.
174|She had a little pilgrimage to make on this last day of her girlhood and she must make it alone.
1740|You don't know yet what a boon that is. Mistress Blythe here has the trick. She does it quite often for me.
1741|Captain Jim was still more excited when he discovered that Owen Ford was what he called a real writing man. He gazed at him as at a superior being.
1742|Captain Jim knew that Anne wrote, but he had never taken that fact very seriously. Captain Jim thought women were delightful creatures who ought to have the vote and everything else they wanted bless their hearts. But he did not believe they could write.
1743|Just look at a mad love, he would protest. A woman wrote that. And just look at it. One hundred and three chapters, when it could all have been told in ten.
1744|A writing woman never knows when to stop. That's the trouble.
1745|The pint of good writing is to know when to stop.
1746|Mr. Ford wants to hear some of your stories, Captain Jim," said Anne. Tell him the one about the captain who went crazy and imagined he was the flying Dutchman.
1747|This was Captain Jim's best story. It was a compound of horror and humor, and though Anne had heard it several times, she laughed as heartily and shivered as fearsomely over it as Mr. Ford did.
1749|These and many other tales, tragic or humorous or grotesque, did Captain Jim relate. The mystery of the sea, the fascination of far lands, the lure of adventure, the laughter of the world, his hearers felt and realized them all.
175|She went to Matthew's grave, in the little poplar-shaded Avonlea graveyard, and there kept a silent tryst with old memories and immortal loves.
1750|Owen Ford listened with his head on his hand and the first mate purring on his knee, his brilliant eyes fastened on Captain Jim's rugged eloquent face.
1751|Won't you let Mr. Ford see your life-book, Captain Jim?" asked Anne, when Captain Jim finally declared that yarn-spinning must end for the time.
1752|Oh, we don't want to be bothered with that," protested Captain Jim, who was secretly dying to show it.
1753|I should like nothing better than to see it, Captain Boyd," said Owen. "If it is half as wonderful as your tales, it will be worth seeing."
1754|With pretend reluctance Captain Jim dug his lifebook out of his old chest and handed it to Owen.
1756|I got out of the scrape by saying a codfish was dumb enough, but it wasn't an animal. But Joe didn't look satisfied, and I wasn't satisfied myself.
1757|You gotta be mighty careful what you tell them, little critters. They can see through you.
1758|While talking, Captain Jim watched Owen Ford from the corner of his eye as the latter examined the life-book. And presently observing that his guest was lost in its pages, he turned smilingly to his cupboard and proceeded to make a pot of tea.
1759|Owen Ford separated himself from the life-book with as much reluctance as a miser wrenches himself from his gold long enough to drink his tea and then return to it hungrily.
176|How glad Matthew would be tomorrow if he were here, she whispered.
1760|"Oh, you can take that thing home with you if you want," said Captain Jim, as if the thing were not his most treasured possession."
1761|I must go down and pull my boat up a bit on the skids. There's a wind coming. Did you notice the sky tonight?"
1762|Mackerel skies and mares' tails make tall ships carry short sails.
1763|Owen Ford accepted the offer of the life book gladly.
1764|On their way home, Anne told him the story of lost Margaret.
1765|That old captain is a wonderful old fellow," he said. What a life he has led! Why, the man has had more adventures in one week of his life than most of us have in a lifetime.
1766|Do you really think his tales are all true?" I certainly do. I'm sure Captain Jim could not tell a lie. And besides, all the people about here say that everything happened as he relates it.
1767|There used to be plenty of his old shipmates alive to corroborate him. He's one of the last of the old type of P.E. Island sea captains. They're almost extinct now.
1768|End of chapter 24
1769|CHAPTER XXV. THE WRITING OF THE BOOK
177|But I believe he does know and is glad of it somewhere else.
1770|Owen Ford came over to the little house the next morning in a state of great excitement.
1772|Will you go down to the point with me this evening, Mrs. Blythe? I'll ask him about that life-book myself, but I want you to tell him that you told me the story of Lost Margaret, and ask him if you will let me use it as a thread of romance with which to weave the stories of the life-book into a harmonious whole.
1773|Captain Jim was more excited than ever when Owen Ford told him of his plan. At last his cherished dream was to be realized and his life book given to the world. He was also pleased that the story of Lost Margaret should be woven into it.
1774|It will keep her name from being forgotten," he said wistfully.
1775|That's why I want it put in. We'll collaborate," cried Owen delightedly. You will give the soul and I the body. Oh, we'll write a famous book between us, Captain Jim, and we'll get right to work.
1776|and to think my book is to be written by the schoolmaster's grandson, exclaimed Captain Jim.
178|I've read somewhere that our dead are never dead until we have forgotten them.
1780|You must wait until it is published," he said. Then you'll get it all at once in its best shape.
1784|Ever since the day on which she had made her confession to Anne, Leslie had been a changed creature.
1786|When she could not be with them, all felt that some exquisite savor was lacking in their intercourse.
1789|Too good to last. Anne told herself with a little sigh on the September day when a certain nip in the wind and a certain shade of intense blue on the gulf water said that autumn was hard by.
179|But Matthew will never be dead to me, for I can never forget him.
1790|That evening Owen Ford told him that he had finished his book, and that his vacation must come to an end.
1791|I have a good deal to do to it yet. Revising and pruning and so forth," he said. But in the main it's done. I wrote the last sentence this morning. If I can find a publisher for it, it will probably be out next summer or fall.
1792|Owen had not much doubt that he would find a publisher. He knew that he had written a great book, a book that would score a wonderful success, a book that would live. He knew that it would bring him both fame and fortune.
1793|But when he had written the last line of it, he had bowed his head on the manuscript and so sat for a long time.
1794|and his thoughts were not of the good work he had done.
1795|End of chapter 25
1796|CHAPTER XXVI.
1797|CHAPTER 26 OWEN FORD'S CONFESSION
1799|She was sitting beside the garden brook on the little rustic seat Gilbert had built. Owen Ford stood before her, leaning against the bronze column of a yellow birch.
180|She left on his grave the flower she had brought, and walked slowly down the long hill. It was a gracious evening, full of delectable lights and shadows.
1800|He was very pale, and his face bore the marks of the preceding sleepless night.
1801|Anne, glancing up at him, wondered if, after all, his summer had brought him the strength it should. Had he worked too hard over his book? She remembered that for a week he had not been looking well.
1802|I'm rather glad the doctor is away," said Owen slowly.
1803|I wanted to see you alone, Mrs. Blythe. There is something I must tell somebody, or I think it will drive me mad.
1804|I've been trying for a week to look it in the face, and I can't.
1805|I know I can trust you, and besides, you will understand.
1806|A woman with eyes like yours always understands. You are one of the folks people instinctively tell things to.
1807|Mrs. Blythe, I love Leslie, love her.
1808|That seems too weak a word. His voice suddenly broke with the suppressed passion of his utterance. He turned his head away and hid his face on his arm. His whole form shook.
1809|Anne sat looking at him pale and aghast. She had never thought of this. And yet—
181|In the West was a sky of mackerel clouds, crimson and amber tinted, with long strips of apple green sky between them.
1810|How was it? She had never thought of it. It now seemed a natural and inevitable thing. She wondered at her own blindness.
1811|But things like this did not happen in Four Winds. Elsewhere in the world human passions might set at defiance human conventions and laws, but not here, surely.
1812|Leslie had kept summer borders off and on for 10 years, and nothing like this had happened.
1813|But perhaps they had not been like Owen Ford. And the vivid, living Leslie of this summer was not the cold, sullen girl of other years.
1814|Oh, somebody should have thought of this. Why hadn't Miss Cornelia thought of it? Miss Cornelia was always ready enough to sound the alarm where men were concerned.
1815|Anne felt an unreasonable resentment against Miss Cornelia.
1816|Then she gave a little inward groan. No matter who was to blame, the mischief was done.
1817|And Leslie? What of Leslie? It was for Leslie Anne felt most concerned.
1818|Does Leslie know this, Mr. Ford?" She asked quietly. No, no, unless she has guessed it.
1819|You surely don't think I'd be cat and scoundrel enough to tell her Mrs. Blythe?
182|Beyond was the glimmering radiance of a sunset sea, and the ceaseless voice of many waters came up from the tawny shore.
1820|I couldn't help loving her, that's all. And my misery is greater than I can bear.
1821|Does SHE care?" asked Anne. The moment the question crossed her lips she felt that she should not have asked it. Owen Ford answered it with over-eager protest. No, no, of course not.
1822|But I could make her care if she were free. I know I could.
1823|She does care, and he knows it," thought Anne.
1824|aloud she said sympathetically but decidedly.
1825|But she is not free, Mr. Ford. And the only thing you can do is to go away in silence and leave her to her own life." I know, I know," groaned Owen.
1826|He sat down on the grassy bank and stared moodily into the amber water beneath him.
1827|I know there's nothing to do. Nothing but to say conventionally, good-bye, Mrs. Moore, thank you for all your kindness to me this summer, just as I would have said it to the sansi, bustling, keen-eyed housewife I expected her to be when I came.
1828|Then I'll pay my board money like any honest boarder and go. Oh, it's very simple.
1829|No doubt, no perplexity, a straight road to the end of the world. And I'll walk it. You needn't fear that I won't, Mrs. Blind.
183|All around her, lying in the fine, beautiful country silence, were the hills and fields and woods she had known and loved so long.
1830|But it would be easier to walk over red-hot plowshares.
1831|Anne flinched with the pain of his voice, and there was so little she could say that would be adequate to the situation.
1832|Blame was out of the question. Advice was not needed. Sympathy was mocked by the man's stark agony.
1833|She could only feel with him in a maze of compassion and regret. Her heart ached for Leslie. Had not that poor girl suffered enough without this?
1834|It wouldn't be so hard to go and leave her if she were only happy," resumed Owen passionately.
1835|but to think of her living death, to realize what it is to which I do leave her, that is the worst of all.
1836|I would give my life to make her happy, and I can do nothing even to help her.
1837|She is bound forever to that poor wretch, with nothing to look forward to but growing old in a succession of empty, meaningless, barren years.
1838|It drives me mad to think of it. But I must go through my life, never seeing her, but always knowing what she is enduring. It's hideous—hideous!
1839|It is very hard," said Anne sorrowfully.
184|History repeats itself," said Gilbert, joining her as she passed the Blythe Gate.
1840|We, her friends here, all know how hard it is for her.
1841|And she's so richly fitted for life," said Owen rebelliously.
1842|Her beauty is the least of her dower, and she is the most beautiful woman I've ever known.
1843|that laugh of hers. I've angled all summer to evoke that laugh, just for the delight of hearing it. And her eyes! They are as deep and blue as the gulf out there.
1844|I never saw such blueness. And gold!
1845|Did you ever see her hair down, Mrs. Blythe? No.
1847|It fell all about her to her feet in a fountain of living gold.
1848|When she saw me she hurried in, and the wind caught her hair and swirled it all around her.
1849|Dene and her cloud. Somehow, just then the knowledge that I loved her came home to me.
185|Do you remember our first walk down this hill, Anne? Our first walk together anywhere for that matter?
1850|and realized that I had loved her from the moment I first saw her standing against the darkness in that glow of light.
1851|and she must live on here, petting and soothing Dick, pinching and saving for mere existence, while I spend my life longing vainly for her, and debarred by that very fact from even giving her the little help of friend-mind.
1852|I walked the shore last night, almost till dawn, and thrashed it all out over and over again.
1853|And yet in spite of everything, I can't find it in my heart to be sorry that I came to Four Winds.
1854|It seems to me that bad as everything is, it would be still worse never to have known Leslie.
1855|It's burning searing pain to love her and leave her.
1856|but not to a fluffter is unthinkable. I suppose all this sounds very crazy. All these terrible emotions always do sound foolish when we put them into our inadequate words.
1857|They're not meant to be spoken, only felt and endured.
1858|I shouldn't have spoken it, but it has helped—some.
1859|At least it has given me strength to go away respectably tomorrow morning without making a scene.
186|I was coming home in the twilight from Matthew's grave, and you came out of the gate, and I swallowed the pride of years and spoke to you.
1860|You'll write me now and then, won't you, Mrs. Blythe, and give me what news there is to give of her?
1861|Yes," said Anne. Oh, I'm so sorry you are going. We'll miss you so. We've all been such friends.
1862|If it were not for this you could come back other summers.
1863|Perhaps even yet, by and by when you've forgotten perhaps.
1864|I shall never forget. And I shall never come back to Four Winds," said Owen briefly.
1865|Silence and twilight fell over the garden. Far away the sea was lapping gently and monotonously on the bar.
1866|The wind of evening in the poplar sounded like some sad, weird old rune, some broken dream of old memories.
1867|A slender, shapely young aspen rose up before them, against the fine maze and emerald and paling rose of the western sky, which brought out every leaf and twig in dark, tremulous, elfin loveliness.
1868|Isn't that beautiful?" said Owen, pointing to it with the air of a man who puts a certain conversation behind him.
1869|It's so beautiful that it hurts me," said Anne softly.
187|And all heaven opened before me," supplemented Gilbert.
1870|Perfect things like that always did hurt me. I remember I called it the Queerache when I was a child.
1871|What is the reason that pain like this seems inseparable from perfection?
1872|Is it the pain of finality, when we realize that there can be nothing beyond but retrogression?
1873|Perhaps," said Owen dreamily, "it is the prisoned Infinite in us, calling out to its kindred Infinite, as expressed in that visible perfection."
1875|Miss Cornelia personated the comedy that ever peeps around the corner at the tragedy of life. Anne, whose nerves had been rather strained, laughed hysterically. And even Owen smiled.
1876|Certainly sentiment and passion had a way of shrinking out of sight in Miss Cornelia's presence.
1877|And yet to Anne nothing seemed quite as hopeless and dark and painful as it had seemed a few moments before.
1878|but sleep was far from her eyes that night.
1879|End of chapter 26
188|From that moment I looked forward to tomorrow. When I left you at your gate that night and walked home, I was the happiest boy in the world. Anne had forgiven me.
1880|CHAPTER XXVII.
1881|Chapter 27, On the Sandbar.
1882|Owen Ford left Four Winds the next morning. In the evening Anne went over to see Leslie, but found nobody.
1883|The house was locked, and there was no light in any window. It looked like a home left soulless. Leslie did not run over on the following day, which Anne thought a bad sign.
1884|Gilbert having occasion to go in the evening to the fishing-cove, Anne drove with him to the point, intending to stay a while with Captain Jim. But the great light, cutting its swathes through the fog of the autumn evening, was in care of Alec Boyd, and Captain Jim was away.
1885|What will you do?" asked Gilbert. Come with me."
1886|I don't want to go to the cove, but I'll go over the channel with you and roam about on the sand shore till you come back. The rock shore is too slippery and grim tonight.
189|I think you had the most to forgive. I was an ungrateful little wretch. And after you had really saved my life that day on the pond, too. How I loathed that load of obligation at first.
1890|Anne pleased herself with a hundred fancies as she wandered through the mist. It was delightful, romantic, mysterious to be roaming here alone on this enchanted shore.
1891|But was she alone? Something loomed in the mist before her, took shape and form, suddenly moved towards her across the wave-rippled sand.
1892|Leslie exclaimed down in amazement. What are you doing here tonight?
1893|If it comes to that, whatever are you doing here?" said Leslie, trying to laugh.
1894|The effort was a failure. She looked very pale and tired, but the love locks under her scarlet cap were curling about her face and eyes like little sparkling rings of gold.
1895|I'm waiting for Gilbert. He's over at the cove. I intended to stay at the light, but Captain Jim is away.
1896|Well, I came here because I wanted to walk, and walk, and walk," said Leslie restlessly. I couldn't on the rock shore, the tide was too high and the rocks prisoned me. I had to come here, or I should have gone mad, I think.
1897|I rode myself over the channel in Captain Jim's flat. I've been here for an hour. Come, come, let us walk. I can't stand still.
1898|Oh, Anne! Leslie, dearest, what is the trouble?" asked Anne, though she knew too well already.
1899|I can't tell you, don't ask me. I wouldn't mind your knowing, I wish you did know. But I can't tell you, I can't tell anyone.
190|I don't deserve the happiness that has come to me. Gilbert laughed and clasped tighter the girlish hand that wore his ring.
1900|I've been such a fool, Anne. And oh, it hurts so terribly to be a fool! There's nothing so painful in the world.
1901|She laughed bitterly and slipped her arm around her.
1902|Leslie, is it that you have learned to care for Mr. Ford?
1904|Leslie, don't look at me like that. Do you despise me? demanded Leslie in a fierce, low tone. Do you think I'm wicked, unwomanly?
1906|But oh, it's so, so shameful," murmured Leslie, to love him unsought and when I'm not free to love anybody.
1907|There's nothing shameful about it, but I'm very sorry that you have learned to care for Owen, because as things are, it will only make you more unhappy.
1908|I didn't learn to care, said Leslie, walking on and speaking passionately.
1909|If it had been like that I could have prevented it. I never dreamed of such a thing until that day, a week ago, when he told me he had finished his book and must soon go away.
191|Anne's engagement ring was a circlet of pearls. She had refused to wear a diamond. I've never really liked diamonds since I found out they weren't the lovely purple I had dreamed. They will always suggest my old disappointment.
1910|Then... then I knew. I felt as if someone had struck me a terrible blow.
1911|I didn't say anything. I couldn't speak. But I don't know what I looked like. I'm so afraid my face betrayed me.
1912|Oh, I would die of shame if I thought he knew, or suspected.
1913|Anne was miserably silent, hampered by her deductions from her conversation with Owen.
1914|Leslie went on feverishly, as if she found relief in speech.
1915|I was so happy all this summer, Anne, happier than I ever was in my life. I thought it was because everything had been made clear between you and me, and that it was our friendship which made life seem so beautiful and full once more. And it was, in part.
1916|But not all, oh, not nearly all.
1917|I know now why everything was so different, and now it's all over, and he is gone.
1918|How can I live, Anne? When I turned back into the house this morning after you had gone, the solitude struck me like a blow in the face.
192|But pearls are for tears, the old legend says, Gilbert had objected. I'm not afraid of that. And tears can be happy as well as sad.
1920|Oh, it seems to me it will grow harder all the time," said Leslie miserably. I've nothing to look forward to. Morning will come after morning, and he will not come back. He will never come back.
1921|Oh, when I think that I will never see him again, I feel as if a great, brutal hand had twisted itself among my heartstrings and was wrenching them.
1922|Once, long ago, I dreamed of love, and I thought it must be beautiful.
1923|And now it's like this. When he went away yesterday morning he was so cold and indifferent.
1924|He said, good-bye, Mrs. Moore, in the coldest tone in the world, as if we had not even been friends, as if I meant absolutely nothing to him.
1925|I know I don't. I didn't want him to care, but he might have been a little kinder.
1926|Oh, I wish Gilbert would come, thought Anne.
1928|I couldn't help it, Anne. I couldn't help it," said poor Leslie.
1929|I know that. Do you blame me so very much?
1930|I don't blame you at all. And you won't.
1931|You won't tell Gilbert. Leslie, do you think I would do such a thing? Oh, I don't know. You and Gilbert are such chums. I don't see how you could help telling him everything.
1932|Everything about my own concerns, yes, but not my friend's secrets.
1933|I couldn't have him know. But I'm glad you know. I would feel guilty if there were anything I was ashamed to tell you.
1934|I hope Miss Cornelia won't find out. Sometimes I feel as if those terrible kind brown eyes of hers read my very soul.
1935|Oh, I wish this mist would never lift. I wish I could just stay in it forever, hidden away from every living being.
1936|I don't see how I can go on with life. This summer has been so full. I never was lonely for a moment.
1937|Before Owen came there used to be horrible moments, when I had been with you and Gilbert, and then had to leave you.
1938|You two would walk away together and I would walk away alone.
1939|After Owen came, he was always there to walk home with me. We would laugh and talk as you and Gilbert were doing.
194|But to-night our lovers thought only of joy and never of sorrow, for to-morrow was their wedding day, and their house of dreams awaited them on the misty purple shore of Four Winds Harbor.
1940|There were no more lonely, envious moments for me. And now...
1941|Oh yes, I've been a fool. Let's have done talking about my folly. I'll never bore you with it again.
1942|Here is Gilbert, and you are coming back with us," said Anne, who had no intention of leaving Leslie to wander alone on the sandbar on such a night and in such a mood. There's plenty of room in our boat for three, and we'll tie the flat on behind.
1943|Oh, I suppose I must reconcile myself to being the odd one again," said poor Leslie with another bitter laugh.
1944|Forgive me, Anne, that was hateful. I ought to be thankful, and I am, that I have two good friends who are glad to count me in as a third. Don't mind my hateful speeches. I just seem to be one great pain all over and everything hurts me.
1945|Leslie seemed very quiet tonight, didn't she? said Gilbert when he and Anne reached home.
1946|What in the world was she doing over there on the bar alone? Oh, she was tired. And you know she likes to go to the shore after one of Dick's bad days.
1948|Then she added suddenly, Oh, Gilbert, I wish everybody could be as happy as we are.
1949|End of chapter 27
195|End of chapter 3
1950|Chapter 28 of Anne's House of Dreams by Lucy Maud Montgomery. This LibriVox recording is in the public domain.
1951|Chapter 28 Odds and Ends
1952|I've been reading obituary notices," said Miss Cornelia, laying down the daily enterprise and taking up her sewing.
1953|The harbor was lying black and sullen under a dure November sky.
1954|The wet, dead leaves clung drenched in sodden to the windowsills, but the little house was gay with firelight and spring-like with Anne's ferns and geraniums.
1955|It's always summer here, Anne," Leslie had said one day, and all who were the guests of that house of dreams felt the same.
1956|The enterprise seems to run to obituaries these days," quoth Miss Cornelia. It always has a couple of columns of them and I read every line. It's one of my forms of recreation, especially when there's some original poetry attached to them. Here's a choice sample for you.
1957|She's gone to be with her maker, never more to roam. She used to play and sing with joy the song of home sweet home.
1959|Read obituaries when you're blue and eerie, especially the ones the folks you know. If you've any sense of humour at all, they'll cheer you up, believe me.
196|CHAPTER IV.
1961|Lord Andiery, I may be an old maid, but there's this comfort in it. I'll never be any man's relict.
1966|Mind you, Anne, dearie, I'm not down on all evangelists. We've had some real fine, earnest men who did a lot of good and made the old sinners squirm. But this Fisk-man wasn't one of them.
197|the first bride of green gables. Anne wakened on the morning of her wedding day to find the sunshine winking in at the window of the little porch gable and a September breeze frolicking with her curtains.
1970|That had been one of Fisk's ideas, and he got Henry Hammond depainted.
1971|Rose just gave a shriek and fainted, and when they got her home she was worse than ever. Charlie Douglas went to Mr. Levitt and told him that every Douglas would leave the church if Fisk was kept there any longer.
1972|Mr. Levitt had to give in for the Douglases paid half his salary, so Fisk departed, and we had to depend on our Bibles once more for instructions on how to get to heaven.
1973|After he was gone Mr. Leavitt found out he was just a masquerading Methodist, and he felt pretty sick, believe me.
1974|Mr. Levitt fell short in some ways, but he was a good, sound Presbyterian.
1975|By the way, I had a letter from Mr. Ford yesterday," said Anne.
1976|He asked me to remember him kindly to you." I don't want his remembrances," said Miss Cornelia curtly.
1977|Why? said Anne in astonishment. I thought you liked him.
1978|Well, so I did in a kind of way, but I'll never forgive him for what he done to Leslie. There's that poor child eating her heart out about him, as if she hadn't trouble enough, and him ranting round Toronto, I've no doubt, enjoying himself same as ever, just like a man.
198|I'm so glad the sun will shine on me, she thought happily.
1980|Don't let Leslie suspect you know her secret," said Anne hurriedly. I think it would hurt her.
1981|Trust me, Anne dearie, I wasn't born yesterday. Oh, a plague on all the men! One of them ruined Leslie's life to begin with, and now another of the tribe comes and makes her still more wretched.
1982|And this world is an awful place believe me.
1983|There's something in the world to miss, will be unriddled by and by, quoted Anne Dreamily.
1984|If it is, it'll be in a world where there aren't any men," said Miss Cornelia gloomily.
1985|What have the men been doing now?" asked Gilbert, entering. Mischief, mischief! What else did they ever do?
1986|It was Eve ate the apple, Miss Cornelia. Twas a he creature tempted her, retorted Miss Cornelia triumphantly.
1989|One day her old dog died, and she grieved bitterly over him.
199|She recalled the first morning she had wakened in that little porch room, when the sunshine had crept in on her through the blossom drift of the old snow queen. That had not been a happy wakening, for it brought with it the bitter disappointment of the preceding night.
1990|He's been my friend so long," she said sorrowfully to Anne.
1991|He was Dick's old dog, you know. Dick had him for a year or so before we were married. He left him with me when he sailed on the Four Sisters. Carlo got very fond of me, and his dog-love helped me through that first dreadful year after mother died when I was alone.
1992|When I heard that Dick was coming back I was afraid Carla wouldn't be so much mine.
1993|But he never seemed to care for Dick, though he had been so fond of him once. He would snap and growl at him as if he were a stranger.
1994|I was glad. It was nice to have one thing whose love was all mine.
1995|That old dog has been such a comfort to me, Anne. He got so feeble in the fall that I was afraid he couldn't live long, but I hoped I could nurse him through the winter.
1996|He seemed pretty well this morning. He was lying on the rug before the fire.
1997|Then all at once, he got up and crapped over to me.
1998|He put his head on my lap and gave me one loving look out of his big soft dog eyes.
1999|And then he just shivered and died. I shall miss him so.
2000|Let me give you another dog, Leslie," said Anne. I'm getting a lovely Gordon Setter for a Christmas present for Gilbert. Let me give you one, too.
2001|Leslie shook her head. Not just now, thank you, Anne. I don't feel like having another dog yet. I don't seem to have any affection left for another.
2002|Perhaps in time I'll let you give me one. I really need one as a kind of protection.
2003|But there was something almost human about Carlo. It wouldn't be decent to fill his place too hurriedly, dear old fellow.
2007|I reckon I'll plow up to the Glen and sit a bit with old Martin Strong. He's not far from his end and he's lonesome.
2008|He hasn't many friends, been too busy all his life to make any. He's made heaps of money though.
2009|Well, he thought that since he couldn't serve God and Mammon he'd better stick to Mammon," said Miss Cornelia crisply, so he shouldn't complain if he doesn't find Mammon very good company now.
201|Many vigils of joy and some of sorrow had been kept there.
2010|Captain Jim went out, but remembered something in the yard and turned back for a moment.
2011|I had a letter from Mr. Ford, Mistress Blythe, and he says the life book is accepted and is going to be published next fall. I felt fair uplifted when I got the news, to think that I'm to see it imprint at last.
2012|That man is clean crazy on the subject of his life-book," said Miss Cornelia compassionately.
2013|For my part, I think there's far too many books in the world now.
2014|End of chapter 28
2015|Chapter 29 of Anne's House of Dreams by Lucy Maud Montgomery
2016|CHAPTER 29 Gilbert and Anne disagree.
2017|Gilbert laid down the ponderous medical tome over which he had been pouring until the increasing dusk of the March evening made him desist. He leaned back in his chair and gazed meditatively out of the window.
2020|Whatever he was, he soon disappeared in congenial gloom, and Gilbert turned to the cheerier view indoors.
2022|For Anne was again a dreamer of dreams, albeit a grim shape of fear went with her night and day to shadow and darken her visions.
2024|Anne," he said slowly, "lend me your ears. I want to talk with you about something."
2025|Anne looked across at him through the firelit gloom.
2026|What is it?" she asked gaily. You look fearfully solemn, Gilbert. I really haven't done anything naughty today. Ask Susan.
2027|It's not of you, or ourselves I want to talk.
2028|It's about Dick Moore. Dick Moore? echoed Anne, sitting up alertly.
2029|Why what in the world have you to say about Dick Moore?
203|Green Gables was a busy and joyous house that forenoon. Diana arrived early, with little Fred and small Anchordelia to lend a hand. Davy and Dora, the Green Gables twins, whisked the babies off to the garden.
2030|I've been thinking a great deal about him lately.
2031|Do you remember that time last summer I treated him for those carbuncles on his neck?
2032|Yes, yes. I took the opportunity to examine the scars on his head thoroughly.
2033|I've always thought Dick was a very interesting case from a medical point of view.
2034|Lately I've been studying the history of refining and the cases where it has been employed.
2035|Anne, I have come to the conclusion that if Dick Moore were taken to a good hospital, and the operation of trefining performed on several places in his skull, his memory and faculties might be restored.
2036|Gilbert!" Anne's voice was full of protest. Surely you don't mean it!
2037|I do indeed, and I have decided that it is my duty to broach the subject to Leslie.
2038|Gilbert Blythe, you shall not do any such thing," cried Anne vehemently. Oh, Gilbert, you won't, you won't. You couldn't be so cruel. Promise me you won't.
2039|Why, Anne-girl, I didn't suppose you would take it like this. Be reasonable. I won't be reasonable. I can't be reasonable. I am reasonable. It is you who are unreasonable.
204|Don't let small Anchordelia spoil her clothes, warned Diana anxiously.
2041|I have thought over that aspect of the case thoroughly, Anne.
2042|But I believe that a doctor is bound to set the sanctity of a patient's mind and body above all other considerations, no matter what the consequences may be.
2043|I believe it is his duty to endeavor to restore health and sanity, if there is any hope whatever of it.
2044|But Dick isn't your patient in that respect," cried Anne, taking another tack. If Leslie had asked you if anything could be done for him, then it might be your duty to tell her what you really thought. But you've no right to meddle.
2045|I don't call it meddling. Uncle Dave told Leslie 12 years ago that nothing could be done for Dick. She believes that of course.
2046|"And why did Uncle Dave tell her that, if it wasn't true?" cried Anne triumphantly. "Doesn't he know as much about it as you?"
2047|I think not. Though it may sound conceited and presumptuous to say it. And you know as well as I that he is rather prejudiced against what he calls these new-fangled notions of cutting and carving.
2048|He's even opposed to operating for appendicitis.
2049|He's right!" exclaimed Anne, with a complete change of front. I believe myself that you modern doctors are entirely too fond of making experiments with human flesh and blood.
205|You needn't be afraid to trust her with Dora," said Marilla. That child is more sensible and careful than most of the mothers I've known. She's really a wonder in some ways. Not much like that other harem scare I brought up.
2050|Rhoda Allenby would not be a living woman to-day if I had been afraid of making a certain experiment," argued Gilbert. I took the risk and saved her life.
2051|I'm sick and tired of hearing about Rhoda Allenby," cried Anne, most unjustly, for Gilbert had never mentioned Mrs. Allenby's name since the day he had told Anne of his success in regard to her. And he could not be blamed for other people's discussion of it.
2053|Anne checked herself just in time. She had been on the very verge of betraying Leslie's secret.
2054|knew what a woman feels about it, she concluded lamely.
2055|I think I do know. I've looked at the matter from every point of view, and I've been driven to the conclusion that it is my duty to tell Leslie that I believe it is possible that Dick can be restored to himself.
2056|There my responsibility ends. It will be for her to decide what she will do.
2057|I don't think you've any right to put such a responsibility on her. She has enough to bear. She is poor. How could she afford such an operation?
2058|That is for her to decide, persisted Gilbert stubbornly.
2059|You say you think that dick can be cured, but are you sure of it?
206|Marilla smiled across her chicken salad at Anne. It might even be suspected that she liked the harem scarum best, after all.
2060|Certainly not. Nobody could be sure of such a thing. There may have been lesions on the brain itself, the effect of which can never be removed.
2061|But if, as I believe, his loss of memory and other faculties is due merely to the pressure on the brain centers of certain depressed areas of bone,
2063|Oh, I know, I know. But it is my duty to tell her. I can't get away from that conviction.
2064|Oh, I know the Blythe's stubbornness," groaned Anne. But don't do this solely on your own responsibility. Consult Dr. Day.
2065|I have done so," said Gilbert reluctantly.
2066|And what did he say? "In brief, as you say. Leave well enough alone. Apart from his prejudice against new-fangled surgery, I'm afraid he looks at the case from your point of view. Don't do it for Leslie's sake."
2067|There now!" cried Anne triumphantly. "I do think, Gilbert, that you ought to abide by the judgment of a man nearly eighty, who has seen a great deal, and saved scores of lives himself. Surely his opinion ought to weigh more than a mere boy's."
2068|Thank you. Don't laugh, it's too serious.
2069|That's just my point. It is serious. Here is a man who is a helpless burden. He may be restored to reason and usefulness. He was so very useful before," interjected Anne witheringly.
207|Those twins are real nice children, said Mrs. Rachel when she was sure they were out of earshot.
2070|He may be given a chance to make good and redeem the past. His wife doesn't know this. I do. It is therefore my duty to tell her that there is such a possibility.
2071|That, boiled down, is my decision.
2072|Don't say decision yet, Gilbert. Consult somebody else. Ask Captain Jim what he thinks about it.
2074|Yes, but I am not the keeper of his conscience.
2075|Come, Anne, if this affair did not concern Leslie, if it were a purely abstract case, you would agree with me, you know you would. I wouldn't," vowed Anne, trying to believe it herself.
2076|Oh, you can argue all night, Gilbert, but you won't convince me. Just you ask Miss Cornelia what she thinks of it.
2077|You're driven to the last ditch, Anne, when you bring up Miss Cornelia as a reinforcement. She will say, just like a man, and rage furiously.
2078|No matter. This is no affair for Miss Cornelia to settle. Leslie alone must decide it.
2079|You know very well how she will decide it," said Anne, almost in tears. She has ideals of duty, too. I don't see how you can take such a responsibility on your shoulders. I couldn't.
208|Dora is so womanly and helpful, and Davey is developing into a very smart boy. He isn't the holy terror from mischief he used to be.
2080|Because right is right to follow right, where wisdom in the scorn of consequence."
2081|Oh, you think a couplet of poetry a convincing argument?" scoffed Anne. That is so like a man!
2082|And then she left in spite of herself. It sounded so like an echo of Miss Cornelia.
2083|Well, if you won't accept Tennyson as an authority, perhaps you will believe the words of a greater than he," said Gilbert seriously.
2084|You shall know the truth, and the truth shall make you free.
2085|I believe that, Anne, with all my heart. It's the greatest and grandest verse in the Bible, or in any literature, and the truest, if there are comparative degrees of trueness.
2086|and it's the first duty of a man to tell the truth, as he sees it and believes it.
2087|In this case the truth won't make poor Leslie free, side Anne.
2088|It will probably end and still more bitter bondage for her.
2089|Oh, Gilbert, I can't think you were right.
209|I never was so distracted in my life as I was the first six months he was here," acknowledged Marilla. After that I suppose I got used to him.
2090|End of chapter 29
2091|CHAPTER 30
2092|Chapter 30 Leslie Decides
2093|A sudden outbreak of a virulent type of influenza at the Glen and down at the fishing village kept Gilbert so busy for the next fortnight that he had no time to pay the promised visit to Captain Jim.
2094|Anne hoped against hope that he had abandoned the idea about Dick Moore, and resolving to let sleeping dogs lie, she said no more about the subject. But she thought of it incessantly.
2095|I wonder if it would be right for me to tell him that Leslie cares for Owen, she thought. He would never let her suspect that he knew, so her pride would not suffer, and it might convince him that he should let Dick Moore alone. Shall I? Shall I?
2096|No, after all I cannot. A promise is sacred, and I've no right to betray Leslie's secret.
2097|But oh, I never felt so worried over anything in my life as I do over this. It's spoiling the spring. It's spoiling everything.
2098|One evening Gilbert abruptly propose that they go down and see Captain Jim.
2099|With a sinking heart, Anne agreed and they set forth.
210|He's taken a great notion to farming lately, and he wants me to let him try running the farm next year. I may, for Mr. Barry doesn't think he'll want to rent it much longer, and some new arrangement will have to be made.
2101|The flames swept over the dunes rosily, flinging their cardinal banners against the dark gulf beyond, and illuminating the channel in the fishing village.
2102|It was a picturesque scene which would at other times have delighted Anne's eyes. But she was not enjoying this walk. Neither was Gilbert.
2103|Their usual good comradeship and Josephian community of taste and viewpoint were sadly lacking.
2104|Anne's disapproval of the whole project showed itself in the haughty uplift of her head and the studied politeness of her remarks.
2105|Gilbert's mouth was set in all the blithe obstinacy, but his eyes were troubled.
2106|He meant to do what he believed to be his duty, but to be at outs with Anne was a high price to pay.
2107|Altogether, they were both glad when they reached the light, and remorseful that they should be glad.
2109|Captain Jim listened in amazed silence while Gilbert said what he had come to say. Anne, who knew how the old man worshipped Leslie, felt quite sure that he would side with her, although she had not much hope that this would influence Gilbert.
211|Well, you certainly have a lovely day for your wedding, Anne," said Diana, as she slipped a voluminous apron over her silken array. You couldn't have had a finer one if you'd ordered it from Eaton's.
2110|She was therefore surprised beyond measure when Captain Jim, slowly and sorrowfully but unhesitatingly, gave it as his opinion that Leslie should be told.
2111|Oh, Captain Jim, I didn't think you'd say that," she exclaimed reproachfully. I thought you wouldn't want to make more trouble for her.
2112|Captain Jim shook his head. I don't want to. I know how you feel about it, Mistress Blythe, just as I feel myself. But it ain't our feelings we have to steer by through life. No, no, we'd make shipwreck mighty often if we did that.
2113|There's only the one safe compass, and we've got to set our course by that, what it's right to do.
2114|I agree with the doctor. If there's a chance for Dick, Leslie should be told of it. There's no two sides to that, in my opinion."
2115|"Well," said Anne, giving up in despair, "wait until Miss Cornelia gets after you two men."
2116|Cornelial rakes for an aft no doubt, assented Captain Jim.
2117|You women are lovely critters, Mistress Blythe, but you're just a mitological. You're a highly educated lady, and Cornelia isn't, but your like is two peas when it comes to that.
2118|I don't know if you're any the worst for it. Logic is a sort of hard, merciless thing, I reckon.
2119|Now I'll brew up a cup of tea and we'll drink it and talk of pleasant things, just to calm our minds a bit.
2120|At least Captain Jim's tea and conversation calmed Anne's mind to such an extent that she did not make Gilbert suffer so acutely on the way home as she had deliberately intended to do.
2121|She did not refer to the burning question at all, but she chatted amiably of other matters, and Gilbert understood that he was forgiven under protest.
2122|Captain Jim seems very frail and bent this spring. The winter has aged him," said Anne sadly.
2123|I am afraid that he will soon be going to seek lost Margaret. I can't bear to think of it.
2124|Four winds won't be the same place when Captain Jim sets out to sea," agreed Gilbert.
2125|The following evening he went to the house up the brook.
2126|Anne wandered dismally around until his return.
2127|Well, what did Leslie say? she demanded when he came in.
2128|Very little. I think she felt rather dazed.
2129|And is she going to have the operation? She is going to think it over and decide very soon.
213|Well, they're splendid to amuse children with," said Diana. Fred and Small Ann look at the pictures by the hour.
2131|Now when the die was cast, he was beset with doubts of his own wisdom.
2132|Anne looked at him remorsefully. Then she slipped down on the rug beside him and laid her glossy red head on his arm.
2133|Gilbert, I've been rather hateful over this. I won't be any more. Please just call me redheaded and forgive me.
2135|Some instinct made Anne keep away from Leslie for the next three days. On the third evening, Leslie came down to the little house and told Gilbert that she had made up her mind. She would take Dick to Montreal and have the operation.
2137|When Leslie had got the information she wanted, she went home.
2138|Anne wanted to walk part of the way with her. "Better not," said Leslie curtly. "Today's rain has made the ground damp. Good night."
2139|Have I lost my friend? said Am with a sigh.
2140|If the operation is successful and Digmore finds himself again, Leslie will retreat into some remote fastness of her soul where none of us can ever find her.
2141|Perhaps she will leave him," said Gilbert. Leslie would never do that, Gilbert. Her sense of duty is very strong.
2142|She told me once that her grandmother West always impressed upon her the fact that when she assumed any responsibility she must never shirk it, no matter what the consequences might be.
2143|That is one of her cardinal rules. I suppose it's very old-fashioned.
2144|Don't be bitter, Anne-girl. You know you don't think it old-fashioned. You know you have the very same idea of sacredness of assumed responsibilities yourself.
2145|And you are right. Shirking responsibilities is the curse of our modern life, the secret of all the unrest and discontent that is seething in the world.
2146|Thus saith the preacher," mocked Anne. But under the mockery she felt that he was right, and she was very sick at heart for Leslie.
2147|A week later Miss Cornelia descended like an avalanche upon the little house. Gilbert was away, and Anne was compelled to bear the shock of the impact alone.
2148|Miss Cornelia hardly waited to get her hat off before she began.
2149|Anne, do you mean to tell me it's true what I've heard, that Dr. Blythe has told Leslie Dick can be cured and that she is going to take him to Montreal to have him operated on?
215|I'm sure I hope your happiness will last, child. Side, Mrs. Rachel.
2150|Yes, it is quite true, Miss Cornelia," said Am bravely. "Well, it's inhuman cruelty, that's what it is," said Miss Cornelia, violently agitated. I did think Dr. Blythe was a decent man. I didn't think he could have been guilty of this."
2151|Dr. Bly thought it was his duty to tell Leslie that there was a chance for Dick," said Am with spirit. And, she added, loyalty to Gilbert getting the better of her. I agree with him.
2152|Oh, no, you don't, dearie," said Miss Cornelia. No person with any bowels of compassion could.
2153|Captain Jim does." "Don't quote that old ninny to me," cried Miss Cornelia, "and I don't care who agrees with him. Think!"
2154|Think what it means to that poor, hunted, harried girl.
2155|We do think of it. But Gilbert believes that a doctor should put the welfare of a patient's mind and body before all other considerations.
2156|That's just like a man. But I expected better things of you, Anne," said Miss Cornelia, more in sorrow than in wrath.
2157|Then she proceeded to bombard Anne with precisely the same arguments with which the latter had attacked Gilbert. And Anne valiantly defended her husband with the weapons he had used for his own protection.
2158|Long was the fray, but Miss Cornelia made an end at last.
2159|It's an iniquitous shame," she declared, almost in tears. That's just what it is, an iniquitous shame. Poor, poor Leslie.
216|She did hope it truly, and believed it, but she was afraid it was in the nature of a challenge to Providence to flaunt your happiness too openly.
2162|Nobody knows how Dick was hurt, Miss Cornelia. It may not have been in a drunken brawl at all. He may have been waylaid and robbed.
2163|The pigs may whistle, but they have poor mouths for it," said Miss Cornelia.
2165|Now I'll devote my energies to comforting and sustaining Leslie.
2166|And after all," added Miss Cornelia, brightening up, hopefully, perhaps nothing can be done for Dick.
2167|End of chapter 30
2168|CHAPTER XXXI
2169|Chapter 31. The Truth Makes Free
217|and, for her own good, must be toned down a trifle.
2170|Leslie having once made up her mind what to do, proceeded to do it with characteristic resolution and speed.
2171|House cleaning must be finished with first, whatever issues of life and death might await beyond.
2174|The old jokes and laughter and chumminess of common things could not reach her over it.
2175|Anne refused to feel hurt. She knew that Leslie was in the grip of a hideous dread, a dread that wrapped her away from all little glimpses of happiness and hours of pleasure.
2176|When one great passion seizes possession of the soul, all other feelings are crowded aside.
2177|Never in all her life had Leslie Moore shuddered away from the future with more intolerable terror.
2178|But she went forward as unswervingly in the path she had elected, as the martyrs of old walked their chosen way, knowing the end of it to be the fiery agony of the stakes.
2179|The financial question was settled with greater ease than Anne had feared.
2180|Leslie borrowed the necessary money from Captain Jim, and at her insistence, he took a mortgage on the little farm.
2181|So that is one thing off the poor girl's mind," Miss Cornelia told Anne, and off mine, too.
2184|Oh, Miss Cornelia! Now you needn't Miss Cornelia me, Anne, dearie. Anybody would have thought the same. If the Montreal doctors can make a rational creature out of Dick Moore, they're wonders.
2185|Leslie took Dick to Montreal early in May. Gilbert went with her to help her and make the necessary arrangements for her. He came home with the report that the Montreal surgeon whom they had consulted agreed with him that there was a good chance of Dick's restoration.
2186|very comforting was Miss Cornelia's sarcastic comment.
2187|and only sighed. Leslie had been very distant at their parting.
2188|But she had promised to write. Ten days after Gilbert's return, the letter came.
2189|Leslie wrote that the operation had been successfully performed and that Dick was making a good recovery.
219|It was to him she was coming in the sweet surrender of the bride. Was he worthy of her? Could he make her as happy as he hoped? If he failed her, if he could not measure up to her standard of manhood—
2190|What does she mean by successfully?" asked Anne. Does she mean that Dick's memory is really restored?
2191|Not likely, since she says nothing of it," said Gilbert. She uses the word successfully from the surgeon's point of view. The operation has been performed and followed by normal results.
2192|But it is too soon to know whether Dick's faculties will be eventually restored, wholly or in part. His memory would not be likely to return to him all at once. The process will be gradual, if it occurs at all. Is that all she says?
2193|Yes, there's her letter. It's very short. Poor girl, she must be under a terrible strain.
2194|Gilbert Blythe, there are heaps of things I long to say to you. Only it would be mean.
2196|With Ms. Cornelia the force of condemnation can no further go.
2198|No further word came from Leslie for some time.
2199|The May days crept away in a sweet succession, and the shores of Four Winds Harbor greened and bloomed in purple.
2200|One day in late May, Gilbert came home to be met by Susan in the stable yard.
2202|Gilbert hurried rather anxiously to the garden. Had anything happened at Green Gables? But Anne, sitting on the rustic seat by the brook, did not look troubled, though she was certainly much excited.
2203|Her eyes were their grayest, and scarlet spots burned on her cheeks.
2204|What has happened, Dan?" Anne gave a queer little laugh.
2206|And I'll shake you if you don't grow coherent. Redmond would be ashamed of you. What has happened?
2208|I suppose," said Gilbert, sitting down with a resigned air. "The only thing to do in a case of this kind is to have patience and go at the matter categorically."
2209|WHOM IS YOUR LETTER FROM? LESLIE. AND OH, GILBERT! LESLIE! WHEW! WHAT IS SHE TO SAY? WHAT'S THE NEWS ABOUT DICK?
2210|Anne lifted the letter and held it out, calmly dramatic in a moment.
2212|Dick Moore died of yellow fever 13 years ago in Cuba.
2213|End of chapter 31.
2214|CHAPTER XXXII
2215|Chapter 32 Miss Cornelia Discusses the Affair
2216|And do you mean to tell me, Anne dearie, that Dick Moore has turned out not to be Dick Moore at all, but somebody else? Is that what you phoned up to me today?
2217|Yes, Miss Cornelia. It's very amazing, isn't it?
2218|"It's—it's just like a man," said Miss Cornelia helplessly."
2219|She took off her hat with trembling fingers. For once in her life Miss Cornelia was undeniably staggered.
222|Anne heard it and thrilled to it. Gilbert heard it, and wondered only that all the birds in the world had not burst into jubilant song.
2220|I can't seem to sense it, Anne," she said. I've heard you say it, and I believe you, but I can't take it in. Dick Moore is dead, has been dead all these years, and Leslie is free.
2221|Yes, the truth has made her free. Gilbert was right when he said that verse was the grandest in the Bible.
2222|Tell me everything, Anne Deary. Since I got your phone I've been in a regular muddle, believe me. Cornelia Bryant was never so kerflummoxed before.
2225|Does she say what she is going to do when she is coming home?
2228|Of course," added Miss Cornelia scornfully, it wasn't one of those freak resemblances you read of in novels, where two people are so much alike they can fill each other's places, and their nearest and dearest can't tell between them.
2229|In those days you could tell easy enough which was George and which was Dick if you saw them together and near at hand. Apart, or some distance away, it wasn't so easy. They played lots of tricks on people and thought it great fun, the two scamps.
223|Paul heard it and later wrote a lyric about it, which was one of the most admired in his first volume of verse.
2231|They weren't much alike in any other way, though. George was a real nice fellow, though he was a scallywag for mischief, and some said he had a liking for a glass even then.
2232|But everybody liked him better than Dick. He spent about a month here. Leslie never saw him. She was only about eight or nine then, and I remember now that she spent that whole winter over harbor with her grandmother West.
2233|Captain Jim was away, too. That was the winter he was wrecked on the Magdalen's. I don't suppose either he or Leslie had ever heard about the Nova Scotia cousin looking so much like Dick. Nobody ever thought of him when Captain Jim brought Dick—George, I should say—home.
2236|Gilbert and Captain Jimmerman, and it is through them that the truth has been discovered at last," said Anne.
2237|Well, I admit that," conceded Miss Cornelia reluctantly. I'm sorry I raked the doctor off so. It's the first time in my life I've ever felt ashamed of anything I said to a man. I don't know as I shall tell Hensow, though. He'll just have to take it for granted.
2238|Well, Anne, dearie, it's a mercy the Lord doesn't answer all our prayers. I've been praying hard right along that the operation wouldn't cure Dick. Of course I didn't put it just quite so plain, but that was what was in the back of my mind, and I have no doubt the Lord knew it.
2239|Well, he has answered the spirit of your prayer. You really wished that things shouldn't be made any harder for Leslie. I'm afraid that in my secret heart I've been hoping the operation wouldn't succeed, and I'm wholesomely ashamed of it.
224|Carlotta the Fourth heard it and was blissfully sure it meant good luck for her adored Miss Shirley.
2240|How does Leslie seem to take it? She writes like one dazed. I think that, like ourselves, she hardly realizes it yet. She says, It all seems like a strange dream to me, Anne.
2241|that is the only reference she makes to herself. Poor child! I suppose when the chains are struck off a prisoner he'd feel queer and lost without them for a while.
2242|Anne, dearie, here's a thought keeps coming into my mind. What about Owen Ford? We both know Leslie was fond of him. Did it ever occur to you that he was fond of her?
2243|It did, once, admitted Anne, feeling that she might say so much.
2244|Well, I hadn't any reason to think he was, but it just appeared to me he must be.
2245|Now, Anne dearie, the Lord knows I'm not a matchmaker and I scorn all such things. But if I were you and writing to that Ford man, I'd just mention casual like what has happened. That is what I'd do.
2247|Of course there is no great rush, dearie, but Dick Moore's been dead for thirteen years, and Leslie has wasted enough of her life for him.
2248|We'll just see what comes of it. As for this George Moore, who's gone and come back to life when everyone thought he was dead and done for, just like a man, I'm real sorry for him. He won't seem to fit in anywhere."
2249|He is still a young man, and if he recovers completely, as seems likely, he will be able to make a place for himself again. It must be very strange for him, poor fellow. I suppose all these years since his accident will not exist for him.
225|The bird sang until the ceremony was ended, and then it wound up with one mad little glad little trill.
2250|End of chapter 32
2251|CHAPTER XXXIII.
2252|Chapter 33 Leslie returns.
2253|A fortnight later Leslie Moore came home alone to the old house where she had spent so many bitter years. In the June twilight she went over the fields to Anne's and appeared with ghost-like suddenness in the scented garden.
2254|Leslie!" cried Anne in amazement. Where have you sprung from? We never knew you were coming. Why didn't you write? We would have met you.
2255|I couldn't write somehow, Anne. It seemed so futile to try to say anything with pen and ink. And I wanted to get back quietly and unobserved.
2257|And have you come home alone, Leslie? Yes.
2259|It was all very hard for him. I helped him all I could.
2260|When his sister came it was easier for him, because it seemed to him only the other day that he had seen her last. Fortunately, she had not changed much, and that helped him too.
2261|It is all so strange and wonderful, Leslie. I think we none of us realize it yet.
2262|I cannot. When I went into the house over there an hour ago I felt that it must be a dream, that Dick must be there, with his childish smile, as he had been for so long.
2263|And I seem stunned yet. I'm not glad or sorry or anything.
2264|I feel as if something had been torn suddenly out of my life and left a terrible hole.
2265|I feel as if I couldn't be I, as if I must have changed into somebody else and couldn't get used to it.
2266|It gives me a horrible lonely dazed helpless feeling.
2267|It's good to see you again. It seems as if you were a sort of anchor for my drifting soul.
2268|Oh, Anne, I dread it all, the gossip and wonderment and questioning. When I think of that, I wish that I need not have come home at all.
2269|Dr. Dave was at the station when I came off the train. He brought me home. Poor old man! He feels very badly because he told me years ago that nothing could be done for Dick.
227|Green Gables was her home no more. Marilla's face looked very gray and old as she turned to the house which Anne had filled for fourteen years, and even in her absence, with light and life.
2271|I told him not to do that, he had done what he thought right.
2272|He's always been so kind to me, I couldn't bear to see him worrying over it.
2273|And Dick... George, I mean. Is his memory fully restored?
2274|practically. Of course, there are a great many details he can't recall yet, but he remembers more and more every day.
2275|He went out for a walk on the evening after Dick was buried. He had Dick's money and watch on him. He meant to bring them home to me, along with my letter.
2276|He admits he went to a place where the sailors resorted, and he remembers drinking—and nothing else.
2277|Anne, I shall never forget the moment he remembered his own name. I saw him looking at me with an intelligent but puzzled expression.
2278|I said, Do you know me, Dick? He answered, I never saw you before. Who are you? And my name's not Dick. I'm George Moore, and Dick died of yellow fever yesterday. Where am I? What has happened to me?
2279|I fainted, Anne, and ever since I have felt as if I were in a dream.
2280|You will soon adjust yourself to this new state of things, Leslie. And you are young. Life is before you. You will have many beautiful years yet.
2281|Perhaps I shall be able to look at it in that way after a while, Anne."
2282|Just now I feel too tired and indifferent to think about the future.
2283|I'm... I'm... And I'm lonely. I'm Miss Dick. Isn't it all very strange?
2284|And you know, I was really fond of poor Dick. George, I suppose I should say, just as I would have been fond of a helpless child who depended on me for everything.
2285|I would never have admitted it. I was really ashamed of it, because, you see, I had hated and despised Dick so much before he went away.
2286|When I heard that Captain Jim was bringing him home, I expected I would just feel the same to him. But I never did, although I continued to loathe him as I remembered him before.
2287|From the time he came home I felt only pity, a pity that hurt and wrung me.
2288|I supposed then that it was just because his accident had made him so helpless and changed
229|While they were sitting there, Anne and Gilbert were alighting from the train at Glen St. Mary.
2290|I had never seen George Moore, you know. I remember now that Dick once mentioned casually that he had a cousin in Nova Scotia who looked as much like him as a twin.
2291|but the thing had gone out of my memory, and in any case I would never have thought it of any importance. You see, it never occurred to me to question Dick's identity. Any change in him seemed to me just the result of the accident.
2292|Oh, Anne! That night in April when Gilbert told me he thought Dick might be cured! I can never forget it. It seemed to me that I had once been a prisoner in a hideous cage of torture, and then the door had been opened and I could get out.
2293|I was still chained to the cage, but I was not in it.
2294|And that night I felt that a merciless hand was drawing me back into the cage, back to a torture even more terrible than it had once been.
2295|I didn't blame Gilbert. I felt he was right. And he had been very good. He said that if in view of the expense and uncertainty of the operation I should decide not to risk it, he would not blame me in the least.
2296|But I knew how I ought to decide, and I couldn't face it.
2297|All night I walked the floor like a madwoman trying to compel myself to face it.
2298|I couldn't, Anne. I thought I couldn't. And when morning broke, I set my teeth and resolved that I wouldn't.
2299|I would let things remain as they were. It was very wicked, I know. It would have been just punishment for such wickedness if I had been left to abide by that decision.
230|End of chapter 4
2302|Oh, Anne, you must have thought me hateful in those weeks before I went away. I didn't mean to be, but I couldn't think of anything except what I had to do, and everything and everybody about me were like shadows.
2303|I know. I understood, Leslie. And now it is all over. Your chain is broken. There is no cage.
2304|There is no cage, repeated Leslie absently, plucking at the fringing grasses with her slender brown hands.
2305|But it doesn't seem as if there were anything else at...
2306|You... you remember what I told you of my folly that night on the sandbar.
2307|I find one doesn't get over being a fool very quickly.
2308|Sometimes I think there are people who are fools forever.
2309|And to be a fool of that kind is almost as bad as being a dog on a chain.
231|CHAPTER V. THE HOMECOMING
2310|You will feel very differently after you get over being tired and bewildered," said Anne, who, knowing a certain thing that Leslie did not know, did not feel herself called upon to waste over much sympathy.
2311|Leslie laid her splendid golden head against Anne's knee.
2313|End of chapter 33.
2314|CHAPTER XXXIV
2315|Chapter 34. The Ship of Dreams Comes to Harbor.
2317|The big white lighthouse on the red sandstone cliff had its good points, but no stork possessed of any gumption would leave a new velvet baby there.
2318|An old gray house surrounded by willows in a blossomy brook valley looked more promising, but did not seem quite the thing either.
2319|The staring green abode further on was manifestly out of the question.
232|Dr. David Blythe had sent his horse and buggy to meet them, and the urchin who had brought it slipped away with a sympathetic grin, leaving them to the delight of driving alone to their new home through the radiant evening.
2321|The stork gave a sigh of satisfaction and softly alighted on the ridge pole.
2322|Half an hour later Gilbert ran down the hall and tapped on the spare room door. A drowsy voice answered him, and in a moment Marilla's pale, scared face peeped out from behind the door.
2323|Marilla, Anne has sent me to tell you that a certain young gentleman has arrived here. He hasn't brought much luggage with him, but he evidently means to stay."
2324|For pity's sake," said Marilla blankly. You don't mean to tell me, Gilbert, that it's all over. Why wasn't I called?
2325|Anne wouldn't let us disturb you when there was no need. Nobody was called until about two hours ago. There was no passage perilous this time.
2326|And... and Gilbert, will this baby live?
2327|He certainly will. He weighs ten pounds. And why listen to him? Nothing wrong with his lungs, is there?
2328|The nurse says his hair will be red. Anne is furious with her, and I am tickled to death.
2329|That was a wonderful day in the little house of dreams.
2330|The best dream of all has come true," said Anne, pale and rapturous. Oh, Marilla, I hardly dare believe it after that horrible day last summer. I have had a heartache ever since then, but it is gone now.
2331|This baby will take Joy's place," said Marilla. Oh, no, no, no, Marilla, he can't. Nothing can ever do that. He has his own place, my dear wee man-child.
2332|But little joy has hers, and always will have it.
2333|If she had lived, she would have been over a year old. She would have been toddling around on her tiny feet and lisping a few words.
2335|I shall know just how she grows from year to year, and when I meet her again I'll know her. She won't be a stranger.
2336|Oh, Marilla, look at his dear darling toes! Isn't it strange that they should be so perfect?
2337|It would be stranger if they weren't," said Marilla crisply.
2338|But now that all was safely over, Marilla was herself again.
2339|Oh, I know. But it seems as if they couldn't be quite finished, you know. And they are, even to the tiny nails. And his hands! Just look at his hands, Marilla!
234|Beyond the bar, the sea, calm and austere, dreamed in the after-light.
2340|They appear to be a good deal like hands," Marilla conceded.
2341|See how he clings to my finger? I'm sure he knows me already. He cries when the nurse takes him away.
2342|Omarullah, do you think, you don't think, do you, that his hair is going to be red?
2343|I don't see much hair of any color," said Marilla. I wouldn't worry about it if I were you until it becomes visible.
2344|Marilla, he has hair. Look at that fine little down all over his head.
2346|Anne's convalescence was rapid and happy. Folks came and worshipped the baby, as people have bowed before the kingship of the newborns since long before the wise men of the East knelt in homage to the royal babe of the Bethlehem manger.
2347|Leslie, slowly finding herself amid the new conditions of her life, hovered over it, like a beautiful golden-crowned Madonna.
2348|Miss Cornelia nursed it as knackily as could any mother in Israel. Captain Jim held the small creature in his big brown hands and gazed tenderly at it, with eyes that saw the children who had never been born to him.
2349|What are you going to call him?" asked Miss Cornelia. "Anne has settled his name," answered Gilbert."
2350|James Matthew, after the two finest gentlemen I've ever known, not even saving your presence," said Am with a saucy glance at Gilbert.
2353|And then a brother came along and there it was, Big Baby and Little Baby. Finally they called Big Baby Peter and Little Baby Isaac, after the two grandfathers, and had them both christened together. And each tried to see if it couldn't howl the other down.
2354|You know that Highland Scotch family of McNaps back of the Glen? They've got twelve boys, and the oldest and the youngest are both called Neil. Big Neil and Little Neil in the same family. Well, I suppose they ran out of names.
2355|I have read somewhere," laughed Anne, that the first child is a poem, but the tenth is very prosey prose. Perhaps Mrs. McNab thought that the twelfth was merely an old tale retold.
2357|How long did it take you to get over your disappointment? asked Anne amid her laughter.
2359|Miss Cornelia sighed. Gilbert had gone down, and Leslie, who had been crooning over the small James Matthew in the dormer window, laid him asleep in his basket and went her way.
236|A few dim sails drifted along the darkening, fur-clad harbor shores. A bell was ringing from the tower of a little white church on the far side. Mellowly and dreamily sweet, the chime floated across the water, blend with the moan of the sea.
2361|Well, I hope we're doing right." "We've nothing to do with it. We couldn't prevent him from coming to Four Winds if he wanted to," said Anne quickly. She did not like the feeling of matchmaking Miss Cornelia's whispers gave her, and then she weakly succumbed herself."
2362|Don't let Leslie know he is coming until he is here," she said. If she found out, I feel sure she would go away at once. She intends to go in the fall anyhow. She told me so the other day. She is going to Montreal to take up nursing and make what she can of her life.
2363|"Oh, well, Anne, dearie," said Miss Cornelia, nodding sagely, "that is all as it may be. You and I have done our part, and we must leave the rest to higher hands."
2364|End of chapter 34
2365|CHAPTER XXXV.
2366|CHAPTER 35 POLITICS AT FORWINS
2367|When Anne came downstairs again, the island, as well as all Canada, was in the throes of a campaign preceding a general election.
2368|Gilbert, who was an ardent conservative, found himself caught in the vortex, being much in demand for speech-making at the various county rallies. Miss Cornelia did not approve of his mixing up in politics and told Anso.
2369|Dr. Dave never did it. Dr. Blythe will find he is making a mistake, believe me. Politics is something no decent man should meddle with.
237|The great revolving light on the cliff at the channel flashed warm and golden against the clear northern sky, a trembling, quivering star of good hope.
2370|Is the government of the country to be left solely to the rogues then? Asked Anne.
2371|Yes, so long as it's conservative rogues," said Miss Cornelia, marching off with the honors of war.
2375|Captain Jim's a grit, but it's my opinion he's ashamed of it, for he never talks politics. There isn't any earthly doubt that the conservatives will be returned with a big majority again.
2378|"It's been accumulating for a long while," said Captain Jim with a deprecating smile. I thought I was only a moderate grit, but when the news came that we were in, I found out how gritty I really was."
2379|You know the doctor and I are conservatives. Ah, well, it's the only bad thing I know of either of you, Mistress Blythe. Cornelia's a Tory, too. I called in on my way from the Glen to tell her the news.
238|Far out along the horizon was the crinkled gray ribbon of a passing steamer's smoke.
2380|Didn't you know you took your life in your hands? Yes, but I couldn't resist the temptation.
2382|Well now, Cornelia says, maybe Providence thinks Canada needs a real long spell of humiliation.
2383|Ah, Susan, have you heard the news? The liberals are in.
2384|Susan had just come in from the kitchen, attended by the odour of delectable dishes which always seemed to hover around her.
2386|One evening, a week later, Anne walked down to the Point to see if she could get some fresh fish from Captain Jim, leaving little Jem for the first time. It was quite a tragedy. Suppose he cried. Suppose Susan did not know just exactly what to do for him.
2387|Susan was calm and serene. I have had as much experience with him as you, Mrs. Dr. Dear, have I not?
2389|Oh, well, if little Jem cries, I will just clap a hot water-bag on his little stomach," said Susan. Not too hot, you know," said Anne anxiously. Oh, was it really wise to go?
239|Oh, beautiful, beautiful, murmured Anne.
2390|Do not you fret, Mrs. Doctor dear, Susan is not the woman to burn a wee man. Bless him, he has no notion of crime.
2392|Captain Jim, who was that who just went out? She asked as Captain Jim came in.
2396|Come into your shop and do the best job you ever did in your life, Gus," said Marshall. The liberals are in, and you are going to barber a good grit before the sun rises.
2397|Gus was mad as hops, partly because he'd been dragged out of bed, but more because he's a Tory. He vowed he wouldn't shave any man after twelve at night.
2398|You'll do what I want you to do, Sonny," said Marshall, or I'll just turn you over my knee and give you one of those spankings your mother forgot.
2399|He'd done it, too, and Gus knew it, for Marshall is as strong as an ox, and Gus is only a midget of a man. So he gave in, and towed Marshall into the shop and went to work.
240|I shall love Four Winds Gilbert. Where is our house?
2400|Now, says he, I'll barber you up. But if you say one word to me about the grits getting in while I'm doing it, I'll cut your throat with this razor, says he.
2401|You wouldn't have thought mild little Gus could be so bloodthirsty, would you? Shows what party politics will do for a man.
2404|That's beautiful, isn't it, Mistress Blythe? But I wish you could have seen the sunrise this morning. It was a wonderful thing. Wonderful.
2405|I've seen all kinds of sunrises come over that gulf. I've been all over the world, Mistress Blythe, and take it all in all, I've never seen a finer sight than a summer sunrise over the gulf.
2406|A man can't pick his time for dying, Mistress Blythe. Just got to go when the great captain gives his sailing orders.
2407|But if I could, I'd go out when the morning comes across that water. I've watched it many a time and thought what a thing it would be to pass out through that great white glory to whatever was waiting beyond, on a sea that ain't mapped out on any air-fleet chart.
2408|I think, Mistress Blythe, that I'd find lost Margaret there.
2409|Captain Jim had often talked to Anne of Lost Margaret since he had told her the old story. His love for her trembled in every tone, that love that had never grown faint or forgetful.
2410|Anyway, I hope when my time comes I'll go quick and easy. I don't think I'm a coward, Mistress Blythe. I've looked an ugly death in the face more than once without blenching.
2411|But the thought of a lingering death does give me a queer, sick feeling of horror.
2412|Don't talk about leaving us, dear Captain Jim," pleaded Anne in a choked voice, patting the old brown hand, once so strong, but now grown very feeble.
2413|What would we do without you? Captain Jim smiled beautifully.
2414|Oh, you'd get along nicely, nicely. But you wouldn't forget the old man altogether, Mistress Blythe. No, I don't think you'll ever quite forget him. The race of Joseph always remembers one another.
2415|But it'll be a memory that won't hurt. I like to think that my memory won't hurt my friends. It'll always be kind of pleasant to them, my hope and belief.
2416|It won't be very long now before Lost Margaret calls me for the last time.
2417|I'll be all ready to answer. I just spoke of this because there's a little favour I want to ask you. There's this poor old matey of mine. Captain Jim reached out a hand and poked the big, warm, velvety golden ball on the sofa.
2418|The first maid uncoiled himself like a spring with a nice throaty, comfortable sound, half purr, half meow, stretched his paws in air, turned over and coiled himself up again.
2419|He'll miss me when I start on the voyage. I can't bear to think a leave in the poor critter to starve, like he was left before. If anything happens to me, will you give Maydee a bite in the corner, Mistress Blythe?
242|not with that light and that loveliness for company.
2420|Indeed I will. And that is all I had on my mind.
2421|Your little gem is to have the few curious things I picked up. I've seen to that.
2422|And now I don't like to see tears in those pretty eyes, Mistress Blythe. I'll maybe hang on for quite a spell yet. I heard you reading a piece of poetry one day last winter—one of Tennyson's pieces.
2423|I'd sort of like to hear it again, if you could recite it for me.
2424|Softly and clearly, while the sea wind blew in on them, Anne repeated the beautiful lines of Tennyson's wonderful swan song, crossing the bar.
2425|The old captain kept time gently with his sinewy hand.
2426|Yes, yes, Mistress Blythe," he said when she had finished. That's it. That's it.
2427|He wasn't a sailor, you tell me. I don't know how he could have put an old sailor's feelings into words like that if he wasn't one.
2428|He didn't want any sadness or farewells, and neither do I, Mistress Blythe.
2429|For all will be well with me and mine beyond the bar.
243|Who lives in that house, Gilbert? I don't know. It doesn't look exactly as if the occupants would be kindred spirits, Ann, does it?
2430|End of chapter 35.
2431|CHAPTER XXXVI
2432|Chapter 36 Beauty for Ashes
2434|Diana writes me that Dora has a bow. Just think of it. That child.
2435|Dora is seventeen, said Gilbert. Charlie Sloan and I were both mad about you when you were seventeen, Anne.
2436|Really, Gilbert, we must be getting on in years," said Anne with a half-ruful smile, when children who were six when we thought ourselves grown up are old enough now to have bows.
2437|Doris is Ralph Andrews, Jane's brother. I remember him as a little round, fat, white-headed fellow, who was always at the foot of his class. But I understand he is quite a fine-looking young man now.
2438|Dora will probably marry Young. She's of the same type as Carlotta IV. She'll never miss her first chance for fear she might not get another.
2440|I might have." Anne went off into a shriek of laughter over the recollection of her first proposal. The shock of the whole thing might have hypnotized me into some such rash and foolish act. Let us be thankful he did it by proxy.
2441|I had a letter from George Moore yesterday," said Leslie from the corner where she was reading.
2442|Oh, how is he? asked Anne, interestedly, yet with an unreal feeling that she was inquiring about someone whom she did not know.
2444|What a nice little romance," said Anne, whose love for the romantic was immortal.
2445|And to think, she added with a sigh of self-reproach, that if I had had my way George Moore would never have come up from the grave in which his identity was buried. How I did fight against Gilbert's suggestion!
2446|Well, I am punished. I shall never be able to have a different opinion from Gilbert's again. If I try to have, he will squelch me by casting George Moore's case up to me.
2448|Anne and Leslie laughed. Anne's laughter was silver and Leslie's golden, and the combination of the two was as satisfactory as a perfect chord in music.
2449|Susan, coming in on the heels of the laughter, echoed it with a resounding sigh.
245|It doesn't seem probable that anyone with that taste in paint could be very kindred," acknowledged Anne, unless it were an accident, like our blue hall.
2451|Oh, I'm very sorry. Sorry that your sister has met with such an accident, I mean." exclaimed Anne.
2452|Ah, well, man was made to mourn, Mrs. Doctor dear. That sounds as if it ought to be in the Bible, but they tell me a person named Burns wrote it. And there is no doubt that we are born to trouble, as the sparks fly upward.
2453|As for Matilda, I do not know what to think of her. None of our family ever broke their legs before. But whatever she has done, she is still my sister, and I feel that it is my duty to go and wait on her. If you can spare me for a few weeks, Mrs. Dr. Dear."
2454|Of course, Susan, of course. I can get someone to help me while you are gone.
2455|If you cannot, I will not go, Mrs. Dr. Deer. Matilda's leg to the contrary notwithstanding. I will not have you worried, and that blessed child upset in consequence for any number of legs.
2456|Oh, you must go to your sister at once, Susan. I can get a girl from the cove who will do for a time.
2458|Anne joyfully agreed, and next day, Leslie was installed as an inmate of the little house of dreams. Miss Cornelia warmly approved of the arrangement.
246|I feel certain there are no children there at least. It's even neater than the old cop place on the Tory road, and I never expected to see anything neater than that.
2461|Owen Ford came to the little house one August evening when Leslie and Anne were absorbed in worshipping the baby.
2462|He paused at the open door of the living-room, unseen by the two within, gazing with greedy eyes at the beautiful picture.
2463|Leslie sat on the floor with the baby in her lap, making ecstatic dabs at his little fat hands as he fluttered them in the air. Oh, you dear, beautiful, beloved baby, she mumbled, catching one wee hand and covering it with kisses.
2464|Isn't him's a darling as little Sing!" crooned Anne, hanging over the arm of her chair adoringly. "Dem itty wee pads is a very treatest handies in the whole big world. Isn't there, you darling itty man?"
2469|But you're the worst I ever heard, Anne," protested Gilbert, who, not being a mother but only a father, was not wholly convinced yet that Sir Oracle was wrong. I never heard anything like the way you talked to that child.
2471|Gilbert put his arm about them. Oh, you mothers, he said. You mothers! God knew what he was about when he made you.
2473|Leslie was the first to become aware of him. Even in the twilight Anne could see the sudden whiteness that swept over her beautiful face, blotting out the crimson of lip and cheeks.
2474|Owen came forward eagerly, blind for a moment to Anne.
2475|Leslie, he said, holding out his hand. It was the first time he had ever called her by her name, but the hand Leslie gave him was cold, and she was very quiet all the evening, while Anne and Gilbert and Owen laughed and talked together.
2476|Before his call ended, she excused herself and went upstairs. Owen's gay spirits flagged, and he went away soon after with a downcast air.
2478|Don't be a goose, Gilbert," was Anne's conjugal reply. As for Leslie, she is absurd, and I'm going up to tell her so.
2479|Anne found Leslie at the dormer window of her room. The little place was filled with the rhythmic thunder of the sea.
2480|Leslie sat with locked hands in the misty moonshine, a beautiful accusing presence.
2481|And she said in a low, reproachful voice,
2482|Did you know Owen Ford was coming to Four Winds?
2483|I did," said Anne brazenly. Oh, you should have told me, Anne! Leslie cried passionately. If I had known I would have gone away. I wouldn't have stayed here to meet him. You should have told me. It wasn't fair of you, Anne. Oh, it wasn't fair!
2484|Leslie's lips were trembling, and her whole form was tense with emotion. But Anne laughed heartlessly. She bent over and kissed Leslie's upturned reproachful face.
2487|End of chapter 36
2488|CHAPTER XXXVII.
2489|Chapter 37 Miss Cornelia makes a startling announcement.
249|It seemed to Anne, for a fleeting moment, that there was even a veiled hint of hostility in it.
2491|What had come over Miss Cornelia? She did not look cast down or worried. On the contrary, there was a certain air of nervous exaltation about her.
2492|Where is Leslie?" she asked, not as if it mattered much, either.
2493|Oh, and then she went raspberrying in the woods back of her farm," answered Anne. They won't be back before supper-time, if then.
2494|They don't seem to have any idea that there is such a thing as a clock," said Gilbert. I can't get to the bottom of that affair. I'm certain you women pulled strings. But Anne, undutiful wife, won't tell me. Will you, Miss Cornelia?
2495|No, I shall not. But," said Miss Cornelia, with the air of one determined to take the plunge and have it over, "I will tell you something else. I came to-day on purpose to tell it. I am going to be married." " " " " " " " " " " " " " " " " "
2496|Anne and Gilbert were silent. If Miss Cornelia had announced her intention of going out to the channel and drowning herself, the thing might have been believable.
2497|This was not. So they waited.
2498|Of course, Miss Cornelia had made a mistake.
2499|Well, you both look sort of kerflummoxed," said Miss Cornelia with a twinkle in her eyes. Now that the awkward moment of revelation was over, Miss Cornelia was her own woman again. Do you think I'm too young and inexperienced for matrimony?
250|But it was the girl's beauty which made Anne give a little gasp, a beauty so marked that it must have attracted attention anywhere.
2500|You know, it is rather staggering," said Gilbert, trying to gather his wits together.
2501|I've heard you say a score of times that you wouldn't marry the best man in the world.
2502|I'm not going to marry the best man in the world, retorted Miss Cornelia. Marshall Elliott is a long way from being the best.
2503|Are you going to marry Marshall Elliott?" exclaimed Anne, recovering her power of speech under this second shock.
2504|Yes, I could have had him any time these twenty years if I'd lifted my finger. But do you suppose I was going to walk into church beside a perambulating haystack like that?
2505|I am sure we are very glad and we wish you all possible happiness," said Anne very flatly and inadequately, as she felt.
2506|She was not prepared for such an occasion. She had never imagined herself offering betrothal felicitations to Miss Cornelia.
2507|Thanks, I knew you would," said Miss Cornelia. You are the first of my friends to know it.
2509|Marshall is coming to live at my place. I'm sick and tired of hired men. That Jim Hastings I've got this summer is positively the worst of the species. He would drive anyone to getting married.
251|She was hatless, but heavy braids of burnished hair, the hue of ripe wheat, were twisted about her head like a coronet.
2514|You know he's a grit, Miss Cornelia." "Yes, he is," admitted Miss Cornelia, rather sadly. And of course there is no hope of making a conservative of him. But at least he is a Presbyterian. So I suppose I shall have to be satisfied with that."
2515|Would you marry him if he were a Methodist, Miss Cornelia? No, I would not. Politics is for this world, but religion is for both.
2516|And you may be a relict, after all, Miss Cornelia. Not I. Marshall will live me out. The Eliots are long-lived, and the Bryans are not.
2519|I don't think veils are usually worn with any butt-white dresses," admitted Anne. But that is merely a convention. And I am like Mr. Elliott, Miss Cornelia. I don't see any good reason why you shouldn't have a veil if you want one.
252|Her eyes were blue and star-like. Her figure, in its plain print gown, was magnificent, and her lips were as crimson as a bunch of blood-red poppies she wore at her belt.
2520|But Miss Cornelia, who made her calls in calico wrappers, shook her head. "If it isn't the proper thing I won't wear it," she said with a sigh of regret for a lost dream.
2521|"Since you are determined to be married, Miss Cornelia," said Gilbert solemnly, "I shall give you the excellent rules for the management of a husband which my grandmother gave my mother when she married my father."
2522|Well, I reckon I can manage Marshall Elliott, said Miss Cornelia placidly. But let us hear your rules.
2523|The first one is, catch him. He's caught, go on.
2524|The second one is, feed him well. With enough pie, what next?
2525|The third and fourth are, Keep your eye on him.
2526|I believe you," said Miss Cornelia emphatically.
2527|End of chapter 37.
2528|CHAPTER XXXVIII.
2529|Chapter 38 Red Roses
253|Gilbert, who is the girl we have just passed?" asked Anne in a low voice.
2531|But one evening Owen Ford found Leslie alone in it. Anne and Gilbert were away, and Susan, who was expected back that night, had not yet returned.
2532|The northern sky was amber and pale green over the fur tops. The air was cool, for August was nearing September, and Leslie wore a crimson scarf over her white dress.
2533|Together they wandered through the little friendly flower-crowded paths in silence.
2534|Owen must go soon. His holiday was nearly over. Leslie found her heart beating wildly. She knew that this beloved garden was to be the scene of the binding words that must seal their as yet unworded understanding.
2535|Some evenings a strange odor blows down the air of this garden, like a phantom perfume, said Owen.
2536|I have never been able to discover from just what flower it comes. It is elusive and haunting and wonderfully sweet.
2537|I like to fancy it as the soul of Grandmother Selwyn passing on a little visit to the old spot she loved so well.
2538|There should be a lot of friendly ghosts about this little old house.
2539|I have lived under its roof only a month," said Leslie, but I love it as I never loved the house over there where I lived all my life.
254|I didn't notice any girl," said Gilbert, who had only eyes for his bride.
2540|This house was built and consecrated by love, said Owen. Such houses must exert an influence over those who live in them.
2541|And this garden—it is over sixty years old, and the history of a thousand hopes and joys is written in its blossoms. Some of those flowers were actually set out by the schoolmaster's bride, and she has been dead for thirty years.
2542|Yet they bloom on every summer. Look at those red roses, Leslie, how they queen it over everything else.
2543|I love the red roses," said Leslie. Anne likes the pink ones best, and Gilbert likes the white.
2544|But I want the crimson ones. They satisfy some craving in me as no other flower does.
2545|These roses are very late. They bloom after all the others have gone, and they hold all the warmth and soul of the summer come to fruition," said Owen, picking some of the glowing, half-opened buds.
2546|The rose is the flower of love. The world has acclaimed it so for centuries.
2547|The pink roses are love hopeful and expectant. The white roses are love dead or forsaken.
2548|The Red Roses, Leslie.
2549|What are the red roses? Love triumphant, said Leslie in a low voice.
255|She was standing by that gate. No, don't look back. She's still watching us. I never saw such a beautiful face.
2550|Yes, love triumphant and perfect.
2551|Leslie, you know, you understand.
2552|I have loved you from the first, and I know you love me.
2553|I don't need to ask you, but I want to hear you say it, my darling, my darling.
2555|Anne and Gilbert returned presently, accompanied by Captain Jim. Anne lighted a few sticks of driftwood in the fireplace, for love of the pixie flames, and they sat around it for an hour of good fellowship.
2556|When I sit looking at a driftwood fire it's easy to believe I'm young again," said Captain Jim.
2557|Can you read futures in the fire, Captain Jim? Asked Owen.
2558|Captain Jim looked at them all affectionately, and then back again at Leslie's vivid face and glowing eyes.
2559|I don't need the fire to read your futures," he said. I see happiness for all of you—all of you—for Leslie and Mr. Ford and the doctor here and Mistress Blythe and little Jem.
256|I don't remember seeing any very handsome girls while I was here. There are some pretty girls up at the Glen, but I hardly think they could be called beautiful.
2560|and children that ain't been born yet but will be. Happiness for you all. Though, mind you, I reckon you'll have your troubles and worries and sorrows, too. They're bound to come, and no house, whether it's a palace or a little house of dreams, can bar them out.
2561|But they won't get the better of you if you face them together, with love and trust. You can weather any storm with M2 for compass and pilot.
2562|The old man rose suddenly and placed one hand on Leslie's head and one on Anne's.
2563|Two good, sweet women, he said, true and faithful, and to be depended on.
2564|Your husbands will have honor in the gates because of you. Your children will rise up and call you blessed in the years to come.
2565|There was a strange solemnity about the little scene. Anne and Leslie bowed as those receiving a benediction. Gilbert suddenly brushed his hand over his eyes. Owen Ford was rapt as one who can see visions.
2566|All were silent for a space. The little house of dreams added another poignant and unforgettable moment to its store of memories.
2567|I must be going now," said Captain Jim slowly at last. He took up his hat and looked lingeringly about the room.
2568|Good night, all of you," he said as he went out.
2569|Anne, pierced by the unusual wistfulness of his farewell, ran to the door after him.
257|This girl is. You can't have seen her or you would remember her. Nobody could forget her. I never saw such a face except in pictures. And her hair. It made me think of Browning's cord of gold and gorgeous snake.
2570|Come back soon, Captain Jim," she called, as he passed through the little gate hung between the furs.
2571|Aye, aye, he called cheerily back to her.
2572|But Captain Jim had sat by the old fireside of the House of Dreams for the last time.
2573|and went slowly back to the others. It's so
2574|It's so pitiful to think of him going all alone down to that lonely point," she said, and there is no one to welcome him there.
2575|Captain Jim is such good company for others that one can't imagine him being anything but good company for himself," said Owen.
2576|But he must often be lonely. There was a touch of the seer about him tonight. He spoke as one to whom it had been given to speak.
2577|Well, I must be going, too. Anne and Gilbert discreetly melted away, but when Owen had gone, Anne returned to find Leslie standing by the hearth.
2578|Oh, Leslie, I know, and I'm so glad, dear," she said, putting her arms about her.
2579|And my happiness frightens me," whispered Leslie. It seems too great to be real. I'm afraid to speak of it, to think of it. It seems to me that it must just be another dream of this house of dreams, and it will vanish when I leave here.
258|Probably she's some visitor in Four Winds, likely someone from that big summer hotel over the harbor.
2580|Well, you are not going to leave here until Owen takes you. You are going to stay with me until that time comes. Do you think I'd let you go over to that lonely, sad place again?
2581|Thank you, dear. I meant to ask you if I might stay with you. I didn't want to go back there. It would seem like going back into the chill and dreariness of the old life again.
2582|Anne, Anne, what a friend you've been to me, a good, sweet woman, true and faithful and to be depended on. Captain Jim summed you up.
2583|He said, women, not woman, smiled Anne.
2584|Perhaps Captain Jim sees us both through the rose-colored spectacles of his love for us.
2585|But we can try to live up to his belief in us at least.
2586|Do you remember, Anne?" said Leslie slowly.
2587|That I once said, that night we met on the shore, that I hated my good looks.
2588|I did, then. It always seemed to me that if I had been homely Dick would never have thought of me.
2589|I hated my beauty because it had attracted him. But now—
259|She wore a white apron and she was driving geese. She might do that for amusement. Look, Anne, there's our house.
2590|Oh, I'm glad that I have it. It's all I have to offer Owen. His artist soul delights in it. I feel as if I do not come to him quite empty-handed.
2591|Owen loves your beauty, Leslie. Who would not? But it's foolish of you to say or think that this is all you bring him. He will tell you that. I needn't.
2592|But now I must lock up. I expected Susan back to-night, but she has not come." "Oh, yes. Here I am, Mrs. Dr. Dear," said Susan, entering unexpectedly from the kitchen, and puffing like a hen drawing rails at that. It's quite a walk from the Glen down here."
2593|I'm glad to see you back, Susan. How is your sister?
2595|And speaking of getting married, Mrs. Doctredere, is it true that Cornelia Bryant is going to be married to Marshall Elliott?
2597|There's another world, you know, Susan." "Yes," said Susan with a heavy sigh, "but, Mrs. Dr. Dear, there is neither marrying nor giving in marriage there."
2598|End of chapter 38
2599|CHAPTER XXXIX.
260|Anne looked, and forgot for a time the girl with the splendid, resentful eyes. The first glimpse of her new home was a delight to eye and spirit. It looked so like a big, creamy seashell stranded on the harbor shore.
2600|Chapter 39 Captain Jim crosses the bar.
2601|One day in late September, Owen Ford's book came at last. Captain Jim had gone faithfully to the Glenn Post Office every day for a month expecting it. This day he had not gone, and Leslie brought his copy home with hers and Anne's.
2603|Captain Jim is never late by the fraction of a second," said Leslie.
2606|Just think of it," he said. The old sailor right there in a real printed book. This is the proudest day of my life. I'm like to bust, girls. There'll be no sleep for me tonight. I'll read my book clean through before sun up.
2611|I wonder how he will like the ending. The ending I suggested," said Leslie.
2612|she was never to know. Early the next morning Anne awakened to find Gilbert bending over her fully dressed, with an expression of anxiety on his face.
2614|Anne sat up in dismay. Through her window she saw the light blinking palely against the blue skies of dawn.
2615|Perhaps he has fallen asleep over his life-book," she said anxiously, or becomes so absorbed in it that he has forgotten the light.
2616|Gilbert shook his head. That wouldn't be like Captain Jim. Anyway, I'm going down to sea. Wait a minute, and I'll go with you," exclaimed Anne. Oh, yes, I must. Little Jim will sleep for an hour yet, and I'll call Susan. You may need a woman's help if Captain Jim is ill.
2618|Had it not been for the baleful star on the white tower, that early walk would have been a delight to Anne and Gilbert. But they went softly with fear.
2619|Their knock was not responded to. Gilbert opened the door and they went in.
262|Outwardly, dark green arms keep them in violet from curious or indifferent eyes.
2620|The old room was very quiet. On the table were the remnants of the little evening feast. The lamp still burned on the corner stand. The first mate was asleep in a square of sunshine by the sofa.
2622|He is asleep, whispered and tremulously.
2623|Gilbert went to the sofa and bent over him for a few moments. Then he straightened up.
2624|Yes, he sleeps. Well.
2625|He added quietly. And Captain Jim has crossed the bar.
2627|End of chapter 39
2628|CHAPTER 40
2629|Farewell to the House of Dreams.
263|The night winds were beginning their wild dances beyond the bar, and the fishing hamlet across the harbor was gemmed with light as Anne and Gilbert drove up the poplar lane. The door of the little house opened, and a warm glow of firelight flickered out into the dusk.
2631|Leslie mourned that Captain Jim had not lived to see the amazing success of it.
2632|How he would have delighted in the reviews! They are almost all so kindly! And to have seen his life-book heading the lists of the best sellers! Oh, if he could have just lived to see it, Anne!
2633|But Anne, despite her grief, was wiser.
2634|It was the book itself he cared for, Leslie, not what might be said of it. And he had it. He had read it all through. That last night must have been one of the greatest happiness for him, with the quick, painless ending he had hoped for in the morning.
2635|I am glad for Owen's sake and yours that the book is such a success. But Captain Jim was satisfied. I know.
2636|The Lighthouse Star still kept a nightly vigil. A substitute keeper had been sent to the point until such time as an all-wise government could decide which of many applicants was best fitted for the place, or had the strongest pull.
2637|The first mate was at home in the little house, beloved by Anne and Gilbert and Leslie, and tolerated by a Susan who had small liking for cats.
2639|That might fitly be called a catastrophe," said Gilbert. Oh, you may laugh, Dr. dear, but it would be no laughing matter.
264|Gilbert lifted Anne from the buggy and led her into the garden, through the little gate between the ruddy tipped firs, up the trim red path to the sandstone step.
2640|Cats never suck babies' breaths," said Gilbert. That is only an old superstition, Susan.
2642|Mr. and Mrs. Marshall Elliott were living comfortably and harmoniously in the Green House. Leslie was busy with sewing, for she and Owen were to be married at Christmas. Anne wondered what she would do when Leslie was gone.
2643|changes come all the time. Just as soon as things get really nice they change," she said with a sigh.
2644|The old Morgan place up at the Glenisfer sale," said Gilbert, apropos of nothing in especial.
2645|Is it?" asked Anne indifferently. Yes. Now that Mr. Morgan is gone, Mrs. Morgan wants to go live with her children in Vancouver. She will sell cheaply, for a big place like that in a small village like the Glen will not be very easy to dispose of.
2646|Well, it's certainly a beautiful place, so it is likely she will find a purchaser," said Anne absently, wondering whether she should hem-stitch or feather-stitch little Jem's short dresses. He was to be shortened the next week, and Anne felt ready to cry at the thought of it.
2647|Suppose we buy it, Anne," remarked Gilbert quietly.
2648|Anne dropped her sewing and stared at him. You're not an earnest Gilbert.
2649|Indeed I am, dear. And leave this darling spot, our house of dreams?" said Anne incredulously. Oh, Gilbert, it's—it's unthinkable!
265|Welcome home," he whispered, and hand in hand they stepped over the threshold of their house of dreams.
2650|Listen patiently to me, dear. I know just how you feel about it. I feel the same. But we've always known we would have to move some day. Oh, but not so soon, Gilbert. Not just yet.
2652|Oh, I know, I know," said Anne, tears filling her eyes. I know all that can be said against it, but I love it so, and it's so beautiful here.
2653|He would find it very lonely here after Leslie goes, and Captain Jim has gone too.
2654|The Morgan place is beautiful. And in time we would love it. You know you have always admired it, Anne."
2657|You can't see the lighthouse star from it. Yes, you can see it from the attic window. There's another advantage, Anne-girl. You love big garrets.
2658|There's no brook in the garden. Well, no, but there is one running through the maple grove into the Glen pond. And the pond itself isn't far away. You'll be able to fancy you have your own lake of shining waters again.
2659|Well, don't say anything more about it just now, Gilbert. Give me time to think, to get used to the idea.
266|End of chapter 5
2660|All right. There is no great hurry, of course. Only, if we decide to buy, it will be well to be moved in and settled before winter.
2661|Gilbert went out, and Anne put away little Jem's short dresses with trembling hands. She could not sew any more that day.
2663|Why, these things were a part of her. How could she leave them?
2664|And now this little house, consecrated a four-time by love and joy, had been re-consecrated for her by her happiness and sorrow.
2666|Joy and grief, birth and death, had made sacred forever this little house of dreams.
2667|And now she must leave it. She knew that, even while she had contended against the idea to Gilbert. The little house was outgrown. Gilbert's interests made the change necessary. His work, successful though it had been, was hampered by his location.
2668|Anne realized that the end of their life in this dear place drew nigh, and that she must face the fact bravely. But how her heart ached!
267|CHAPTER 6 CAPTAIN JIM
2672|You have not quarrelled with the doctor, have you now, Mrs. Doctor, dear? But if you have, do not worry. It is a thing quite likely to happen to married couples, I am told, although I have had no experience that way myself. He will be sorry, and you can soon make it up."
2673|No, no, Susan, we haven't quarreled. It's only—Gilbert is going to buy the Morgan place, and we'll have to go and live at the Glen, and it will break my heart.
2674|Susan did not enter into Anne's feelings at all. She was, indeed, quite rejoiced over the prospect of living at the Glen. Her one grievance against her place in the little house was its lonesome location.
2675|Why, Mrs. Doctor, dear, it will be splendid. The Morgan House is such a fine, big one." I hate big houses," sobbed Anne.
2678|Oh, go away, Susan, go away, said Anne forlornly. Cellars and pantries and closets don't make a home. Why don't you weep with those who weep?
2679|Well, I never was much hand for weeping, Mrs. Doctor dear. I would rather fall to and cheer people up than weep with them. Now do not you cry and spoil your pretty eyes. This house is very well and has served your turn, but it is high time you had a better."
268|Old Dr. Dave and Mrs. Dr. Dave had come down to the little house to greet the bride and groom.
2680|Susan's point of view seemed to be that of most people. Leslie was the only one who sympathized understandingly with Anne. She had a good cry, too, when she heard the news. Then they both dried their tears and went to work at the preparations for moving.
2682|Anne and Leslie had another cry the next week when they shortened little Jem. Anne felt the tragedy of it until evening when, in his long nightie, she found her own dear baby again.
2684|Anne, I have just had a letter from Owen," said Leslie, entering with a bright face, and oh, I have such good news! He writes me that he is going to buy this place from the church trustees and keep it to spend our summer vacations in. Anne, are you not glad?
2685|Oh, Leslie, glad isn't the word for it. It seems almost too good to be true. I shan't feel half so badly now that I know this dear spot will never be desecrated by a vandal tribe or left to tumble down and decay. Why, it's lovely, it's lovely.
2686|One October morning Anne wakened to the realization that she had slept for the last time under the roof of her little house. The day was too busy to indulge regret, and when evening came the house was stripped and bare.
2687|Anne and Gilbert were alone in it to say farewell. Leslie and Susan and little Jem had gone to the glen with the last load of furniture. The sunset light streamed in through the curtainless windows.
2688|It has all such a heart-broken, reproachful look, hasn't it?" said Am.
2689|Oh, I shall be so homesick at the Glen tonight.
269|Dr. Dave was a big, jolly, white-whiskered old fellow. And Mrs. Doctor was a trim, rosy-cheeked, silver-haired little lady who took Anne at once to her heart, literally and figuratively.
2690|We have been very happy here, haven't we, Anne-girl?" said Gilbert, his voice full of feeling.
2691|Anne choked, unable to answer. Gilbert waited for her at the fir-tree gate while she went over the house and said farewell to every room.
2693|But we will be gone," said Anne through her tears.
2694|She went out, closing and locking the door behind her. Gilbert was waiting for her with a smile. The lighthouse star was gleaming northward. The little garden, where only marigold still bloomed, was already hooding itself in shadows.
2695|Anne knelt down and kissed the worn-oat step which she had crossed as a bride.
2696|Goodbye, dear little house of dreams," she said.
2697|End of CHAPTER 40
2698|Chapter 1 of The Sky is Falling by Lester Del Rey
2699|This is the LibriVox recording. All LibriVox recordings are in the public domain.
270|I'm so glad to see you, dear. You must be real tired. We've got a bite of supper ready, and Captain Jim brought up some trout for you. Captain Jim, where are you? Oh, he slipped out to see to the horse, I suppose. Come upstairs and take your things off."
2700|For more information or to volunteer please visit LibriVox.org.
2701|THE SKY IS FALLING by LESTER DEL RAY
2702|Dave Hanson, by the power of the true name, be summoned cells and humours, Ka and Id, self and Dave Hanson.
2703|The name came swimming through utter blackness, sucking at him, pulling him together out of nothingness.
2704|Then, abruptly, he was aware of being alive and surprised.
2705|He sucked in on the air around him, and the breath burned in his lungs.
2706|He was one of the dead. There should be no quickening of breath within him.
2707|He caught a grip on himself, fighting the fantasies of his mind, and took another breath of air.
2708|This time it burned less, and he could force an awareness of the smells around him.
2709|But there was none of the pungent odor of the hospital he had expected.
271|Anne looked about her with bright, appreciative eyes as she followed Mrs. Dr. Dave upstairs. She liked the appearance of her new home very much. It seemed to have the atmosphere of Green Gables and the flavor of her old traditions.
2710|Instead, his nostrils were scorched with a noxious odor of sulfur, burned hair, and cloying incense.
2711|He gagged on it. His diaphragm tottened with the sharp pain of long, unused muscles, and he sneezed.
2712|A good sign," a man's voice said. The followers have accepted and are leaving. Only a true being can sneeze.
2713|But unless the salamander works, his chances are only slight.
2714|There was a mutter of agreement from others before an older voice broke in.
2715|It takes a deeper fire than most salamanders can stir, Sir Perth.
2716|We might aid it with high-frequency radiation, but I distressed the effects on the pre-psychic.
2717|if we tried a tamed succubus." "The things are untrustworthy," the first voice answered."
2718|And with the sky falling we dare not trust one." The words blurred off in a fog of semi-consciousness and half-thoughts.
2719|The sky was falling? Who killed Proxy Loxy? I said the spider, who sat down inside her. I went bump in the night and the bull jumped over the moon.
272|I think I would have found Miss Elizabeth Russell a kindred spirit, she murmured when she was alone in her room.
2720|The bull," he croaked. The bull sleeper.
2721|Delirious the first voice muttered. I mean Bull Pusher.
2722|that was wrong, too, and he tried again, forcing his reluctant tongue around the syllables.
2723|Dostor! Dammit, couldn't he even pronounce simple in Gallus?
2724|The language wasn't English, however, nor was it Canadian French, the only other speech you could make any sense of.
2725|Yet he understood it, had even spoken it, he realized.
2726|There was nothing wrong with his command of whatever language it was, but there seemed to be no word for bulldozer.
2727|He struggled to get his eyes open. The room seemed normal enough, in spite of the odd smells.
2728|He lay on a high bed, surrounded by prim white walls, and there was even a chart of some kind at the bottom of a bed frame.
2729|He focused his eyes slowly on what must be the doctors and nurses there, and their faces looked back with the proper professional worry.
273|There were two windows in it. The dormer one looked out on the lower harbor and the sandbar and the four winds light.
2730|But the very colored gowns they wore in place of proper clothing were covered with odd designs, stars, crescents, and things that might have been symbols for astronomy or chemistry.
2731|He tried to reach for his glasses to adjust them. There were no glasses.
2732|that hit him harder than any other discovery. He must be delirious in imagining the room
2733|Dave Hanson was so nearsighted that he couldn't have seen the men much less the clothing without corrective lenses.
2734|The middle-aged man with a small mustache bent over the chart near his feet.
2735|"Hm," the man said in the voice of the first speaker."
2736|Mars trines Neptune. And with Scorpio so altered. Better add 2cc of cortisone to the transfusion.
2737|Hansen tried to sit up, but his arms refused to bear his weight.
2738|He opened his mouth. A slim hand came to his lips, and he looked up into soothing blue eyes.
2739|The nurse's face was framed in copper-red hair. She had the transparent skin and classic features that occur once in a million times, but which still keep the legend of red-headed enchantresses alive.
274|A magic casement opening on the foam of perilous seas in fairylands forlorn.
2740|"Shh!" she said. He began to struggle against her hand, but she shook her head gently.
2741|Her other hand began a series of complicated motions that had a ritualistic look about them.
2742|Shhh!" she repeated. REST. Relax and sleep, Dave Hanson, and remember when you were alive.
2743|There was a sharp sound from the doctor, but it began to blur out before Hansen could understand
2744|He fought to remember what he'd heard the nurse say—something about when he was alive, as if he'd been dead a long time.
2745|He couldn't hold the thought. At a final rapid motion of the girl's hand, his eyes closed, the smell faded from his nose, and all sounds vanished.
2746|Once there was a stinging sensation, as if he were receiving the transfusion.
2747|Then he was alone in his mind with his memories, mostly of the last day when he'd still been alive.
2748|He seemed to be reliving the events, rethinking the thoughts he'd had then.
2749|It began with the sight of his uncle's face leering at him. Uncle David Arnold Hanson looked like every man's dream of himself and every woman's dreams of manliness.
275|The gable window gave a view of a little harvest-hued valley through which a brook ran.
2750|But at the moment, to Dave, he looked more like a personal demon.
2751|His head was tilted back and nasty laughter was booming through the air of the little office.
2752|So your girl writes that your little farewell activity didn't fare so well, eh? He chortled. And you come crawling here to tell me you want to do the honorable thing, is that it?
2753|Alright my beloved nephew, you'll do the honorable thing. You'll stick to your contract with me.
2754|But—Dave began—but if you don't you'd better read it again. You don't get one cent except on completion of your year with me. That's what it says and that's what happens."
2755|He paused, letting the fact that he meant it sink in.
2756|He was enjoying the whole business and in no hurry to end it.
2758|Dave wasn't listening any longer. In futile anger he'd swung out of the office and gone stumbling back toward the computer building.
2759|Then, in a further burst of anger, he swung off the trail.
2760|to hell with his work and blast his uncle. He'd go on into town and he'd do whatever he pleased.
2761|The worst part of it was that Uncle David could make good on his threat of seeing that Dave got no more work anywhere.
2763|But he was doing it. And it was already beginning to work.
2764|Dave had noticed that the last winter in Chicago had definitely shown that Uncle David's predictions were coming true.
2765|Like most of the world, Dave had regarded the big man who was his uncle with something close to worship.
2766|He'd jumped at the chance to work under Uncle David, and he'd been a fool.
2767|He'd been doing all right in Chicago. Repairing computers didn't pay a fortune, but it was a good living, and he was good at it.
2768|And there was Bertha. Maybe not a movie doll, but a sort of pretty girl, who was also a darn good cook.
2769|For a man of thirty who'd always been a scrawny, shy runt, like the one in the before pictures, he'd been doing all right.
277|She suddenly found herself thinking of the beautiful girl with the white geese.
2770|Then came the letter from his uncle, offering him triple salary as a maintenance man on the computers used for the construction job.
2771|There was nothing said about romance and beauteous Indian mates, but Dave filled that in himself.
2772|And he would need the money when he and Bertha got married, too. And all that healthy outdoor living was just what the doctor would have ordered.
2773|The Indian maids of course turned out to be a few fat old squaws who knew all about white men.
2774|The outdoor living developed into five months of rain, hail, sleet, blizzard, fog, and constant freezing in tractors, while breathing the healthy fumes of diesels.
2775|Uncle David turned out to be a construction genius all right, but his interest in Dave seemed to lie in the fact that he was tired of being Simon Legree to strangers, and wanted to take it out on one of his own family.
2776|And the easy job turned into hell, when the regular computer man couldn't take any more and quit, leaving Dave to do everything, including making the field test to gain the needed data.
2777|Now Bertha was writing frantic letters, telling him how much he'd better come back and marry her immediately. And Uncle David thought it was a joke.
2778|Dave paid no attention to where his feet were leading him, only vaguely aware that he was heading down a gully below the current construction job.
2779|He heard the tractors and bulldozers moving along the narrow cliff above him, but he was used to the sound.
278|Gilbert thought she didn't belong here, mused Anne, but I feel sure she does. There was something about her that made her part of the sea and the sky and the harbor.
2780|He heard frantic yelling from above too, but paid no attention to it.
2781|In any Hansen construction program somebody was always yelling about something that had to be done day before yesterday.
2782|It wasn't until he finally became aware of his own name being shouted that he looked up.
2783|And then he froze in horror. The bulldozer was teetering at the edge of the cliff as he saw it, right above him, and the cliff was crumbling from under it, while the tread spun idiotically out of control.
2784|As Dave's eyes took in the whole situation, the cliff crumbled completely, and the dozer came lunging over the edge, plunging straight for him.
2785|His shout was drowned in the roar of the motor. He tried to force his legs to jump, but they were frozen in terror. The heavy mass came straight for him, its treads churning like great teeth reaching for him.
2786|And then it hit, squarely on top of him, something ripped and splattered and blacked out in an unbearable welter of agony.
2787|Dave Hanson came awake, trying to scream, and thrusting at the bed with arms too weak to raise him.
2788|The dream of the past was already fading. The horror he had thought was death lay somewhere in the past.
2789|Now he was here, wherever here was.
279|Four winds is in her blood. When Anne went downstairs, Gilbert was standing before the fireplace talking to a stranger. Both turned as Anne entered.
2790|And the obvious answer was that he was in a normal hospital, somehow still alive, being patched up.
2791|the things he seemed to remember from his other waking must be a mixture of fact and delirium. Besides, how is he to judge what was normal in extreme cases of surgery?
2792|He managed to struggle up to a sitting position in the bed, trying to make out more of his surroundings. But the room was dark now.
2793|As his eyes adjusted, he made out a small brazier there, with a cadaverous old man in a dark robe, spotted with looped crosses.
2794|on his head was something like a mitre, carrying a coiled brass snake in front of it.
2795|The old man's white goatee bobbed as he mouthed something silently and made passes over the flame which shot up prismatically.
2796|Clouds of white fire belched up.
2797|Dave reached to adjust his glasses and found again that he wasn't wearing them. But he'd never seen so clearly before.
2798|At that moment a chanting voice broke into his puzzled fart.
2799|It sounded like Sir Perth. Dave turned his head weakly.
280|And this is Captain Boyd. Captain Boyd, my wife.
2800|The motion set sick waves of nausea running through him, but he could see the doctor kneeling on the floor in some sort of pantomime.
2801|The words of the chant were meaningless. A hand closed over Dave's eyes, and the voice of the nurse whispered in his ear.
2802|Shhh, Dave Hanson. It's the Sather carf, so don't interrupt. There may be a conjunction—
2803|He fell back, panting, his heart fluttering.
2804|Whatever was going on, he was in no shape to interrupt anything.
2805|But he knew that this was no delirium. He didn't have that kind of imagination.
2806|The chant changed after a long moment of silence.
2807|Dave's heart had picked up speed, but now it missed again, and he felt cold.
2808|He shivered. Heaven or hell weren't like this either.
2809|It was like something out of some picture. Something about Calyostro, the ancient mystic.
281|It was the first time Gilbert had said, my wife, to anybody but Anne, and he narrowly escaped, bursting with the pride of it.
2810|But he was sure the language he somehow spoke wasn't an ancient one.
2811|It had words for electron, penicillin, and calculus, for he found them in his own mind.
2812|the chant picked up again. And now the brazier flamed a dull red, showing the sadder calf's face changing from some kind of disappointment to a businesslike steadiness.
2813|The red glow grew white in the center, and a fat, worm-like shape of flame came into being.
2814|The old man picked it up in his hand, petted it, and carried it toward Dave.
2815|it flowed toward his chest. He pulled himself back, but Sir Perth and the nurse leaped forward to hold him.
2816|the thing started to grow brighter. It shone now like a tiny bit of white-hot metal.
2817|But the older man touched it, and it snuggled down into Dave's chest, dimming its glow and somehow purring.
2818|Warmth seemed to flow from it into Dave. The two men watched for a moment, then picked up their apparatus and turned to go.
2819|The Sather Karf lifted the fire from the brazier in his bare hand, moved it into the air, and said a soft word.
282|The old captain held out a sinewy hand to Anne. They smiled at each other and were friends from that moment. Kindred's spirit flashed recognition to Kindred's spirit.
2820|It vanished, and the two men were also gone.
2821|Magic, Dave said. He'd seen such illusions created on the stage, but there was something different here, and there was no fakery about the warmth from the thing over his chest.
2822|Abruptly he remembered that he'd come across something like it called a salamander in fiction once.
2823|The thing was supposed to be a spirit of fire and dangerously destructive.
2824|The girl nodded in the soft glow coming from Dave's chest.
2825|Naturally," she told him, How else does one produce and control a salamander except by magic?
2826|Without magic, how can we thaw frozen salt?
2827|Or didn't your world have any sciences, Dave Hanson?
2828|Either the five months under his uncle had toughened him, or the sight of the bulldozer falling had knocked him beyond any strong reaction.
2829|The girl had practically told him he wasn't in his own world.
283|I'm downright pleased to meet you, Mistress Blythe. And I hope you'll be as happy as the first bride was who came here. I can't wish you no better than that. But your husband doesn't introduce me just exactly right."
2830|He waited for some emotion, felt none, and shrugged.
2831|The action sent pain running through him, but he stood it somehow.
2832|The salamander ceased its purring, then resumed,
2833|Where in hell am I? he asked. Or when?
2834|She shook her head. Hell? No, I don't think so.
2835|Some say it's Earth, and some call it Terra, but nobody calls it hell.
2836|It's... well, it's a long time, I guess, from when you were...
2837|I don't know. In such matters only the Satheri know.
2838|The dual is closed even to the seri. Anyhow, it's not your space-time, though some say it's your world.
2839|You mean, dimensional travel, Dava?
284|Captain Jim is my weekaday name, and you might as well begin as you're certain to end up, calling me that.
2840|He'd seen something about that on a science fiction television program. It made even time travel seem simple.
2841|At any event, however, this wasn't a hospital in any sane and normal section of Canada during his time on earth.
2842|Something like that," she agreed doubtfully. But go to sleep now. Shhh! Her hands came up in complicated gestures.
2843|Sleep and grow well. None of that hypnotism again," he protested.
2844|She went on making passes, but smiled on him kindly.
2845|Don't be superstitious. Hypnotism is silly. Now go to sleep. For me, Dave Hanson.
2846|I want you well and true when you awake.
2847|Against his will his eyes closed, and his lips refused to obey his desire to protest.
2848|Fatigue dulled his thoughts. But for a moment he went on pondering.
2849|Somebody from the future. This could never be the past.
285|You certainly are a nice little bride, Mistress Blythe. Looking at you sorta makes me feel that I've just been married myself.
2850|had somehow pulled him out just ahead of the accident, apparently.
2851|Or else he'd been deep frozen somehow to wait for medical knowledge beyond that of his own time.
2852|And he'd heard it might be possible to do that. It was a cockeyed future if this were the future.
2853|Still, if scientists had to set up some sort of a religious mumbo jumbo...
2854|Sickness thickened in him until he could feel his face wet with perspiration. But with it had come a paralysis that left him unable to move or groan.
2855|He screamed inside himself. "Poor Mandrake man," the girl said softly, "go back to Leva. But don't cross over. We need you sorely.""
2856|Then he passed out again.
2857|End of chapter 1
2858|Chapter 2 of The Sky is Falling
2859|Recording by Karen Savage The Sky is Falling by Lester Del Rey
286|Amid the laughter that followed, Mrs. Dr. Dave urged Captain Jim to stay and have supper with them.
2860|CHAPTER II Whatever they had done to patch him up hadn't been very successful, apparently.
2861|He spent most of the time in a delirium. Sometimes he was dead, and there was an ultimate coldness, like the universe long after the entropy death.
2862|At other times he was wandering into fantasies that were all horrible.
2863|and at all times, even in unconsciousness, he seemed to be fighting desperately to keep from falling apart painfully within himself.
2864|When he was awake, the girl was always beside him.
2865|He learned that her name was Nima. Usually there was also the stout figure of Sir Perth.
2866|Sometimes he saw Sather Carff or some other older man working with strange equipment or with things that looked like familiar hypodermics and medical equipment.
2867|Once they had an iron lung around him, and there was a thin wisp over his face.
2868|He started to brush it aside, but Neema's hand restrained him.
2869|Don't disturb the Sylph," she ordered. Another semi-rational period occurred during some excitement or danger that centered around him.
287|Thank you kindly. It'll be a real treat, Mistress Doctor. I mostly ask to eat my meals alone, with the reflection of my ugly old fizz in a looking-glass opposite for company.
2870|He was still half delirious, but he could see men working frantically to build a net of something around his bed, while a wet, thick thing flopped and drooled beyond the door, apparently immune to the attacks of the hospital staff.
2871|There were shouting orders involving the undine. The salamander in Dave's chest crept deeper and seemed to bleat at each cry of the monstrous thing beyond the door.
2872|Sather Karf sat hunched over what seemed to be a bowl of water, paying no attention to the struggle.
2873|Something that he seemed to see there held his attention.
2874|Then he screamed suddenly, The sons of the egg, it's their sending.
2875|He reached for a brazier beside him, caught up the fire, and plunged it deep into the bowl of water, screaming something. There was the sound of an explosion from far away as he drew his hands out, unwet by the water.
2876|Abruptly the undine began a slow retreat. In Dave's chest the salamander began purring again, and he drifted back into his coma.
2877|He tried to ask Nima about it later when she was feeding him, but she brushed it aside.
2878|An orderly let out the news that you are here," she said. But don't worry. We've sent out a doppelganger to fool the sons, and the orderly has been sentenced to slavery under the pyramid-builder for twenty lifetimes.
2879|I hate my brother. How dare he fight us with the sky falling
288|isn't often I have a chance to sit down with two such sweet, purdy ladies.
2880|Later the delirium seemed to pass completely, but Dave took no comfort from that.
2881|In its place came a feeling of gloom and apathy. He slept most of the time, as if not daring to use as little strength even to think.
2882|Sir Perth stayed near him most of the time now.
2883|The man was obviously worried, but tried not to show it.
2884|We've managed to get some testosterone from a blind homunculus," he reported. That should put you on your feet in no time."
2885|Don't worry, young man. We'll keep you vivified somehow until the sign changes.
2886|But he didn't sound convincing. "Everyone is chanting for you," Nima told him. "All over the world the chants go up."
2887|It meant nothing to him, but it sounded friendly. A whole world hoping for him to get well.
2888|He cheered up a bit at that until he found out that the chants were compulsory and had nothing to do with goodwill.
2889|The iron lung was back the next time he came to, and he was being tugged toward it.
289|Captain Jim's compliments may look very bald on paper, but he paid them with such a gracious, gentle deference of tone and look, that the woman upon whom they were bestowed felt that she was being offered a Queen's tribute in a kingly fashion.
2890|He noticed this time that there was no silt, and his breathing seemed to be no worse than usual.
2891|But the sight of the two orderlies and the man in medical uniform beside the lung reassured him.
2892|Whatever their methods, he was convinced that they were doing their best for him here.
2893|He tried to help them get him into the lung, and one of the men nodded encouragingly. But Dave was too weak to give much assistance.
2894|He glanced about for Nima, but she was out on one of her infrequent other duties.
2895|beside, wishing desperately that she were with him.
2896|She was a lot more proficient than the orderly.
2897|The man in medical robe turned toward him sharply.
2898|Stop that!" he ordered. Before Dave could ask what he was to stop, Nima came rushing into the room. Her face paled as she saw the three men, and she gasped, throwing up her hand in a protective gesture.
2899|The two orderlies jumped for her, one grabbing her and the other closing his hands over her mouth. She struggled violently, but the men were too strong for her.
2900|The man in doctor's robes shoved the iron lung aside violently and reached into his clothing.
2901|From it he drew a strange double-bladed knife. He swung toward Dave, raising the knife into striking position, and aimed it at Dave's heart.
2902|The egg breaks, he intoned hollowly.
2903|It was a cultured voice, but there was a refinement to his face that registered on Dave's mind, even over the horror of the weapon.
2904|The fools cannot hold the shell, But neither shall they delay its breaking. Dead you were, Mandrake's son, And dead you shall be again. But since the fault is only theirs, May no ill dreams follow you beyond Latham.
2905|The knife started down just as Neema managed to break free. She shrieked out a phrase of keening command. The salamander suddenly broke from Dave's chest, glowing brighter as it rose toward the face of the attacker.
2907|The salamander turned, heading toward the others, but it was to Nima it went, rather than the two men.
2908|She was trying something desperately, but fear was thick on her face and her hands were unsure.
2909|Abruptly, Sather Carff was in the doorway. His hand lifted, his fingers dancing, words hissed from his lips in a stream of sibilance too quick for Dave to catch.
291|Anne was to learn one day what it was for which Captain Jim looked.
2910|The salamander paused and began to shrink doubtfully.
2911|Sathercarf turned, and again his hands writhed in the air.
2912|One hand darted back and forward, as if it were throwing something.
2913|Again he made the gesture. With each throw, one of the false orderlies dropped to the floor, clutching at a neck where the skin showed marks of constriction as if a steel cord were tightening.
2914|They died slowly, their eyes bulging and faces turning blue.
2915|Now the salamander moved toward them, directed apparently by slight motions from Sather Carpenter.
2916|In a few minutes there was no sign of them.
2917|the old man's side, his face slumping into lines of fatigue and age.
2918|He caught his breath. He held out a hand to the salamander, petted it to a gentle glow, and put it back over Dave's chest.
2919|Good work, Nima," he said wearily.
292|It could not be denied that Captain Jim was a homely man. His spare jaws, rugged mouth, and square brow were not fashioned on the lines of beauty. And he had passed through many hardships and sorrows which had marked his body as well as his soul.
2920|You're too weak to control the salamander, but this was done well in the emergency.
2921|I saw them in the pool, but I was almost too late. The damned fanatics! Superstition in this day and age!
2922|He swung to face Dave, whose vocal cords were still taut with the shock of the sight of the knife.
2923|Don't worry, Dave Hanson. From now on, every sir and sadher will protect you with the lower and the upper magic."
2924|The house changes to-morrow, if the sky permits, and we shall shield you until then.
2925|We didn't bring you back from the dead, piecing your scattered atoms together with your scattered revenant, particle by particle, to have you killed again.
2926|Somehow we'll incarnate you fully. You have my word for that.
2927|Dead? Dave had grown numb to his past during the long illness, but that brought it back afresh.
2928|Then I was killed. I wasn't just frozen and brought here by some time machine.
2929|Sather Akarov stared at him blankly. Time machine?
293|But though at first sight Anne thought him plain, she never thought anything more about it. The spirit shining through that rugged tenement beautified it so wholly.
2930|Impossible. Of course not. After the tractor killed you and you were buried, what good would such fantasies be, even if they existed?"
2931|No. We simply reincarnated you by pooling our magic, though it was a hazardous and parlous thing with the sky falling.
2932|He sighed and went out, while Dave went back to his delirium.
2933|End of chapter 2
2934|CHAPTER III
2935|THE SKY IS FALLING by LESTER DEL RAY CHAPTER III
2936|There was no delirium when he awoke in the morning. Instead, there was only a feeling of buoyant health.
2937|In fact, Dave Hanson had never felt that good in his life, or his former life.
2938|He reconsidered his belief that there was no delirium, wondering if the feeling were not itself a form of hallucination.
2939|But it was too genuine. He knew without question that he was well.
294|They gathered around the supper table. The hearth fire banished the chill of the September evening, but the window of the dining room was open and sea breezes entered at their own sweet will.
2940|It shouldn't have been true. During the night he'd partially awakened in agony to find Nima chanting and gesturing desperately beside him, and he'd been sure he was on the verge of his second death.
2941|He could remember one moment just before midnight when she had stopped and seemed to give up hope.
2942|Then she'd braced herself and begun some ritual, as if she were afraid to try it.
2943|Beyond that, he had no memory of pain.
2944|Neema came into the room now, touching his shoulder gently. She smiled and nodded at him.
2945|Good morning, Sagittarian. Get out of bed.
2946|Expecting the worst, he swung his feet over the side and sat up.
2947|After so much time in bed even a well-man should be rendered weak and shaky. But there was no dizziness, no sign of weakness.
2948|He had made a most remarkable recovery, and Nima didn't even seem surprised.
2949|He tentatively touched foot to floor and half stood, propping himself against the high bed.
295|The view was magnificent, taking in the harbor and the sweep of low purple hills beyond. The table was heaped with Mrs. Doctor's delicacies, but the pièce de résistance was undoubtedly the big platter of sea-trout.
2950|Come on!" Neema said impatiently. You're all right now. We entered your sign during the night.
2951|She turned her back on him and took something from a chest beside the bed.
2952|Sir Perth will be here in a moment. He'll want to find you on your feet and dressed."
2953|Hansom was beginning to feel annoyance at the suddenly cocksure and unsympathetic girl, but he stood fully erect and flexed his muscles.
2954|there wasn't even a trace of bed-sorness, though he had been flat on his back long enough to grow calluses. And as he examined himself, he could find no scars or signs of injuries from the impact of the bulldozer.
2955|if there had ever really been a bulldozer. He grimaced at his own doubts.
2957|She picked up a shirt of heavy-duty khaki from the pile on the bed and handed it to him. "Get into this," she ordered. "Dress first, talk later."
2958|She stalked out of the room. Dave did as she had ordered, busy with his own thoughts as he discovered what he was to wear.
2959|He was still wearing something with a vague resemblance to a short hospital gown, with green pentacles and some plant symbol woven into it, and with a clasp to hold it together shaped into a silver crux ansata.
296|thought they'd be sort of tasty after traveling," said Captain Jim.
2960|He took it off and hurled it into a corner disgustedly.
2961|He picked up the khaki shirt and put it on. Then, with growing curiosity, the rest of the garments, until he came to the shoes.
2962|khaki shirt, khaki breeches, a wide-webbed belt, a flat-brimmed hat, and the shoes—they weren't shoes, but knee-length leather boots, like a dressy version of lumberman's boots, or a rougher version of riding boots.
2963|He hadn't even seen pictures of such things since the few silent movies run in some of the little art theaters.
2964|He struggled to get them on. They were an excellent fit, and comfortable enough, but he felt as if his legs were encased in hardened concrete when he was through.
2966|He was about as far from the appearance of the actual blue-denim leather jacket engineers he had worked with as Maori in ancient battle array.
2967|He shook his head and went looking for the bathroom, where there might be a mirror.
2968|He found a door, but it led into a closet, filled with alembics and other equipment.
2969|There was a mirror hung on the back of it, however, with a big sign over it that said, KEEP OUT.
297|Their freshest trout can be, Mistress Blythe. Two hours ago they were swimming in the Glen Pond. Who is attending to the light tonight, Captain Jim?" asked Dr. Dave.
2970|He threw the door wide and stared at himself. At first, in spite of the costume, he was pleased.
2971|Then the truth began to hit him, and he felt abruptly sure that he was still raging with fever and delirium.
2972|He was still staring when Nima came back into the room. She pursed her lips and shut the door quickly, but he'd already seen enough.
2973|Never mind where I am," he said. Tell me, who am I?
2974|She stared at him. You're Dave Hanson. The hell I am, he told her.
2975|Oh, that's what I remember my father having christened me as. He hated long names. But take a good look at me.
2977|Maybe the face is plastic surgery after the accident, but this isn't even my body.
2978|The girl's expressions softened. I'm sorry, Dave Hanson," she said gently.
2979|We should have thought to warn you. You were a difficult conjuration, and even the easier ones often go wrong these days.
298|Nephew Alec. He understands it as well as I do.
2980|We did our best, though it may be that the auspices were too strong on the soma.
2981|I'm sorry if you don't like the way you look, but there's nothing we can do about it now.
2982|Hansen opened the door again, in spite of Nima's quick frown, and looked at himself.
2983|Well, he admitted, I guess it could be worse.
2984|In fact, I guess it was worse. Once I get used to looking like this, I think I'll get to like it.
2985|But seeing it was a heck of a thing to take for a sick man.
2986|Nima said sharply, "Are you sick?" "Well, I guess not."
2987|Then why say you are? You shouldn't be. I told you we've entered the House of Sagittarius now. You can't be sick in your own sign."
2988|Don't you understand even that much elementary science?
2989|Hansen didn't get a chance to answer. Sir Perth was suddenly in the doorway, dressed in a different type of robe.
299|Well now, I'm real glad you asked me to stay to supper. I'm proper hungry. Didn't have much of a dinner today.
2990|This was short and somehow conservative. It had a sincere, executive look about it.
2991|The man seemed change in other ways, too. But Dave wasn't concerned about that.
2992|He was growing tired of the way people suddenly appeared out of nowhere.
2993|Maybe they all wore rubber-soled shoes or practiced sneaking about.
2994|It was a silly way for grown people to act.
2995|Come with me, Dave Henson." Sir Perth ordered without wasting words.
2996|He spoke in a clipped manner now. Dave followed, grumbling in his mind. It was even sillier than their sneaking about for them to expect him to start running around before they bothered to check the condition of a man fresh out of his deathbed.
2997|In any of the hospitals he had known there would have been hours or days of x-rays and blood tests and temperature taking before he would be released. These people simply decided a man was well and ordered him out.
2998|To do them justice, however, he had to admit that they seemed to be right. He had never felt better.
2999|The twaddle about Sagittarius would have to be cleared up some time. But meanwhile he was in pretty good shape.
300|I believe you have starved yourself most of the time down at that light," said Mrs. Dr. Dave severely.
3000|Sagittarius, as he remembered it, was supposed to be one of the signs of the zodiac.
3001|Bertha had been something of a sucker for astrology, and had found he was born under that sign before she agreed to their little good-bye party.
3002|He snorted to himself. It had done her a heck of a lot of good, which was to be expected of such nonsense.
3003|They passed down a dim corridor, and Sir Perth turned in at a door.
3004|Inside there was a single-chair barber shop, with a barber who might also have come from some movie-casting office.
3005|He had the proper wavy black hair and rat-tailed comb stuck into a slightly dirty off-white jacket.
3006|He also had the half-obsequious, half-insulting manner Dave had found most people expected from their barbers.
3007|While he shaved and trimmed Dave, he made insultingly solicitous comments about Dave's skin needing a massage, suggested a tonic for thinning hair, and practically insisted on a singe.
3008|Sir Perth watched with a mixture of intentness and amusement.
3009|The barber trimmed the tufts from over Dave's ears and clipped the hair in his nose, while a tray was pushed up and a slatternly blond began giving him a manicure.
301|You won't take the trouble to get up a decent meal.
3010|He began noticing that she carefully dumped his fingernail pairings into a small jar.
3011|A few moments later he found the barber also using a jar to collect the hair and shaving stubble.
3012|Sir Perth was also interested in that, it seemed, since his eyes followed that part of the operation.
3013|Dave frowned and then relaxed. After all, this was a hospital barber shop, and they probably had some rigid rules about sanitation, though he hadn't seen much other evidence of such care.
3014|The barber finally removed the cloth with a snap and bowed.
3015|Come again, sir," he said. Sir Perth stood up and motioned for Dave to follow.
3016|He turned to look in a mirror, and caught sight of the barber handing the bottles and jars of waist hair and nail clippings to a girl.
3017|He saw only her back, but it looked like Nima.
3018|Something stirred in his mind then. He'd read something somewhere, about hair clippings and nail pairings being used for some strange purpose.
3019|And there'd been something about spittle. But they hadn't collected that.
302|Oh, I do, Mistress Doctor, I do, protested Captain Jim. Why, I live like a king generally.
3020|Or had they? He'd been unconscious long enough for them to have gathered any amount they wanted.
3021|It all had something to do with some kind of mumbo jumbo and-
3022|Sir Perth had led him through the same door by which they'd entered, but not into the same hallway.
3023|Dave's mind dropped the other thoughts as he tried to cope with the realization that this was another corridor.
3024|It was brightly lit, and there was a scarlet carpet on the floor.
3025|Also, it was a short haul, requiring only a few steps before they came to a bigger door, elaborately enswrolled.
3026|Sir Perth bent before it, and the door opened silently while he and Dave entered.
3027|The room was large and sparsely furnished. Sitting cross-legged on a cushion near the door was Nima, juggling something in her hands.
3028|It looked like a cluster of colored threads, partly woven into a rather garish pattern.
3029|On a raised bench between two windows sat the old figure of Sather Carff, resting his chin on hands that held a staff, and staring at Dave intently.
303|Last night I was up to the Glen and took home two pounds of steak. I meant to have a spanking good dinner today.
3030|Dave stopped as the door closed behind him. Sather Karf nodded as if satisfied, and Nima tied a complex knot in the threads, then paused silently.
3031|Sather Carff looked far less well than when Dave had last seen him.
3032|He seemed older and more shriveled, and there was a querulous, pinched expression in place of the firmness and almost nobility Dave had come to expect.
3033|His old eyes bored into the younger man and he nodded.
3034|His voice had a faint quaver now. All right. You're not much to look at, but you're the best we could find in the ways we can reach. Come here, Dave Hanson."
3035|The command was still there, however petty the man seemed now.
3036|Dave started to fray some protest when he found his legs taking him forward to stop in front of Sather Carver.
3037|like some clockwork man whose lever has been pushed.
3038|He stood in front of the raised bench, noticing that the spot had been chosen to highlight him in the sun-set light from the windows.
3039|He listened while the old man talked. Sather Karf began without preamble, stating things in a dry voice as if reading off a list of obvious facts.
304|And what happened to the steak? asked Mrs. Dr. Dave. Did you lose it on the way home?
3040|You were dead, Dave Hanson—dead, buried, and scattered by time and chance—until even the place where you lay was forgotten.
3041|In your own world you were nothing. Now you are alive, through the effort of men here whose work you could not even dream of.
3042|We have created you, Dave Hanson. Remember that, and forget the ties to any other world, since that world no longer holds you."
3043|Dave nodded slowly. It was hard to swallow, but there were too many things here that couldn't be in any world he had known.
3044|and his memory of dying was the clearest memory he had.
3045|All right," he admitted, you saved my life, or something, and I'll try to remember it.
3046|But if this isn't my world, what world is it?
3047|The only world, perhaps. It doesn't matter.
3048|the old man sighed, and for a moment the eyes were shrouded in speculation, as if he were following some strange byways of his own thoughts.
3049|Then he shrugged. It's a world and culture linked to the one you knew only by theories that disagree with each other.
305|No, Captain Jim looked sheepish.
3050|and by vision, the vision of those who are adept enough to see through the ways to the branches of duality.
3051|Before me there was nothing. But I've learned to open a path, a difficult path for one in this world, and to draw from it as you have been drawn.
3052|Don't try to understand what is a mystery even to the Satheri, Dave Hanson.
3053|A reasonably intelligent man should be able— Dave began.
3054|Sir Perth cut his words off with a sharp laugh. "Maybe a man. But who said you were a man, Dave Hanson? Can't you even understand that? You're only half human."
3055|The other half is Mandrake, a plant that is related to humanity through shapes and signs by magic.
3056|We make simulacra out of mandrakes, like the manicurist in the barber shop, and sometimes we use a mandrake root to capture the essence of a real man, in which case he's a mandrake man, like you.
3057|Human? No. But a very good imitation, I must admit.
3058|Dave turned from Sir Perth toward Nima, but her head was bent over the cords she was weaving, and she avoided his eyes.
3059|He remembered now that she'd called him a Mandrake man before, in a tone of pity.
306|Just at bedtime a poor, ornery sort of dog came along and asked for a night's lodging. Guess he belonged to some of the fishermen long shore.
3060|He looked down at his body, sick in his mind.
3061|Vague bits of fairy tales came back to him, suggesting horrible things about mandrake creatures, zombie-like things, only outwardly human.
3062|Sather Carve seemed amused as he looked at Sir Perth.
3063|Then the old man dropped his eyes toward Dave, and there was a brief look of pity in them.
3064|No matter, Dave Hanson," he said, you were human, and by the power of your true name you are still the same Dave Hanson.
3065|We have given you life as precious as your other life.
3066|Pay us for that with your service, and that new life will be truly precious.
3067|We need your services. What do you want?" Dave asked.
3068|He couldn't fully believe what he'd heard, but there had been too many strange things to let him disbelieve, either.
3069|If they had made him a Mandrake man, then by what little he could remember and guess, they could make him obey them.
307|I couldn't turn the poor cur out—he had a sore foot—so I shut him in the porch with an old bag to lie on and went to bed.
3070|Look out the window—at the sky!" Sather Karf ordered.
3071|Dave looked. The sunset colors were still livid.
3072|He stepped forward and peered through the crystalline glass.
3073|Before him was a city, bathed in orange and red, towering like the skyline of a dozen cities he had seen, and yet not like any.
3074|The buildings were huge and many-windowed, but some were straight and tall, some were squat and fairy-coloured, and others blossomed from thin stalks into impossibly bulbous minarete domes, like long-stemmed tulips reproduced in stone.
3075|Haroun al-Rashid might have accepted the city, but Mayor Wagner could never have believed in it.
3076|Look at the sky," the old man suggested again, and there was no mockery in his voice now.
3077|Dave looked up obediently. The sunset colors were not sunset.
3078|The sky was bright and blinding overhead, surrounded by reddish clouds glaring down on the fairy city. The sky was blotchy.
3079|It was daylight, but through the clouds bright stars were shining.
308|But somehow I couldn't sleep. Come to think it over, I sort of remembered that the dog looked hungry.
3080|A corner of the horizon was winter blue. A whole sweep of it was dead, featureless black. It was a nightmare sky, an impossible sky.
3081|Dave's eyes bulged as he looked at it. He turned back to Sather Karf. What
3082|What's the matter with it? What indeed?
3083|There was bitterness and fear in the old man's voice. In the corner of the room Nima looked up for a moment, and there was fear and worry in her eyes before she looked back to her weaving of endless knots.
3084|Sather, Karf, sighed in weariness. If I knew what was happening to the sky, would I be dredging the muck of duality for the likes of you, Dave Hanson?
3085|He stood up, wearily but with a certain ease and grace that belied his age, looking down at Dave.
3086|There was stern command in his words, but a hint of pleading in his expression.
3087|The sky's falling, Dave Hanson. Your task is to put it together again.
3088|See that you do not fail us." He waved dismissal. Answer Perth led Dave and Nima out.
3089|End of chapter 3
309|And you got up and gave him that steak, all that steak, said Mrs. Dr. Dave with a kind of triumphant reproof.
3090|CHAPTER IV
3091|The Sky is Falling by Lester del Rey Chapter 4
3092|The corridor down which they moved this time was one that might have been familiar even in Dave Chicago.
3093|There was the sound of typewriters from behind the doors, and the floor was covered with composition tile instead of the two lush carpets.
3094|He began to relax a little, until he came to two attendants busily waxing the floor.
3095|One held the other by the ankles, and pushed the creature's hairy face back and forth while its hands spread the wax ahead of it.
3096|The results were excellent, but Dave found it hard to appreciate.
3097|Sir Perth shrugged slightly. "They're only mandrakes," he explained."
3098|He threw open the door of one of the offices and led them through an outer room toward an inner chamber, equipped with comfortable chairs and a desk.
3099|Sit down, Dave Hanson. I'll fill you in on anything you need to know before you're assigned."
310|Well, there wasn't anything else to give him," said Captain Jim deprecatingly. Nothing a dog would care for, that is. I reckon he was hungry, for he made about two bites of it.
3100|Now, the Sather Carf told you what you were to do, of course, but—
3101|Wait a minute," Dave suggested. I don't remember being told any such thing.
3102|Sir Perth looked at Nima, who nodded. "He distinctly said you were to repair the sky. I've got it down in my notes if you want to see them."
3103|She extended the woven cords. Never mind," Sir Perth said.
3104|He twiddled with his mustache. I'll recap a little.
3105|Dave Hanson, as you have seen, the sky is falling and must be repaired. You are our best hope. We know that from a prophecy, and it is confirmed by the fact that the fanatics of the Egg have tried several times to kill you.
3106|They failed, though one effort was close enough, but their attempts would not have been made at all if they had not been convinced through their arts that you can succeed with the skies.
3107|Dave shook his head. It's nice to know you trust me.
3108|Knowing that you can succeed," the other went on smoothly, "...we know that you will."
3109|It is my unpleasant duty to point out to you the things that will happen if you fail. I say nothing of the fact that you owe us your life. That may be a small enough gift, and one quickly withdrawn."
311|I had a fine sleep the rest of the night, but my dinner had to be sort of scanty. Potatoes and point, as you might say.
3110|I say only that you have no escape from us. We have your name, and the true symbol is the thing, as you should know."
3111|We also have cuttings from your hair and your beard. We have the pairings of your nails, five cubic centimetres of your spinal fluid, and a scraping from your liver.
3112|We have your body through those, nor can you take it out of our reach. Your name gives us your soul."
3113|he looked at Hanson piercingly. "Shall I tell you what it would be like for your soul to live in the muck of a swamp in a mandrake-root?"
3114|Dave shook his head. I guess not. I ...
3115|Look, Sir Perth, I don't know what you're talking about. How can I go along with you when I'm in the dark?
3116|Start at the beginning, will you? I was killed. All right. If you say I was, I was. You brought me to life again with a mandrake, root, and spells. You can do anything you want with me. I admit it. Right now I'll admit anything you want me to, because you know what's going on and I don't."
3117|But what's all this business of the sky falling? If it is and can be falling, what's the difference? If there is a difference, why should I be able to do anything about it?
3118|Ignorance. Sir Perth murmured to himself.
3119|He sighed heavily, always ignorance.
312|The dog he let out for home this morning. I reckon he weren't a vegetarian.
3120|Well, then, listen." He sat down on the corner of the desk and took out a cigarette. At least it looked like a cigarette. He snapped his fingers and lighted it from a little flame that sprang up, blowing clouds of bright green smoke from his mouth.
3121|The smoke hung lazily, drifting into vague patterns, and then began to coalesce into a green hoary without costum.
3122|He swatted at it negligently. Dread its silfs! There's no controlling the elementals properly any more.
3123|He didn't seem too displeased, however, as he watched the thing dance off.
3124|And then he sobered. In your world, Dave Hanson, you were versed in the engineering arts—you more than most.
3125|That you should be so ignorant, though you were considered brilliant, is a sad commentary on your world.
3126|But no matter. Perhaps you can at least learn quickly still.
3127|Even you must have had some idea of the composition of the sky.
3128|Dave frowned as he tried to answer. Well, I suppose the atmosphere is oxygen and nitrogen mostly. Then there's the ionosphere and the ozone layer. As I remember, the color of the sky is due to the scattering of light, light rays being diffracted in the air.
3129|Beyond the air," Sir Perth said impatiently, The sky itself.
313|The idea of starving yourself for a worthless dog, sniffed Mrs. Doctor.
3131|He stared at Dave, shaking his head in disgust. You obviously come from a culture of even more superstition than ignorance."
3132|Dave Hanson. The sky is no such thing.
3133|Put aside the myths you heard as a child. The sky is a solid sphere that surrounds earth.
3134|The stars are no more like the sun than the glow of my cigarette is like a forest fire.
3135|They are lights on the inside of the sphere, moving patterns of the star-art nearer to us than the hot lands to the south.
3136|Fort, Dave said. Charles Fort said that in a book.
3137|Sir Perth shrugged. Then why make me say it again? This fort was right. At least one intelligent man lived in your world, I am pleased to know.
3138|The sky is a dome holding the sun, the stars, and the wandering planets.
3139|The problem is that the dome is cracking like a great smashed egg-shell.
314|You don't know, but he may be worth a lot to somebody, protested Captain Jim.
3140|What's beyond the dome?" Sir Perth shuddered slightly.
3141|My greatest wish is that I die before I learn.
3142|In your world, had you discovered that there were such things as elements—that is, basic substances which in combination produce— Of course, Dave interrupted.
3143|Good. Then of the four elements— Dave gulped, but kept silent.
3144|Of the four elements the universe is built. Some things are composed of a single element, some of two, some of three.
3145|The proportions vary, and the humours and spirits change, but all things are composed of the elements. And only the sky is composed of all four elements—of earth, of water, of fire, and of air.
3146|in equal proportions. One part each, lending each its own essential quality to the mixture, so that the sky as solid as earth, radiant as fire, formless as water, insubstantial as air.
3147|and the sky is cracking and falling, as you have seen for yourself.
3149|Air travel is a perilous thing. Just today a stratosphere rock crashed head on into a fragment of the sky and was killed with all its passengers.
315|He didn't look of much account, but you can't go by looks in judging a dog.
3150|Worst of all, the science of magic suffers.
3151|because the stars are fixed on the dome of the sky.
3152|With the crumbling of that dome, the course of the stars has been corrupted.
3153|It's pitiful magic that can be worked without regard to the conjunctions of the planets.
3154|But it is all the magic that is left to us. When Mars trines Neptune, the medical art is weak. Even while we were conjuring you the trine occurred. It almost cost your life."
3155|and it should not have occurred for another seven days.
3156|There was silence, while Sir Perth let Dave consider it.
3157|But it was too much to accept at once, and Dave's mind was a treadmill.
3158|He'd agreed to admit anything, but some of this was such complete nonsense that his mind rejected it automatically.
3159|And yet he was sure Sir Perth was serious. There was no humor on the face of the prissy, thin-moustached man before him.
316|Like myself, he might be a real beauty inside.
3160|Nor had the Southerer Carve considered it a joke, he was sure.
3161|He had a sudden vision of the latter strangling two men from a distance of thirty feet without touching them.
3162|That couldn't happen in a sane world either. Dave asked weakly.
3163|Could I have a drink?" With a silt around, Sir Perth grimaced.
3164|You wouldn't have a chance. Now is all clear to you, Dave Hanson.
3165|Sure, except for one thing. What am I supposed to do?
3166|Repair our sky. It should not be too difficult for a man of your reputation.
3167|You built a wall across a continent high and strong enough to change the air currents and affect all your weather.
3168|and that in the coldest, meanest country in your world.
3169|You come down to us as one of the greatest engineers of history, Dave Hanson, so great that your fame has penetrated even to our world through the viewing-pools of our wisest historians.
317|The first mate didn't approve of him ala Lao. His language was right down forcible.
3170|There is a shrine and monument in your world, Dave Hanson, to whom nothing was impossible.
3171|Well, we have a nearly impossible task—a task of engineering and building.
3172|if our science of magic could be relied upon.
3173|But it cannot. It never can be until the sky is fixed.
3174|We have the word of history. No task is impossible to Dave Hanson."
3175|Dave looked at the smug face and a slow grin crept over his own in spite of himself.
3176|Sir Perth, I'm afraid you've made a slight mistake.
3177|We don't make mistakes in such matters. You're Dave Hanson," Sir Perth said flatly. "Of all the powers of the science, the greatest lies in the true name."
3178|We evoked you by the name of Dave Hanson. You are Dave Hanson, therefore.
3179|Don't try to deceive us," Neema suggested. Her voice was troubled.
318|But the first mate is prejudiced. No use in taking a cat's opinion of a dog.
3180|Pray, rather, that we never have reason to doubt you. Otherwise, the wisest of the Sotheri would spend their remaining time in planning something unthinkable for you.
3181|Sir Perth nodded vigorous assent. Then he motioned to the office.
3182|Nemo will show you to your quarters later. Use this until you leave.
3183|I have to report back." Dave stared after him until he was gone, and then around at the office.
3184|He went to the window and stared upwards at the crazy patchwork of the sky.
3185|For all he knew, in such a sky there might be cracks. In fact, as he looked, he could make out a rift.
3186|and beyond that a whole.
3187|a small patch where there was no color, and yet the sky there was not black.
3188|There were no stars there, though points of light were clustered around the edges, apparently retreating.
3189|All he had to do was repair the sky. Shades of Chicken Little.
319|At any rate, I lost my dinner, so this nice spread in this delightful company is real pleasant. It's a great thing to have good neighbors.
3190|Maybe to David Arnold Hanson, the famed engineer, no task was impossible.
3191|But quite a few things were impossible to that engineer's obscure and unimportant nephew, the computer technician and generally undistinguished man who had been christened Dave.
3192|They'd gotten the right man for the name all right, but the wrong man for the job.
3193|Dave Hansen could repair anything that contained electrical circuits or ran on tiny jeweled bearings.
3194|but he could handle almost nothing else. It wasn't stupidity or incapacity to learn.
3195|but simply that he had never been subjected to the discipline of construction engineering.
3196|Even on the project, while working with his uncle, he had seen little of what went on, and hadn't really understood that except when it produced data that he could feed into his computer.
3197|He couldn't drive a nail in the wall to hang a picture or patch a hole in the plaster.
3198|But it seemed that he'd better put on a good show of trying if he wanted to continue enjoying good health.
3199|I suppose you've got a sample of the sky that's fallen," he asked Nima.
320|Who lives in the house among the willows up the brook? Asked Anne.
3200|And what the heck are you doing here anyhow? I thought you were a nurse.
3201|She frowned at him, but went to a corner where a small ball of some clear crystalline substance stood.
3202|She muttered into it, while a surly face stared out. Then she turned back to him, nodding.
3203|They are sending some of the sky to you. As to my being a nurse, of course I am. All student magicians take up the medical art for a time. Surely one so skilled can also be a secretary, even to the great Dave Hanson?"
3204|As to why I'm here— She dropped her eyes, frowning, while a touch of added color reached her cheeks.
3205|In the sleep spell I used, I invoked that you should be well and true.
3206|But I'm only a bachelor in magic, not even a master, and I slipped.
3207|I phrased it that I wanted you well and true.
3208|Hence, well and truly do I want you
3209|Huh?" He stared at her, watching the blush deep
321|Mrs. Dick Moore," said Captain Jim. And her husband, he added, as if by way of an afterthought.
3210|You mean—take care. First you should know that I am prescribed as a duly registered virgin.
3211|And in this time of need the magic of my blood must not be profaned.
3212|She twisted sidewise, and then turned toward the door, avoiding him.
3213|Before she reached it, the door opened to show a dull clod, entirely naked, holding up a heavy weight of nothing.
3214|Your sample of sky," she said, as the Claude labored over to the desk and dropped nothing with a dull clank.
3215|The desk top dented slightly. Dave could clearly see that nothing was on the desk.
3216|But if nothing was a vacuum, this was an extremely hard and heavy one.
3217|It seemed to be about twelve inches on a side, in its rough shape, and must have weighed two hundred pounds.
3218|He tapped it and it rang. Inside it a tiny point of light danced frantically back and forth.
3219|A star," she said sadly. I'm going to need some place to experiment with this," he suggested.
322|Anne smiled and deduced a mental picture of Mrs. Dick Moore from Captain Jim's way of putting it. Evidently a second Mrs. Rachel Lynde.
3220|He expected to be sent to the deepest, dankest cave of all the world as a laboratory, and to find it equipped with pedigreed bats, dried unicorn horns, and whole rows of alembics that he couldn't use.
3221|Nima smiled brightly. "Of course. We've already prepared a construction camp for you. You'll find most of the tools you used in your world waiting there, and all the engineers we could get or make for you."
3222|He'd been considering stalling while he demanded exactly such things.
3223|He was reasonably sure by now that they had no transistors, signal generators, frequency meters, or whatever else he could demand.
3224|He could make quite an issue out of the need to determine the characteristic impedance of their skies.
3225|That might even be interesting at that. Would it be anywhere near three hundred ohms here?
3226|But it seemed that stalling wasn't going to work.
3227|They'd given him what they expected him to need, and he'd have to be careful to need only what they expected, or they might just decide he wasn't Dave Hanson.
3228|I can't work on this stuff here," he said. Then why didn't you say so?" she asked sharply.
3229|She let out a cry, and a raven came flying in. She whispered something to it, frowned, and then ordered it off.
323|You haven't many neighbors, Mistress Blythe," Captain Jim went on. This side of the harbor is mighty thinly settled. Most of the land belongs to Mr. Howard up yonder past the Glen, and he rents it out for pasture.
3230|There's no surface transportation available, and all the local rocks are in use. Well, we'll have to make do with what we have.
3231|She darted for the outer office, rummaged in a cabinet, and came back with a medium-sized rug of worn but gaudy design.
3232|Bad imitation, Sarukh, Dave Guest.
3233|She tossed it on to the largest cleared space, gobbled some outlandish noises, and dropped on to it, squatting near one end.
3234|Behind her, the dull Claude picked up the sample of sky and fell to his face on the rug.
3235|At her vehement signal Dave squatted down beside her, not daring to believe what he was beginning to guess.
3236|The carpet lifted uncertainly. It seemed to protest at the unbalanced weight of the sky-piece.
3237|She made the sounds again and it rose reluctantly, curling up at the front like a crazy toboggan.
3238|It moved slowly, but with increasing speed, sailed out of the office through the window, and began gaining altitude.
3239|They went soaring over the city at about thirty miles an hour, heading toward what seemed to be barren land beyond.
324|But the other side of the harbor now is sick with folks, especially Macalisters. There's a whole colony of Macalisters. You can't throw a stone but you hit one.
3240|Sometimes they fail now," she told him, but so far only if the words are improperly pronounced.
3241|He gulped and looked gingerly over at the city below.
3242|As he did, she gasped. He heard a great tearing sound of thunder.
3243|In the sky a small hole appeared. There was a scream of displaced air and something went zipping downwards in front of them, setting up a wind that bounced the carpet about crazily.
3244|Dave glanced over the edge again to see one of the tall buildings crumple under the impact. The three top stories were ripped to shreds. Then the whole building began to change.
3245|It slowly blossomed into a huge cloud of pink gas that rifted away, to show people and objects dropping like stones to the ground below.
3246|Nima sighed and turned her eyes away. But—it's ridiculous, Dave protested. We heard the rip and less than five seconds later that piece fell.
3247|If your sky is even 20 miles above us, it would take longer than that to fall.
3248|It's a thousand miles up," she told him, and the sky has no inertia until it is contaminated by contact with the ground.
3249|It took longer than usual for that piece to fall," she sighed.
325|I was talking to old Leon Blackyear the other day. He's been working on the harbour all summer. They're nearly all the callisters over there," he told me.
3250|It gets worse. Look at the signs. That break has disturbed the planets. We're moving to retrograde back to our previous position out of Sagittarius.
3251|Now we'll go back to the character we had before—and just when I was getting used to the change.
3252|He jerked his eyes off the raw patch of emptiness in the sky, where a few stars seemed to be vanishing.
3253|Your character? Isn't anything stable here?
3254|Of course not. Naturally in each house we have a differing of character, as does the world itself.
3255|Why else should astrology be the greatest of the sciences?
3256|It was a nice world, he decided. And yet the new factor explained something.
3257|He'd been vaguely worried about the apparent change in Sir Perth, who'd turned from a serious and helpful doctor into a supercilious high-handed fop.
3258|But what about his recovery, if that was supposed to be determined by the signs of the zodiac?
3259|He had no time to ask. The carpet bucked and the girl began speaking to it urgently. It wavered, then righted itself to begin sliding downwards.
326|There's Neil McAllister, and Sandy McAllister, and William McAllister, and Alec McAllister, and Angus McAllister, and I believe there's the Devil McAllister.
3260|There is a ring of protection around your camp," Nima explained. It is set to make entry impossible to one who does not have the words or who is unfriendly.
3261|The carpet could not go through that anyway. The ring negates all other magic trying to pass it. And of course we have basilisks mounted on posts around the grounds. They're trained to hood their eyes, except when they sense anyone trying to winter who should not.
3262|You can't be turned to stone looking at one, you know, only by having one look at you.
3263|You're cheering me up no end," he assured her.
3264|She smiled pleasantly and began setting the carpet down.
3265|Below he could see a camp that looked much like the camps he had seen in the same movies from which all his clothes had been copied.
3266|There were well laid out rows of sheds, beautiful lines of construction equipment, and everything in order, as it could never be in a real camp.
3267|As he began walking with the girl toward a huge tent that should have belonged to a circus, he could see other discrepancies.
3268|The tractors were designed for work in mud flats, and the haulers had the narrow wheels used on rocky ground.
3269|But nothing seemed quite as it should be. He spotted a big generator working busily, and then saw a gang of about fifty men, or mandrakes, turning a big capston that kept it going.
327|There are nearly as many Elliotts and Crawfords," said Dr. Dave after the laughter had subsided.
3270|Here and there were neat racks of miscellaneous tools. Some were museum pieces.
3271|There was even a gandy cart, though no rails for it to run on.
3272|They were almost at the main tent when a crow flew down and yelled something in Neema's ear. She scowled and nodded.
3274|Ah, the short man there. He's Garm, Sirsa Garm, an apprentice to Sir Berthold.
3275|He's to be your foreman, and he's real.
3276|She headed back to the outskirts, then turned to shout back. "Sather Carve says you may have ten days to fix the sky," she called.
3277|Her hand waved toward him in a friendly goodbye. Don't worry, Dave Hanson. I have faith in you."
3278|Then she was running toward her reluctant carpet.
3279|And Dave stared up at the mottled dome above him, and at the dull Claude, certainly a mandrake, who was still carrying the sample.
328|You know, Gilbert, we folk on this side of Four Winds have an old saying, from the conceit of the Elliot's, the pride of the Macalisters, and the vain glory of the Crawfords, Good Lord deliver us.
3280|With all this preparation and a time limit, he couldn't even afford to stall.
3281|He'd never fully understood why some plastics melted and others churned hard when heated.
3282|But he had to find what was wrong with the dome above and how to fix it.
3283|And maybe the time limit could be stretched a little, once he came up with the answer.
3284|Maybe. He'd worry about that after he worried about the first steps.
3285|Sir Sagarm proved to be a glum, fat young man, overly aware of his importance in training for Sirhood.
3286|He led Dave through the big tent, taking pride in the large drafting section, under the obvious belief that it was used for designing spells.
3287|Maybe it could have been useful for that if there had been a single man who knew anything about draftsmanship.
3288|There were four engineers, supposedly. One, who had died falling off a bridge while drunk, was curing himself of the shock by remaining dead drunk.
3289|One had been a chemical engineer specializing in making yeast and dried soya meal into breakfast cereals.
329|There's plenty of fine people among them, though," said Captain Jim. I sailed with William Crawford for many a year, and for courage and endurance and truth that man hadn't an equal.
3290|Another knew all about dredging canals, and the last one was an electronics engineer—a field in which Dave was far more competent.
3291|He dismissed them. Whatever had been done to them—or perhaps the absence of a true soul, whatever that was—left them rigidly bound to their past ideas, and totally incapable of doing more than following orders by routine now.
3292|Even Zersagarm was more useful. That young man could offer little information, however.
3293|The sky, he explained pompously, was a great mystery that only an adept might communicate to another.
3294|He meant that he didn't know about it, Dave gathered. Everything, it turned out, was either a mystery or a rumor.
3295|He also had a habit of sucking his thumb when pressed too hard for details.
3296|But you must have heard some guesses about what started the cracks in the sky, Dave suggested.
3297|Oh, indeed, that is common knowledge," Sir Sagam admitted. He changed thumbs while he considered.
3298|It was an experiment most noble, but through mischance gone sadly arrived.
3299|A great sather made the sun remain in one place too long, and the heat became too great. It was like the classic experiment. How hot is your sun?
330|They've got brains over on that side of Four Winds.
3301|Okay, so they didn't tell you if they knew. Dave stared up at the sun, trying to guess.
3302|The light looked about like what he was used to, where the sky was still whole.
3303|North light still was like what a color photographer would consider 5500 degrees Kelvin.
3304|so the sun must be pretty hot, hot enough to melt anything he knew about.
3305|What's the melting point of this sky material?" He never did manage to make Sather Garm understand what a melting point was.
3306|But he found that one of the solutions tried had been the bleeding of eleven certified virgins for seven days.
3307|When the blood was mixed with dragon feathers and frogs down and melted with a genuine philosopher's stone, they had used it to ink in the right path of the planets of diagram.
3308|It had failed. The sky had cracked and a piece had fallen into the vessel of blood, killing a Sather who was less than two thousand years old.
3309|Two thousand? Dave asked. How old is Sather Carr?
331|Maybe that's why this side is sort of inclined to pick on him.
3310|None remembers truly. He has always been the Sather Carve, at least ten thousand years or more.
3311|To attain the art of a sather is the work of a score of centuries usually.
3312|That Sather had been in sad shape, it seemed. No one had been able to revive him, though bringing the dead back to life when the body was reasonably intact was routine magic that even a Sursa could perform.
3313|It was after that they'd begun conjuring back to Dave's world for all the other experts.
3314|all whose true names they could find, that is, Garma Mendes.
3315|The Egyptian pyramid-builder, the man who discovered your greatest science, Dianetics, the great Calliostro, and what a time we had finding his true name—
3316|I was assigned to the helping of one who had discovered the secrets of gravity and some strange magic which he termed relativity, though indeed it had little to do with kinship, but was a private mystery.
3317|But when he was persuaded by divers' means to help us, he gave up after one week, declaring it beyond his powers.
3318|They were even planning what might best be done to chastise him when he discovered in some manner a book of elementary conjuration, and did then devise some strange new formula from the elements, with which magic he disappeared.
3319|It was nice to know that Einstein had given up on the problem, Dave thought bitterly.
332|Strange, ain't it? How folks seem to resent anyone being born a mite cleverer than they be.
3320|As nice as the discovery that there was no fuel for the equipment here.
3321|He spent an hour rigging up a portable saw to use in attempting to cut off a smaller piece of the sky.
3322|and then saw the motor burn out when he switched it on.
3323|It turned out that all electricity here was DC, conjured up by commanding the electrons in a wire to move in one direction, and completely useless with AC motors.
3324|It might have been useful for welding, but there was no electric torch.
3325|It is obviously not a thing of reason," Garm told him severely. If the current in such a form moves first in one direction and then in the other, then it cancels out, and is useless. No, you must be wrong.
3326|As Dave remembered it, Tesla had been plagued by similar doubts from such men as Edison.
3327|He gave up and settled finally for one of the native welding torches, filled with a dozen angry salamanders.
3328|The flame, or whatever it was, had enough heat, but it was hard to control.
3329|By the time he learned to use it night had fallen, and he was too tired to try anything more.
333|Dr. Dave, who had a forty years feud with the Over Harbor people, laughed and subsided.
3330|He ate a solitary supper and went to sleep.
3331|During the next three days he learned a few things the hard way, however.
3332|In spite of Garm's assurance that nothing could melt the sky, he found that his sample would melt slowly under the heat of the torch. In the liquid state it was jet black, though it cooled back to complete transparency.
3333|It was also without weight when in liquid form, a fact he discovered when it began rising through the air and smattering over everything, including his bare skin.
3334|The burns were nasty, but somehow seemed to heal with remarkable speed.
3335|Sirsa Garm was impressed by the discoveries, and went off to suck his thumbs and brood over the new knowledge, much to Dave's relief.
3336|More work established the fact that welding bits of the sky together was not particularly difficult. The liquid sky was perfectly willing to bond on to anything, including other bits of itself.
3337|Now if you could get a gang up the thousand miles to the sky with enough torches to melt the cracks, it might recongeal as a perfect sphere.
3338|The stuff was strong, but somewhat brittle. He still had no idea of how to get the stars and planets back in the right places.
3339|The mathematician thought of such an idea, Sir Sarkaram said sourly, but would never work. Even with much heat it could not be done."
334|lives in that brilliant emerald house about half a mile up the road?" asked Gilbert.
3340|foresee you, the upper air is filled with phlogiston, which no man can breathe.
3342|The man was a gold mine of information. All bad.
3343|The only remaining solution, apparently, was to raise a scaffolding over the whole planet to the sky, and send up mandrakes to weld back the broken pieces. They wouldn't need to breathe, anyhow.
3344|With material of infinite strength, and an infinite supply of it, and with infinite time and patience, it might have been worth considering.
3345|Nima came out the next day with more cheering information.
3346|Her multi-times great-grandfather Sather Carr regretted it, but he must have good news to release it once. The populace was starving because the food-multipliers couldn't produce reliable supplies.
3347|Otherwise, Dave would find venom being transported into his blood in increasing amounts until the pain drove him mad.
3348|And, just incidentally, the sons of the egg who'd attacked him in the hospital had tried to reach the camp twice already. Once by interpenetrating into a shipment of mandrakes, which indicated to what measures they would resort.
3349|They meant to kill him somehow, and the defence of him was growing too costly, unless there were positive results.
335|Captain Jim smiled delightedly. Miss Cornelia Bryant. She'll likely be over to see you soon, seeing your Presbyterians. If you were Methodists, she wouldn't come at all. Cornelia has a holy horror of Methodists.
3350|But Dave hinted at having nearly reached the solution, giving her only a bit of his wild idea of welding the sky.
3351|She took off with that, but he was sure it wouldn't satisfy the Sather.
3352|In that he was right. By nightfall when she came back from the city he was groaning in pain. The venom had arrived ahead of her and his blood seemed to be on fire.
3353|She laid a cool hand on his forehead. Poor Dave, she said.
3354|If I were not registered and certified, sometimes I feel that I might—
3355|But no more of that. Sir Perth sends you this ungulent, which will hold back the venom for some time, cautioning you not to reveal his softness."
3356|Sir Perth, it seemed, had reverted to his pre-sagittarian character as expected.
3357|And Sather Karf wants the full plans at once. He is losing patience.
3358|He began rubbing on the ointment, which helped slightly.
3359|She peeled back his shirt and began helping, apparently delighted with the hair which he'd sprouted on his chest since his reincarnation.
336|She's quite a character, chuckled Dr. Dave, a most inveterate man hater.
3360|The unguent helped, but it wasn't enough.
3361|He never had any patience to lose. What the hell does he expect me to do?" Dave asked hotly. Snap my fingers thus, yell abracadabra and give him egg and his beer.
3362|He stopped to stare at his hand, where a can of beer had suddenly materialized.
3363|Nima squealed in the light, What a novel way to conjure, Dave! Let me try it! She began snapping her fingers and saying the word eagerly, but nothing happened.
3364|Finally she turned back to him. Show me again.
3365|He was sure it wouldn't work twice and hesitated, not too willing to have his stock go down with her.
3366|Then he gave in. "Abracadabra," he said, and snapped his fingers."
3367|There were results at once. This time an egg appeared in his hand, to the delighted cry of Nima.
3368|He bent to look at it uncertainly. It was a strange-looking egg.
3369|More like one of the China eggs used to make hens think they were nesting when their eggs were still being taken from them.
337|Sour grapes? queried Gilbert laughing.
3370|Abruptly Nima sprang back, but she was too late. The egg was growing. It swelled to the size of a football, then was man-sized, and growing to the size of a huge tank that filled most of the tent.
3371|Suddenly it split open along one side, and a group of men in dull robes and masks came spilling out of it.
3372|Die!" the one in front yelled. He lifted a double-bladed knife, charged for Dave, and brought the knife down.
3373|The blades went through clothing, skin, flesh and bones, straight for Dave's heart.
3374|End of chapter 4
3375|CHAPTER V of THE SKY IS FALLING
3376|THE SKY IS FALLING by LESTER DEL RAY CHAPTER V
3377|The knife had pierced Dave's chest until the hilt pressed against his rib cage.
3378|He stared down at it, seeing it rise with the heaving of his lungs.
3379|Yet he was still alive. Then the numbness of shock wore off and the pain nerves carried their messages to his brain.
338|"No, tisn't sour grapes," answered Captain Jim seriously. Cornelia could have had her pick when she was young. Even yet she's only to say the word to see the old widower's jump."
3380|He still lived, but there was unholy agony where the blade lay.
3381|Coughing and choking on what must be his own blood, he scrabbled at the knife and ripped it out. Blood jetted from the gaping rent in his clothing. It gushed forth.
3382|and slowed. It frothed, trickled, and stomped entirely.
3383|As he ripped his shirt back to look, the wound was closed already.
3384|But there was no easing of the pain that threatened to make him black out at any second.
3385|He heard shouting, quarreling voices, but nothing made sense through the haze of his agony.
3386|He felt someone grab at him, more than one person, and they were dragging him willy-nilly across the ground.
3387|Something was clutched around his throat, almost choking him.
3388|He opened his eyes just as something clicked behind him.
3389|The huge, translucent walls of the monstrous egg were all around him, and the open side was closing.
339|She just seems to have been born with a chronic spite against men and Methodists. She's got the bitterest tongue and the kindest heart in four winds.
3390|The pain began to abate. The bleeding had already stopped entirely, and his lungs seemed to have cleared themselves of the blood and froth in them.
3391|Now, with the ache of the wound ceasing, Dave could still feel the venom burning in his blood, and the constriction around his throat was still there, making it hard to breathe.
3392|He sat up, trying to free himself. The constriction came from an arm around his neck, but he couldn't see to whom it belonged, and there was no place to move aside in the corner of the egg.
3393|From inside, the walls of the egg were transparent enough for him to see cloudy outlines of what lay beyond.
3394|He could see the ground sweeping away beneath them from all points.
3395|A man had run up and was standing beside the egg, beating at it.
3397|they must be growing smaller again. A voice said tightly, "We're small enough, Bork. Can you raise the wind for us now?"
3398|Hold on. Bork's voice seemed sure of itself.
3399|The egg tilted and soared. Dave was thrown sidewise and had to fight for balance.
340|Wherever there's any trouble, that woman is there, doing everything to help in the tenderest way.
3400|He stared unbelievingly through the crystal shell. They rose like a banshee jet. There was a shaggy, monstrous colossus in the distance, taller than the Himalayas, the man who had been beside them.
3401|BORK grunted. Got it. We're all right now.
3402|He chanted something in a rapid undertone. All right, relax. That'll teach him not to work resonance magic inside a protective ring.
3403|The egg knows how we could have got through otherwise.
3404|Lucky we were trying at the right time, though. The Citharia must be going crazy.
3405|Wait a minute, this tires the fingers.
3406|The man called Bork halted the series of rapid passes he had been making, flexing his fingers with a grimace.
3407|The spinning egg began to drop at once, but he let out a long, keening cry, adding a slight flip of his other arm.
3408|Outside, something like a mist drew near and swirled around them. It looked huge to Dave, but must have been a small thing, in fact.
3409|Now they began speeding along smoothly again.
341|She never says a harsh word about another woman, and if she likes to card us poor scallywags of men down, I reckon our tough old heights can stand it."
3410|The thing was probably another sylph, strong enough to move them in their present reduced sign.
3411|Bork pointed his finger. There's the rock.
3412|He leaned closer to the wall of the tiny egg and shouted. The sylph changed direction and began to bop about.
3413|It drifted gently, while Bork pulled a few sticks with runes written on them toward him, and made a hasty assembly of them.
3414|At once there was a feeling of growing, and the silph began to shrink away from them.
3415|Now they were falling swiftly, growing as they dropped.
3416|Day felt his stomach twist until he saw they were heading toward a huge bird that was cruising along under them, drawing closer.
3417|It looked like a cross between a condor and a hawk, but its wingspan must have been over three hundred feet.
3418|It slipped under the egg, catching the falling object deftly on a cushion-like attachment between its wings, and then struck off briskly toward the east.
3419|Bork snapped the side of the egg open and stepped out, while the others followed.
342|She always speaks well of you, Captain Jim," said Mrs. Doctor.
3420|Dave tried to crawl out but something held him back.
3421|It wasn't until Bork's big hand reached in to help him that he made it.
3422|When all were out, Bork tapped the egg-shaped object and caught it as it drank. When it was small enough, he pocketed it.
3423|Dave sat up again examining himself now that he had more room. His clothing was a mess, spattered with drying blood. But he seemed unharmed now.
3424|Even the burning of the venom was gone. He reached for the arm around his neck and began breaking it free from its stranglehold.
3425|From behind, an incredulous cry broke out. Neema sprawled across him, staring at his face and burying her head against his shoulder.
3426|Dave, you're not dead, you're alive.
3427|Dave was still amazed at that himself, but Bork snorted. "Course he is. Why'd we take him along with you hanging on in a faint if he were dead?"
3428|When the Sniff-a-knife kills, it kills completely. They stay dead, or they don't die.
3429|Sagittarian?" She nodded, and the big man seemed to be doing some calculations in his head.
343|Yes, I'm afraid so. I don't half like it. It makes me feel as if there must be something sort of unnatural about me.
3430|Yep, he decided. It would be. There was one second there around midnight when all the signs were at their absolute maximum favorableness.
3431|Someone must have said some pretty dangerous healthy spells over him then.
3433|They cut off his head once, but it healed before the axe was all the way through. Whoops!
3434|The bird had dipped downward, rushing toward the ground. It landed at a hundred miles an hour and managed to stop against a small entrance to a cave in the hillside.
3435|Except for the one patch where the bird had lighted, they were in the middle of a dense forest.
3436|Dave and Nima were hustled into the cave while the others melted into the woods, studying the skies. She clung to Dave, crying something about how the sons of the egg would torture them.
3437|All right," he said finally, who are these sons of eggs, and what have they got against me?
3439|Your brother?" "She means me," Bork said."
344|End of chapter 6
3440|He came in to drop on his haunches and grin at Dave. There was no sign of personal hatred in his look.
3441|I used to be a stooge for Sather Carp before I got sick of it. How do you feel, Dave Henson?
3442|Dave considered it, still in wonder at the truth.
3443|I feel good. Even the venom they were putting in my blood doesn't seem to hurt anymore.
3444|Fine. Means the Sather Carve must believe we killed you. He must have the report by now. If he thinks you're dead, there's no point in his giving chase. He knows I wouldn't let them kill Nima, even if she is a little fool."
3445|Anyhow, he's not really such a bad old guy, Dave. Not like some of those Sothere.
3447|Any man who lets another be responsible for him is a slave. It's a fine world for the Sotheri if they can keep the egg from breaking.
3448|What's all this egg nonsense?" Bork shrugged. Plain good sense.
3449|Why should there be a skyshell around the planet? Look there's a legend here. You should know it, since for all I know it has some meaning for you.
345|Chapter 7 of Anne's House of Dreams by Lucy Maud Montgomery
3450|Long ago, or away or whatever, there was a world called Thare, and another called Erath, two worlds, separate and distinct, on their own branching time paths.
3451|They must have been that way since the moment of creation.
3452|One was a world of rule and law. One plus one might not always equal two, but it had to equal something.
3453|There seems to be some similarity to your world in that, doesn't there?
3454|The other was, well, you'd call it chaos, though it had some laws if they could be predicted.
3455|One plus one there depended. Or maybe there was no such thing as unity. Mass energy wasn't conserved. It was deserved.
3456|It was a world of anarchy from your point of view. It must have been a terrible place to live, I guess.
3457|hesitated somberly. "As terrible as this one is getting to be," he said at last.
3458|Anyway, there were people who lived there. There were the two inhabited worlds in their own timelines, or probability orbits or whatever. You know, I suppose, how worlds of probability would separate and diverge as time goes on. Of course.
3459|Well, these two worlds coalesced.
346|CHAPTER VII
3461|When it was over, our world was as it has been for thousands of centuries. In fact, one result was that in theory, neither original world could have a real past, and the fusion was something that had been. No period of change. It's pretty complicated.
3462|It sounds worse than that," Tave grumbled. But while that might explain the mystery of magic working here, it doesn't explain your sky.
3463|Bork scratched his head. No, not too well, he admitted. I've always had some doubts about whether or not all the worlds have a shell around them. I don't know. But our world does, and the shell is cracking.
3464|Because the theory don't like it. They want to stop it. We want it to happen.
3466|He didn't look like a fanatic, Dave told himself. Crazy or not, he took this business of the hatching eggs seriously.
3467|But you could never be sure about anyone who joined a cult.
3468|What is your egg going to hatch into?" he asked. The big man shrugged.
3469|Does an egg know it is going to become a hen? Or maybe a fish? We can't possibly tell, of course.
347|the schoolmaster's bride. Who was the first bride who came to this house, Captain Jim? Anne asked as they sat around the fireplace after supper.
3470|Dave considered it. Don't you even have a guess?"
3471|Bork answered shortly, No. He looked worried, Dave thought, and guessed that even the fanatics were not quite sure they wanted to be hatched.
3472|The fork shrugged again. "An egg has got a hatch," he said. "That's all there is to it. We prophesied this, so—' "Two hundred years ago." The Sotheri laughed. Now they've stopped laughing. But they want to stop it."
3473|What happens to a chick when it is stopped from hatching? Does it go on being a chick, or does it die? It dies, of course. And we don't want to die.
3474|No, Dave Hanson. We don't know what happens next, but we do know that we must go through with it.
3475|I have nothing against you personally, but I can't let you stop us. That's why we tried to kill you. If I could, I'd kill you now, but with the snether knife so they couldn't revive you."
3476|Dave said reasonably, "You can't expect me to like it, you know. The Sothory at least saved my life.""
3477|And he stopped in confusion. Bork was staring at him in hilarious incredulousness that broke into roars of laughter.
3478|You mean—? Dave Hanson, do you believe everything they tell you? Don't you know that the Citharia ranged to kill you first? They needed a favorable death conjunction to bring you back to life. They got it by arranging an accident.
3479|Neema cried out in protest. That's a lie.
348|Was she part of the story I've heard was connected with this house?" asked Gilbert. Somebody told me you could tell it, Captain Jim.
3480|Of course," Bork said mildly. You were always on their side, little sister.
3481|You were also usually a darned nuisance, fond as I was of you. Come here.
3482|He caught her and yanked a single hair out of her head. She screamed and tried to claw him, then fought for the hair. Bork was immovable.
3483|He held her off easily with one hand, while the fingers of the other danced in the air.
3484|He spoke what seemed to be a name, though it bore no resemblance to Nima. She quieted, trembling.
3485|You'll find a broom near the entrance, little sister. Take it and go back, to forget that Dave Hanson lives. You saw him die and were dragged off with us and his body. You escaped before we reached our hideaway."
3486|By the knot I tie in your true hair and by your secret name, this I command.
3487|She blinked slowly and looked around as Bork burned the knotted hair.
3488|Her eyes swept past Bork and Dave without seeing them, and centered on the broom one man held out to her, without appearing to see him either. She seized the broom.
3489|A sob came to her throat. The devil—the renegade devil—he didn't have to kill Dave—he didn't— Her voice died away as she ran toward the clearing.
349|Well, yes, I know it. I reckon I'm the only person living in Four Winds now that can remember the schoolmaster's bride, as she was when she came to the island.
3490|Dave made no protest. He suspected Bork was putting the spell on her for her own good, and he agreed that she was better out of all this.
3491|Now where were we?" Pork asked. Oh yes, I was trying to convert you and knowing I'd failed already.
3492|Of course, I don't know that they killed you first, but those are their methods.
3493|Take it from me, I know. I was the youngest sir ever to be accepted for training as a Sather. They wanted you, so they got you."
3494|Dave considered it. It seemed as likely as anything else.
3495|Why me? he asked. Because you can put back the sky. At least, the Cithaery think so.
3496|And I must admit that in some ways they are smarter than we.
3497|Dave started to protest but Bork cut him off. I know all about your big secret. You're not the engineer whose true name was longer. We know all that. Our pools are closer to perfection than theirs, not being contaminated by city air. And we see more."
3498|that there is a cycle of confirmation. If prophecy indicates a thing will happen, it will happen, though not always as expected.
3499|The prophecy fulfills itself rather than being fulfilled.
350|She's been dead this thirty year, but she was one of them women you never forget.
3500|Then there are the words on the monument. A monument meant for your uncle, but carrying your true name, because his friends felt the short form sounded better.
3501|It was something of a coincidence that they had the wrong true name.
3502|But prophecy is always strongest when based on coincidence. That is a prime rule.
3503|And those words coupled with our revelations prophesy that you, not your uncle, can do the impossible.
3504|So, what are we going to do with you?
3505|Bork's attitude was reassuring somehow. It was nearer his own than any Dave had heard on this world.
3506|and the kidnapping was beginning to look like a relief.
3507|The sons of the egg had gotten him off the hook with Sather Carp.
3508|He grinned and stretched back. If I'm unkillable, Bork, what can you do?
3509|The big man grinned back. "Flo, rock around you up to your nose and toss you into the lake. You'd live there, but you'd always be drowning, and you'd find it slightly unpleasant for the next few thousand years."
351|Tell us the story," pleaded Anne. I want to find out all about the women who have lived in this house before me.
3510|It's not as bad as being turned into a mangrove with your soul intact, but it would last longer.
3511|And don't think the Sothrae can't pull a lot worse than that.
3512|They have your name. Everyone has your secret name here. And parts of you.
3513|The conversation was suddenly less pleasant. Dave thought it over.
3514|I could stay here and join your group. I might as well since I can't really help the seferi anyhow.
3515|They'd spot your aura eventually. They'll be checking around here for us for a while.
3516|Of course we might do something about it if you really converted.
3517|But I don't think you would, if you knew more." Bork got up and headed for the entrance.
3518|I wasn't going to let you see the risings, but now maybe I will. If you still want to join, it might be worked. Otherwise, I'll think of something else.
3519|Dave followed the man out into the clearing. A few men were just planning to leave, and they looked at Dave suspiciously, but made no protest.
352|Well, there's just been three. Elizabeth Russell and Mrs. Ned Russell and the schoolmaster's bride.
3520|one whom Dave recognized as the leader with the snetherknife scowled.
3521|the risings are almost due, Bork," he said. Bork nodded. I know, Malak. I've decided to let Dave Hanson watch.
3522|Dave, this is our leader here, Raz Malek.
3523|Dave felt no strong love for his would-be murderer, and it seemed to be mutual. But no protest was lodged.
3524|Apparently Bork was their top conjurer and privileged.
3525|They crossed the clearing and went through the woods toward another smaller one.
3526|Here a group of some fifty men were watching the sky, obviously waiting.
3527|Others stood around watching them and avoiding looking up.
3528|Almost directly overhead there was a rent place, where the strange absence of color or feature indicated a hole in the dome over the
3529|As it drew nearer true vertical, a chanting began among the men with upturned faces.
353|Elizabeth Russell was a nice, clever little critter. And Mrs. Ned was a nice woman, too. But they weren't ever like the schoolmaster's bride.
3530|Their hands went upwards, fingers spread and curled into an unnatural position.
3531|Then they stood waiting. "I don't like it," Bork whispered to Dave. "This is one of the reasons we're growing too weak to fight the Sepharians."
3532|What's wrong with a ceremony of worship if you must worship your eggshell?" Dave asked. You'll see.
3533|That was all it was once, just worship. But now, for weeks, things are changing.
3534|They think it's a sign of favor, but I don't know. There, watch.
3535|The hole in the sky was directly overhead now, and the moaning had risen in pitch.
3536|Across the little clearing Malak began backing quietly away, carefully not looking upwards. Nobody but Dave seemed to notice his absence. There was a louder moan.
3537|One of the men in the clearing began to rise upwards slowly. His body was rigid as it lifted a foot, ten feet, then a hundred above the ground. Now it picked up speed and rushed upwards. Another began to rise, and another.
3538|In seconds more than half of those who had waited were screaming upwards toward the hole in the sky. They disappeared in the distance.
3539|Those who had merely stood by and those who had worshipped waited a few seconds more, but no more rose.
354|The schoolmaster's name was John Selwyn. He came out from the old country to teach school at the Glen when I was a boy of sixteen.
3540|the men's side and began moving out of the clearing.
3541|Dave arose to follow, but Bork gestured for him to wait.
3542|Sometimes, he said. They were alone now.
3543|Still Bork waited, staring upwards. Then Dave saw something in the sky. A speck appeared and came hurtling down. In seconds it was the body of one of the men who had risen.
3544|Dave felt his stomach tighten and braced himself.
3545|there was no slowing as the body fell. It landed in the center of the clearing without losing speed, but with less noise than he had expected.
3546|When they reached the shattered body, there could be no question of its being dead.
3547|Bork's face was solemn. If you're thinking of joining, you'd better know the worst. You're too easily shocked to make a good convert unless you're prepared.
3548|The risings have been going on for some time. Malak swears it proves we were right.
3549|But I've seen five other bodies come down like this. What does it mean? Are they stillborn?
355|He wasn't much like the usual run of derelicts who used to come out to PEI to teach school in them days.
3550|We don't know. Shall I revive him for you?
3551|Dave felt sick as he stared at the ghastly terror on the face of the corpse.
3552|The last thing he wanted to see was its revival. But his curiosity about the secret in the sky could not be denied.
3553|He nodded.
3554|This is routine," he said. He snapped his fingers and produced a small flame over the heart of the corpse.
3555|Into that he began dusting powders, mixing them with something that looked like blood.
3556|Finally he called a name and a command. There was a sharp explosion, a hissing, and Bork's voice calling.
3557|The dead man flowed together and was whole. He stood up woodenly, with his face frozen.
3558|Who calls?" he asked in an uninflected hollow voice. Why am I called? I have no soul.
3559|We call," Bork answered. "Tell us what you saw at the hole in the sky."
356|Most of them were clever drunken critters who taught the children the three R's when they were sober, and lambasted them when they wasn't.
3560|A scream tore from the throat of the thing, and its hands came up to its eyes tearing at them.
3561|Its mouth worked soundlessly and breath sucked in.
3562|than a single word came out. Faces.
3563|It fell onto the grass, distorted in death again.
3564|fork shuddered. The others were the same, he said.
3565|And he can't be revived again. Even the strongest spell can't bring back his soul.
3566|That is gone, somehow." Dave shivered.
3567|And knowing that, you'd still fight against repairing the sky?
3568|Hatching is probably always horrible from inside the shell," Bork answered. Do you still want to join us?
3569|No, I thought not. Well then, let's go back.
357|But John Selwyn was a fine, handsome young fellow. He boarded at my father's, and he and me were cronies, though he was ten years older than me.
3570|You might as well try to eat something while I think about what to do with you.
3571|Malak and most of the others were gone when they reached the cave again.
3572|Bork fell, too, with some scraps of food, cursing the configurations of the planets as his spell refused to work. Then suddenly the scraps became a mass of sour-smelling stuff.
3573|Bork made a face as he tasted it, but he ate it in silence.
3574|Dave couldn't force himself to put it in his mouth, though he was hungry by then.
3575|He considered and then snapped his fingers. "Abra-kadabra!" he cried.
3576|He swore as something wet and slimy that looked like seaweed plopped into his hand.
3577|The next time he got a limp fish that had been dead far too long.
3578|but the third try worked better. This time a whole bunch of bananas appeared.
3579|They were a little riper than he liked, but some of them were edible enough.
358|And we read and walked and talked a heap together.
3580|He handed some to the other man who quickly abandoned his own creation.
3581|Bork was thoughtful as he ate. Finally he grimaced.
3582|new magic," he said. Maybe that's the secret of the prophecy.
3583|I thought you knew no magic." I didn't, Dave admitted.
3584|He was still tingling inside himself at this confirmation of his earlier discovery.
3585|It was unpredictable magic, but apparently bore some vague relationship to what he was wishing for.
3586|So the lake's out, Bork decided. With unknown powers at your command, you might escape in time.
3587|Well, that settles it. There's one place where nobody will look for you or listen to you. You'll be nothing but another among millions, and that's probably the best hiding place for you.
3588|With the overseers they have, you couldn't even turn yourself back to the Sotheri. Though I'll admit, I'm hoping you don't want them to find you.
3589|And I was beginning to think you liked me. They've commented bitterly."
359|He knew about all the poetry that was ever written, I reckon, and he used to quote it to me along the shore in the evenings.
3590|Fort grinned. I do, Dave Hanson. That's why I'm picking the easiest place to hide you I can think of."
3591|It will be hell, but anything else would be worse.
3592|Better strip and put this cloth on." The thing he held out was little more than a rag, apparently torn from one of the robes. Come on, strip, or I'll burn off your clothes with a salamander.
3593|There, that's better. Now wrap the cloth around your waist and let it hang down in front. It'll be easier on you if you don't attract much attention.
3594|The sky seems to indicate the planet's favorite teleportation now. Be quick before I change my mind and think of something worse.
3595|Dave didn't see what he did this time, but there was a puff of flame in front of his eyes.
3596|The next second he stood manacled in a long line of men loaded with heavy stones.
3597|Over their backs fell the cutting lashes of a whip.
3598|Far ahead was a partially finished pyramid. Dave was obviously one of the building slaves.
3599|End of chapter 5.
360|Dad thought it an awful waste of time, but he sort of endured it, hoping it had put me off the notion of going to sea.
3600|CHAPTER VI
3601|The sun-rise glared harshly over the desert. It was already hot enough to send heat waves dancing over the sand as Hansen wakened under the bite of a lash.
3602|The overseers were shouting and kicking the slaves awake.
3603|overhead the marred skies shone in crazy quilt patterns.
3604|Hansen stood up, taking the final bite of the whip without flinching.
3605|He glanced down at his body, noticing that it had somehow developed a healthy, deep tan during the few hours of murderous labor the day before.
3606|He wasn't particularly surprised. Something in his mind seemed also to have developed a tan that let him face the bite of chance without flinching.
3607|He'd stopped wondering and now accepted. He meant to get away from here at the first chance, and he was somehow sure he could.
3608|It was made easier by the boundless strength of his new body.
3609|He showed no signs of buckling under physical work that would have killed him on his own world.
361|Well, nothing could do that. Mother came of a race of seagoing folk and it was born in me.
3610|Not all the slaves got up. Two beside him didn't move at all.
3611|Sleeping through that brutal awakening seemed impossible. When Hanson looked closer he saw that they weren't asleep. They were dead.
3612|The overseer raged back along the line and saw them.
3613|He must be one of those conjured into existence here from the real Egypt of the past.
3614|He might have no soul, but a lifetime of being an overseer had given him habits that replaced the need for what had been a pretty slim soul to begin with.
3615|Quitters!" he yelled. Lazy, worthless, work-dodging gold-brick artists.
3616|He knelt in fury, thumbing back the eyelids of the corpses. There was little need for the test. They were too limp, too waxen to be pretending.
3617|The overseer cut them out of the chain and kicked at Hansen. "Move along," he bellowed. "Menace himself is here, and he's not as gentle as I am."
3618|Hansen joined the long line, wondering what they were going to do about breakfast.
3619|How the devil did they expect the slaves to put in sixteen hours of work without some kind of food?
362|But I love to hear John read and recite. It's almost 60 years ago, but I could repeat yards of poetry I learned from him. Nearly 60 years.
3620|There had been nothing the night before but a skin of water, and there was not even that much this morning. No wonder the two beside him had died from overwork, beatings, and plain starvation.
3621|Menace was there all right. Hanson saw him from the distance—a skinny giant of a man in breech-clout, cape, and golden headdress.
3622|He bore a whip like everyone else who seemed to have any authority at all, but he wasn't using it. He was standing hawk-like on a slight rise in the sandy earth, motionless and silent.
3623|Beside him was a shorter figure, a pudgy man with a thin moustache, on whom the Egyptian headdress looked strangely out of place.
3624|It could only be Sir Perth." Hansen's staring came to an end as the lash cut down across his shoulders, biting through to the shoulder bone.
3625|He stumbled forward, heedless of the overseer's shouting voices.
3626|Someday, if he had the chance, he'd flay his own overseer, but that could wait.
3627|Even the agony of the cut couldn't take his mind from Sir Perth's presence.
3628|Had Bork slipped up? Did the Sutherry know that Hanson was still alive? And had they sent Sir Perth here to locate him?
3629|It seemed unlikely, however. The man was paying no attention to the lines of slaves.
363|Captain Jim was silent for a space, gazing into the glowing fire in a quest of the bygones.
3630|It would be hard to spot Mwan among three million anyhow.
3631|More likely, Hansen decided, Sir Perth was supervising the supervisors, making an inspection tour of all this. Of all what?"
3632|Apparently then this must be another of their frenzied efforts to find a way to put back the sky.
3633|He'd heard that they had called up the pyramid-builder, but he hadn't fully realized it would lead to this type of activity.
3635|The huge stone slid remorselessly forward onto the prepared beds of rubble.
3636|Casting back in his memory, Hansen could not recall seeing the rock-slaves the night before. They had appeared as if by magic.
3637|Obviously they really had been conjured up by magic. But if the rocks could be conjured, what was the need of all the slaves and the sadistic overseers? Why not simply magic the entire construction, whatever it was to be?
3638|The whip hit him again, and the raging voice of the overseer ranted in his ears, "Get on, you blundering slacker! Manus himself is looking at you. Oh, there! What the devil!"
3639|The overseer's hand spun Hansen around.
364|Then, with a sigh, he resumed his story.
3640|The man's eyes, large and opaque, stared at Hanson.
3641|He frowned cruelly. Yeah, you're the same one. Didn't I take the hide off your back twice already? And now you stand there without a scar or a drop of blood.
3642|Hansen grunted feebly. He didn't want attention called to himself while Sir Perth was around. I—I heal quickly."
3643|it was no more than the truth. Either the body they had given him, or the conjuring during the right split second, had enabled him to heal almost before a blow was struck.
3645|Magic to lift things instead of honest ropes that shrink and wood that swells, magic that fails and rush, rush, rush until I'm half ready to be tortured for falling behind. And you!
3646|you would, would you?" His voice trailed off into a fresh roar of rage as he got sight of other slaves taking advantage of his attention to Hansen to relax. He raised off, brandishing the whip.
3647|Hansen tried to make himself inconspicuous after that. The wounds would heal, and the beatings could never kill him. But there had been no provision in his new body for the suppression of pain.
3648|He hungered, thirsted and suffered like anyone else.
3649|Maybe he was learning to take it here, but not to like it.
365|I remember one spring evening I met him on the sand hills. He looked sort of uplifted, just like you did, Dr. Blythe, when you brought Mistress Blythe in tonight.
3650|At the expense of a hundred slaves and considerable deterioration of the whips, one block of stone was in place before the sun was high overhead in the coppery, mottled sky.
3651|Then there was the blessing of a moment's pause. Men were coming down the long lines, handing something to the slaves. Food, Hansen anticipated.
3652|He was wrong. When the slave with the wicker basket came closer he could see that the contents were not food, but some powdery stuff that was dipped out with carved spoons into the eager hands of the slave.
3653|Hansen smelled his portion dubiously. It was cloying, sickly sweet.
3654|hashish, or opium, heroin, hemp.
3655|Hanson was no expert. But it was certainly some kind of drug.
3656|Judging by the avid way the other slaves were gulping it down, each one of them had been exposed to it before.
3657|Hansen cautiously made the pretense of swallowing his before he allowed it to slip through his fingers, to mingle with the sand.
3658|Drug addiction was obviously a convenient way to make the slaves forget their aches and fears, to keep them ever-lasting anxious to please whatever was necessary to make sure the precious, deadly ration never stopped.
3659|There was still no sign of food. The pause in the labor was only for the length of time it took the drug-bearing slaves to complete their task. Ten minutes, or fifteen at the outside. Then the overseers were back with the orders and the lashes.
366|I thought of him the minute I seen you, and he told me that he had a sweetheart back home, and that she was coming out to him.
3660|The slaves regrouped on new jobs, and Hansom found himself in a bunch of a dozen or so.
3661|They were lashing the hauling ropes around a twelve-foot block of stone.
3662|The rollers were already in place, with the cruelly plaited ropes dangling loosely.
3663|Hansen found himself being lifted by a couple of the other slaves to the shoulders of a third. His clawing hands caught the top of the block, and the slaves below heaved him upward.
3664|He scrambled to the top and caught the ropes that were flung up to him.
3666|It hardly seemed that there could be enough stone in the whole world to finish the job. As far as Hansen could see, over the level sand, the ground was black with the suffering millions of slaves and their labor gangs.
3667|the idiots must be trying to reach the sky with their pyramid. There could be no other answer to the immense bulk planned for this structure.
3668|Like the pride-maddened men of Babel, they were building a sky-high thing of stone. It was obviously impossible, and even menace must be aware of that. Yet perhaps it was no more impossible than all the rest of the things in this impossible world.
3669|When the warlocks of this world had discovered that they could not solve the problem of the sky, they must have gone into a state of pure hysteria, like a chicken dashing back and forth in front of a car.
367|I wasn't more than half pleased, ornery, young lump of selfishness that I was.
3670|They had sought, through other worlds and ages, for anyone with a reputation as a builder, engineer, or construction genius, without screening the probability of finding an answer.
3671|The size of the ancient pyramid must have been enough to sway them. They had used Hansen, Menace, Einstein, Calyostra—for some reason of their own, since he'd never been a builder—and probably a thousand more.
3672|and then they had half supplied all of them, rather than picking the most likely few and giving them full cooperation.
3673|Magic must have made solutions to most things so easy that they no longer had the guts to try the impossible themselves.
3674|A pyramid seemed like a ridiculous solution, but for an incredible task an impossible solution had to be tried.
3675|And maybe, he thought, they'd overlooked the obvious in their own system.
3676|The solution to a problem in magic should logically be found in magic, not in the methods of other worlds.
3677|His mind groped for something that almost came into his consciousness—some inkling of what should have been done, or how they had failed.
3678|It was probably only an idle fancy, but... HEY!
3679|One of the slaves below was waving at him. While Hansen looked down the slave called to another, got a shoulder to lean on, and walked his way up the side of the block, pushed from below and helped by Hansen's hands above.
368|I thought he wouldn't be as much my friend after she came.
3680|He was panting when he reached the top, but he could still talk. Look, it's your skin, but you're going to be in trouble if you don't get busy."
3681|Look out for that overseer up there. Don't just stand around when he's inside.
3682|He picked up a loop of rope and passed it to Hanson, making a great show of hard work.
3683|Hansen stared up at the overseer who was staring back at him. Why is he any worse than the rest of this crowd?
3684|The slave shuddered as the doer, slow-moving overseer, began walking stiffly toward them.
3685|Don't let the fact that he's an overseer fool you. He's smarter than most of his kind, but just as ugly. He's a mandrake, and he can't afford to mess with him.
3686|Hansen looked at the ancient wrinkled face of the Mandrake and shuddered.
3687|there was the complete incarnation of inhumanity in the thing's expression.
3688|He passed ropes around the corners until the mandrake turned and rigidly marched away, the blows of his whip falling metronome-like on the slaves he passed.
3689|Thanks," Hansen said. I wonder what it's like being a true Mandrake.
369|But I'd decency enough not to let him see it. He told me all about her. Her name was Pursus Lee, and she would have come out with him, if it hadn't been for her old uncle. He was sick, and he'd looked after her when her parents died and she wouldn't leave him.
3690|depends," the slave said easily. He was obviously more intelligent than most, and better at conserving himself.
3692|You're from this world? Hanson asked in surprise.
3693|He'd been assuming that the man was one of the things called back.
3694|A lot of us are. They conscripted a lot of the people they didn't need for these jobs.
3695|But I was a little special. All right, maybe you don't believe me. You think they wouldn't send a student, Sersa, here now? Look, I can prove it. I managed to sneak one of the books I was studying back with me, see?"
3696|He drew a thin volume from his breech-clout, cautiously, then slipped it back again.
3697|You don't get such books unless you're at least a student rating.
3698|He sighed, then shrugged. My trouble is that I could never keep my mouth shut. I was attendant at one of the Revivatoria, and I got drunk enough to let out some information about one of the important revival cases. Well, here I am.
3699|Hmm. Hanson worked silently for a minute, wondering how far coincidence could go.
370|And now he was dead, and she was coming out to marry John Selwyn.
3700|It could go a long ways here," he decided. You wouldn't have been sentenced to twenty lifetimes here by Sather Karf, would you?
3701|The slave stared at him in surprise. You guessed it. I've only died fourteen times so far, so I've got six more lives to go. But hey, you can't be. They were counting on you to be the one who really fixed things. Don't tell me my talking out of turn did this to you."
3702|Hansen reassured him on that. He recognized the man now for another reason.
3703|Aren't you the one I saw dead on his back right next to me this morning?
3704|Probably. Name's Barg. He stood up to take a careful look at the net of cording around the stone. Looks down enough."
3705|Yeah, I died this morning, which is why I'm fairly fresh now. Those overseers won't feed us because it takes time and wastes food.
3706|They let us die and then have us dragged back for more work. It's a lot easier on the ones they dragged back already dead. Dying doesn't matter so much without a soul."
3707|of them seemed to be Indians," Hanson noted. He hadn't paid too much attention, but the slave seemed to be from every possible background.
3708|Barak nodded. Astex, from a place called Tenochtitlan. Twenty thousand of them got sacrificed in a bunch for some reason or other. Poor devils. They think this is some kind of heaven."
3709|They tell me this is easy work compared to the type they had to undergo.
371|It was a no-easy journey for a woman in them days. There weren't no steamers, you must recollect.
3710|The Sothrae like to get big bunches through in one conjuration, like the haul they made from the victims of somebody named Tamerlane.
3711|He tested a rope, then dropped to a sitting position on the edge of the block.
3712|I'll let you stay up to call signals from here. Only watch it. The overseer has his eyes on you. Make sure the rope stays tight while we see if the thing can be moved.
3713|He started to slip over the side, hanging by his fingertips. Something caught and he swore.
3714|With one hand he managed to free his breech-clout and drag out the thin volume that was lodged between his groin and the block. Here, hold this for me till we meet tonight."
3715|you've got more room to hide it in your cloth than I have." He tossed it over quickly, then dropped from a site to land on the ground below.
3716|Hansen shoved the book out of sight and tried to act busy again.
3717|The Mandrake overseer had started ponderously toward him, but in a moment the thing's attention was directed to some other object of torture.
3718|Hansen braced himself as the lines of slaves beneath him settled themselves to the ropes.
3719|There was a loud cracking of whips and a chorus of groans. A small drum took up a beat, and the slave strained and tugged in unison.
372|When do you expect her, says I? She sails on the Royal William the 20th of June, says he, and so she should be here by mid-July.
3720|Ever so slowly the enormous block of stone began to move while the rope stood tighter.
3722|as if in answer to his question there was a sudden, chorus-skating flare from above.
3723|Hansen's body reacted instinctively. His arm came up over his eyes, cutting off the glare. But he managed to squint across it, upwards toward what was happening in the cracked dome.
3724|For a split second he thought that the sun had gone nova.
3725|He was wrong, but not by too much. Something had happened to the sun. Now it was flickering and flaming, shooting enormous jets of fire from its rim. It hovered at the edge of a great new hole and seemed to be wobbling, careening, and losing its balance.
3726|There was a massive shriek of fear and panic from the horde of slaves.
3727|They began bellowing like the collective death agony of a world.
3728|Most of them dropped their ropes and ran in blind panic, trampling over each other in their random flight for safety.
3729|The human overseers were part of the same panic-stricken riot. Only the Mandrakes stood stolidly in place, flicking each running man who passed them.
373|I must set Carpenter Johnson to building me a home for her. Her letter came to-day. I knew before I opened it that it had good news for me. I saw her a few nights ago.
3730|Hansen flung himself face down on the stone. There was a roar of tortured air from overhead and a thundering sound that was unlike anything except the tearing of an infinity of cloth combined with the sustained explosion of atomic bombs.
3731|Then it seemed as if a thunderbolt of Thor himself had blasted in Hansen's ears. The sky had ripped again, and this time the entire dome shook with the shock. But that wasn't the worst of it.
3732|The sun had broken through the hole and was falling.
3733|End of chapter 6.
3734|CHAPTER VII
3735|THE SKY IS FALLING by LESTER DEL RAY CHAPTER VII
3736|The fall of the sun was seemingly endless. It teetered out of the hole and seemed to hover, spitting great gouts of flame as it encountered the phlogiston lair.
3737|Slowly, agonizingly, it picked up speed and began its downward rush.
3738|Unlike the sky, it seemed to obey the normal laws of inertia Hansen had known. It swelled bit by bit, raging as it drew nearer, and it seemed to be heading straight for the pyramid.
3739|The heat was already rising. It began to sear the skin long before the sun struck the normal atmosphere.
374|I didn't understand him, and then he explained, though I didn't understand that much better.
3740|Hansen could feel that he was being baked alive. The blood in his arteries seemed to bubble and boil, though that must have been an illusion.
3741|But he could see his skin rise in giant blisters and heal almost at once to blister again. He screamed in agony and heard a million screams around him.
3742|Then the other screams began to decrease in numbers and weaken in volume, and he knew that the slaves were dying.
3743|Through a slit between two fingers he watched the ponderous descent.
3744|The light was enough to sear his redness, but even they healed faster than the damage.
3745|He estimated the course of the sun, amazed to find that there was no panic in him, and doubly amazed that he could think at all over the torture that wracked his body.
3746|Finally, convinced that the sun would strike miles to the south, he rowed across the scorching surface of the stone block and dropped to the north side of it.
3747|The shock of landing must have broken bones, but a moment later he could begin to breathe again.
3748|The heat was still intense, even behind the stone block. But it was bearable, at least for him.
3749|The pieces were breaking off the sun as it fell, and already striking the ground.
375|He said he had a gift, or a curse. Them was his words, Mistress Blythe, a gift or a curse. He didn't know which it was. He said a great-great-grandmother of his had had it, and they burned her for a witch on account of it.
3750|One fell near, and its heat seared at him, giving him no place of shelter.
3751|Then the sun struck, sending up earth tremors that knocked him from his feet.
3752|He groped up and stared around the block.
3753|The sun had struck near the horizon, throwing up huge masses of material.
3754|Its hissing against the ground was a tumult in his ears, and superheated ash and debris began to fall.
3755|So far as he could see, there were no other survivors in the camp.
3756|Three million slaves had died. Those who had found some shelter behind the stonework had lived longer than the others, but that had only increased their suffering.
3757|And even his body must have come close to its limits, if it could be killed at all.
3758|He was still in danger. If a salamander could destroy even such a body as his, then the fragments of the sun that were still roiling across the landscape would be fatal.
3759|But the only hope he had was to get as far away from the place where the sun had struck as he could.
376|He said, Queer spells, Trances, I think was the name he'd give him. Come over him now and again.
3760|He braced himself to leave even the partial shelter.
3761|There was a pile of water skins near the base of the block, held in the charred remains of an attendant's body.
3762|The water was boiling, but there was still some left.
3763|He poured several skins together and drank the stuff, forcing himself to endure the agony of its passage down his throat. Without it he'd be dehydrated before he could get a safe distance away.
3764|Then he ran. The desert was like molten iron under his bare feet, and the savage radiation on his back was worse than any overseer's whip.
3765|His mind threatened to blank out with each step, but he forced himself on. And slowly, as the distance increased, the sun's pyre sank further and further over the horizon.
3766|The heat should still have been enough to kill any normal body in fifty minutes, but he could endure it.
3767|He stumbled on in a trot, guiding himself by the stars that shone in the broken sky toward a section of this world where there had been life and some measure of civilization before.
3768|After a few hours the tongues of flame no longer flared above the horizon, though the brilliant radiance continued, and Hansen found that his strong and nearly indestructible body still had limits.
3769|It could not go on without rest forever. He was sobbing with fatigue at every step.
377|Are there such things, Doctor?" There are people who are certainly subject to trances, answered Gilbert.
3770|He managed to dig a small hollow in the sand before dropping off to sleep. It was a sleep of total exhaustion, lacking even a sense of time. It might have been minutes or hours that he slept, and he had no way of knowing which.
3771|With the sun gone, and the stars rocking into dizzy new configurations, there was no night or day, nor any way to guess the passage of time.
3772|He woke to a roaring wind that sent cutting blasts of sand driving against him.
3773|He staggered up and forced himself against it, away from the place where the sun had fallen.
3774|Even through the lashing sandstorm, he could see the glow near the horizon.
3775|Now a pillar of something that looked like steam, but was probably vapor from molten and evaporated rocks, was rising upwards, like the mushroom clouds of his own days.
3776|It was spreading apparently just under the phlogiston layer, reflecting back the glare.
3777|And the wind was caused by the great rising column of superheated gases over the sun.
3778|He staggered on, while the sand gave way slowly to patches of green.
3779|With the sun gone and the sky falling into complete shreds, this world was certainly doomed.
378|The matter is more in the line of psychical research than medical.
3780|He'd assumed that the sun of this world must be above the sky, but he'd been wrong.
3781|Like the other heavenly bodies, it had been embedded inside the shell.
3782|He had discovered that the sky material resisted any sudden stroke, but that other matter could be interpenetrated into it, as the stars were.
3783|He had even been able to pass his hand and arm completely through the sample.
3784|Apparently the sun had passed through the sky in a similar manner.
3785|Then why hadn't the shell melted? He had no real answer.
3786|The sun must have been moving fast enough so that no single spot became too hot.
3787|or else the phlogiston layer somehow dissipated the heat.
3788|The cloud of glowing stuff from the rising air column was spreading out now, reflecting the light and heat back to the earth.
3789|There was a chance that most of one hemisphere might retain some measure of warmth there.
379|What were the trances of this John Selwyn like?
3790|At least, there was still light enough for him to travel safely.
3791|By the time he was too tired to go on again he had come to the beginnings of fertile land. He passed a village, but it had been looted, and he skirted around it rather than stare at the ghastly ghoul-work of the looters.
3792|The world was ending, but civilization seemed to have ended already.
3793|Beyond it he came to a rude house, now abandoned. He staggered in gratefully.
3794|For a change he had one piece of good luck. His first attempted magic produced food.
3795|At the sound of the snapping fingers in his hoarse-voiced apricadabra, a dirty pot of hot and greasy stew came into existence.
3796|He had no cutlery, but his hands served well enough.
3797|When it was gone he felt better. He wiped his hands on the breech-clout. Whatever the material in the cloth, it had stood the sun's heat almost as well as he had.
3798|Then he paused, as his hand found a lump under the cloth.
3799|He drew out the Apprentice Magician's book. The poor devil had never achieved his twenty lifetimes, and this was probably all that was left of him.
380|like dreams," said the old doctor skeptically.
3800|Hansen stared at it, reading the title in some surprise.
3801|Applied semantics. He propped himself up and began to scan it, wondering what it had to do with magic.
3802|He'd had a course of semantics in college and could see no relationship.
3803|But he soon found that there were differences.
3804|This book began with the axiomatic statement that the symbol is the thing.
3805|And from that it developed in great detail the fact that any part of a hole bearing similarity to the hole was also the hole.
3806|that each seven was the class of all sevens, and other details of the science of magical similarity followed quite logically from the single axiom.
3807|Hansom was surprised to find that there was a highly developed logic to it.
3808|Once he accepted the axiom—and he was no longer prepared to doubt it here—he could follow the book far better than he'd been able to follow his own course in semantics. Apparently this was supposed to be a difficult subject, from the constant efforts of the writer to make his point clear.
3809|But after learning to deal with electron holes in transistors, this was elementary study for Hansen.
381|He said he could see things in them, said Captain Jim slowly.
3810|The second half of the book dealt with the use of the true name.
3811|That, of course, was the perfect symbol, and hence the true hold.
3812|There was the simple ritual of giving a secret name. Apparently, any man who discovered a principle or device could use a name for it, just as parents could give one to their children.
3813|and there were the laws for using the name. Unfortunately, just when Hansom was beginning to make some sense of it, the book ended. Obviously there was a lot more to be covered in later courses.
3814|He tossed the book aside, shivering as he realized that his secret name was Common Knowledge.
3815|The wonder was that he could exist at all. And while there was supposed to be a ritual for relinquishing one name and taking another, that was one of the higher mysteries not given.
3816|In the morning he stopped to magic up some more food and the clothing he would need if he ever found the trace of civilized people again. The food was edible, though he'd never particularly liked cereal.
3817|He seemed to be getting the hang of abracadabra-ing up what was in his mind. But the clothing was a problem. Everything he got turned out to be the right size, but he couldn't see himself in a hauberk and greaves, nor in a filmy nightgown.
3818|Finally he managed something that was adequate, if the brilliant floral sport shirt could be said to go with Levi pants and a morning frock.
3819|but he felt somewhat better in it. He finally left the frock behind, however. It was still too hot for that.
382|Mind you, I'm telling you just what he said. Things that were happening. Things that were going to happen.
3820|He walked on briskly, watching for signs of life and speculating on the principles of applied semantics, name-magic and similarity.
3821|He could begin to understand how an Einstein might read through one of the advanced books here and make leaps in theory beyond what the Sothiri had developed.
3822|they'd had it too easy. Magic that worked tended to overcome the drive for the discipline needed to get the most out of it.
3823|Any good theoretician from Hansen's world could probably make fools of these people.
3824|Maybe that was why the Sothiri had gone scrounging back through other worlds to find men who had the necessary drive to get things done when the going was time.
3825|Twice he passed abandoned villages. But there was nothing there for him.
3826|He was coming toward forested ground now, something like the country in which the sons of the egg had found refuge.
3827|The thought of that made him go slower. But for a long time there was no further sign of life.
3828|The woods thinned out to grasslands, and he went on for hours more before he spotted a cluster of lights ahead.
3829|As he drew nearer, he saw that the lights seemed to be fluorescents. They were coming from corrugated iron sheds that looked like aircraft hangars strung together.
383|He said they were sometimes a comfort to him and sometimes a horror.
3830|There was a woven wire fence around the structures, and a sign that said simply, Project 85.
3831|In the half-light from the sky he could see a well-kept lawn, and there were a few groups of men standing about idly.
3832|Most wore white coveralls, though too were dressed in simple business suits.
3833|Hansen moved forward purposefully, acting as if he had urgent business. If he stopped, there would be questions, he suspected. He wanted to find answers, not to answer idle questions.
3834|There was no one at the desk in the little reception alcove, but he heard the sound of voices through a side door leading out.
3835|He went through it, to find a larger yard with more men idling.
3836|There should be someone here who knew more of what was going on in this world than he did now.
3837|His choice, in the long run, seemed to lie between Bork and the Sithery, unless he could find some way of hiding himself from both sides.
3838|At the moment he was relatively free for the first time since they had brought him here, and he wanted to make sure that he could make the most use of the fact.
3839|Nobody asked anything. He slowed, drifting along the perimeter of the group of men, and still nobody paid him any attention.
384|Four nights before this he'd been in one, went into it while he was sitting looking at the fire, and he saw an old room he knew well in England, and purr-susly in it, holding out her hands to him and looking glad and happy, so he knew he was going to hear good news of her.
3840|Finally, he dropped onto the ground near a group of half a dozen men who looked more alert than the rest. They seemed to be reminiscing over old times.
3841|Two thirty-eight an hour with overtime and double time for the swing shift. We really had it made, then. And every Saturday, never fail, the General would come out from Murok and tell us we were the heroes of the home front, with overtime pay while we listened to him.
3842|Yeah, but what if you wanted to quit? Suppose you didn't like your shift boss or somebody. You go down and get your time and they hand you your draft notice.
3843|Me, I liked it better in 46. Not so much pay, but...
3844|Hansen pricked up his ears. The conversation told him more than he needed to know.
3845|He stood up and peered through the windows of the shed. There, unattended under banks of lights, stood half-finished aircraft shapes.
3846|He wouldn't get much information here, it seemed. These were obviously reanimates, men who'd been pulled from his own world and set to work.
3847|They could do their duties and their memories were complete, but they were lacking some essential thing that had gone out of them before they were brought here.
3848|Unless he could find one among them who was either a Mandrake man housing a soul or one of the few reanimates who seemed almost fully human, he'd get little information.
3849|But he was curious as to what the Satheri had expected to do with aircraft. The rocks had better range and altitude than any plains of equal hauling power.
385|A dream, a dream, scoffed the old doctor.
3850|He located one man who seemed a little brighter than the others. The fellow was lying on the ground staring at the sky with his hands clasped behind his head.
3851|From time to time he frowned, as if the side of the sky was making him wonder.
3852|The man nodded as Hansen dropped down beside him. Hi. Just get here, Mac.
3853|Yeah, Hanson assented. What's the score?
3854|The man sat up and made a disgusted noise. Who knows? he answered. There was more emotion in his voice than might be expected from a reanimate.
3856|The head engineer took off in the one we finished. He was going to find out what gives, but he never came back. So we sit." He spat on the ground. I wish they had left me dead after the plant blew up. I'm not myself since then.
3857|What in hell would they need with helicopters?" Hansen asked.
3858|The man shrugged. Beats me. But I'm beginning to figure some things out.
3859|They got some kind of trouble with the sky. I figured they got confused in bringing us here. This shop is one that made those big cargo copters they call skyhooks, and maybe they thought the things were just what they're called. All I know is they kept us working five solid weeks for nothing.
386|Likely, likely, Conceited Captain Jim.
3860|I knew the power was going to fail. They had the craziest damn generating plan you ever saw, and it couldn't last. The boilers kept sizzling and popping their safety valves with no fire in the box.
3861|Just some little old man sitting in a corner practicing the masonic grip or something over a smudge pot.
3862|Hansen gestured back to the sheds. If there's no power, what are those lights? Which lights, they told us, the man explained. Saved a lot of wiring or something. They—hey, what's that?
3864|Then the motor roared, and he and the engineer took off at double the speed you could make on high-test gas.
3865|Hey, there it is again. Doesn't look like Betsy Anne coming back either.
3866|The something whizzed by again, in the other direction, but lower and slower. It made a gigantic but erratic circle beyond the sheds and swooped back. It looked nothing like a helicopter. It looked like a Halloween decoration of a woman on a broomstick.
3867|As it came nearer Hansen saw that it was a woman on a broomstick, flying erratically. She straightened out in a flat glide.
3868|She came in for a one-point landing a couple of yards away. The tip of the broom-handle hit the ground, and she went sailing over it to land on her hands and knees.
3869|She got up, facing the shed. The woman was Nima. Her face was mask-like, her eyes tortured. She was staring searchingly around her, looking at every man.
387|That's what I said to him at the time. It was a vast more comfortable to think so. I didn't like the idea of him seeing things like that. It was real uncanny.
3870|Nima?" Hansen cried. She spun to face him and gasped. Her skin seemed to turn gray and her eyes opened to double their normal size. She took one tottering step toward him and halted.
3871|She whispered hoarsely and slumped to the ground in a faint
3872|She was reviving before he could raise her from the ground. She swayed a moment staring at him.
3873|You're not dead." "What's so wonderful about that around here?" he asked, but not with much interest."
3874|With the world going to pot, and only a few days left, the girl's face and the slim young body under it were about all the reality left worth thinking about.
3875|He grabbed for her, pulling her to him. Bertha had never made him feel like that.
3876|She managed to avoid his lips and slid away from him. But they used the snether knife.
3877|Dave Hanson, you never died. It was only induced illusion by that, that
3878|Bork! And to think that I nearly died of grief while you were enjoying yourself here! You—you Mandrake man!
3879|He grunted. He'd almost managed to forget what he was, and he didn't enjoy having the aircraft worker find out.
388|No," says he, I didn't dream it. But we won't talk of this again. You won't be so much my friend if you think much about it.
3880|He turned to see what the reaction was, and then stared open mouth to his surroundings.
3881|There were no lights from the plane factory. In fact, there was no plane factory.
3882|In the half-light of the sky he saw that the plant was gone. No men were left. There was only barren earth with a tiny, limp sapling in the middle of empty acres.
3883|What happened?" Neema glanced around briefly and sighed.
3884|It's happening all over. They created the plane plant by the law of identities from that little plane tree sapling, I suppose.
3886|Hansen remembered the man with whom he'd been talking before Nima appeared.
3887|He'd have liked to know such a man before death and revivification had ruined him.
3888|It wasn't fair that anyone with character enough to be that human, even as a zombie, should be wiped out without even a moment's consideration.
3889|Then he remembered the man's own estimate of his current situation. Maybe he was better off, returned to the death that had claimed him.
3890|Reluctantly he returned to his own problems. All right, then. If you thought I was dead, what are you doing here, Nima?"
3891|I felt the compulsion begin even before I returned to the city. I thought I was going mad. I tried to forget you, but the compulsion grew until I could fight it no longer.
3892|She shuddered. It was a terrible flight. The carpets will not work at all now, and I could hardly control the broom. Sometimes it wouldn't lift. Twice it sailed so high I could hardly breathe.
3893|And I had no hope of finding you, yet I went on.
3894|I've been flying when I could for three days now.
3895|Bork, of course, hadn't known of her spell with which she'd forced herself to want him well and truly.
3896|Apparently it had gone on operating, even when she thought he was dead, and with a built-in sense of his direction.
3897|Well, she was here. And he wasn't sorry.
3898|Hansen took another look across the plains toward the glowing hell of the horizon.
3899|He reached for her and pulled her to him. She was firm and sweet against him, and she was trembling in response to his urging.
390|and we mortals all shrink from too close contact with God or devil.
3900|At the last moment she pulled back. "You forget yourself, Dave Hanson. I am a registered and certified virgin. My blood is needed for—for spells that won't work anyhow," he told her harshly. "The sky isn't falling now, kid. It's down—or most of it."
3901|But she hesitated. Then let herself come a trifle closer.
3902|Her voice was doubtful. It's true that our spells are failing. Not even the surest magic is reliable. The world has gone mad, and even magic is no longer trustworthy but—
3903|He was just pulling her close enough again, and feeling her arms lift to his neck, when the ground shook behind them, and there was a sound of great, jarring, thudding steps.
3904|Hansen jerked around to see a great rock making its landing run, heading straight for them.
3905|The huge bird bricked savagely, barely stopping before they were under its feet.
3906|From its back a ladder of some flexible material snaked down, and men began descending.
3907|The first were mandrakes in the uniform of the seferi, all carrying weapons with evil-looking blades or sharp stickers.
3908|The last man off was Bork. He came toward Hansen and Nima with a broad grin on his face.
3909|Greetings, Dave Hansen. You do manage to survive, don't you? And my little virgin sister, without whose flight I might not have found you.
391|them was his words. I remember them as if it was yesterday, though I didn't know just what he meant. What do you suppose he did mean, Doctor?
3910|Welcome along. The Rock's growing impatient.
3911|End of chapter 7.
3912|CHAPTER VIII.
3913|The Sky is Falling by Lester Del Rey Chapter 8
3914|The great rock's hard-drumming wings set up a constant sound of rushing air, and the distance flowed behind them.
3915|There was the rush of wind all around them, but on the birds' back they were in an area where everything seemed calm.
3916|Only when Hansen looked over toward the ground was he fully conscious of the speed they were making.
3917|From the height he could see where the sun had landed. It was sinking slowly into the earth, lying in a great fused hole.
3918|For miles around, smaller drops of the three-mile-diameter sun had spattered and were etching deeper holes in the pitted landscape.
3919|Then they began passing over desolate country, scoured by winds, gloomy from the angry glaring clouds above.
392|I doubt if he knew what he meant himself," said Dr. Dave testily.
3920|Once, two bodies went hurtling upwards toward the great gaps in the sky.
3921|Those risings were from men who were no worshippers of the eggs hatching. Bork commented. It's spreading. Something is drawing them up from all over the planet.
3922|Later, half a square mile of the shell cracked off.
3923|The rock squawked harshly, but it had learned and had been watching above.
3924|By a frantic effort of the great wings it missed the hurtling chunk.
3925|They dropped a few thousand feet in the winds that followed the piece of sky, but their altitude was still safe.
3926|Then they passed over a town, flying low.
3927|The sights below were out of a ghoul's bacchanalia.
3928|As the rock swept over, the people stopped their frenzied pursuit of sensation and ran for weapons. A cloud of arrows hissed upwards, all fortunately too late.
3929|They blame all their troubles on the magicians," Bork explained. They've been shooting at everything that flies. Not a happy time to associate with the Sotheri, is it?
393|I think I understand," whispered Anne. She was listening in her old attitude of clasped lips and shining eyes.
3930|Nehema drew further back from him. We're not all cowards like you. Only rats desert a sinking ship.
3931|Nobody thought it was sinking when I deserted." Bork reminded her. Anyhow, if you've been using your eyes and seen the way we are traveling, you'd know I've rejoined the crew. I've made up with the Sather carf, and at a time like this our great-grandfather was glad to have me back.
3932|Neema rushed toward him in delight. But Hansen wasn't convinced.
3933|Why?" he asked. Bork sobered.
3934|One of the corpses that fell back from the risings added a word to what the others had said.
3935|No, I'll bear the weight of it myself, and not burden you with it.
3936|But I'm convinced now that this egg should not hatch.
3937|I had doubts before, unlike our friend Malak, who also heard the words, but is doubly the fanatic now.
3938|Perhaps the hatching cannot be stopped, but I've decided that I am a man, and must fight like one against the fates.
3939|So though I still oppose much that the seferi have done, I have gone back to them.
394|Captain Jim treated himself to an admiring smile before he went on with his story.
3940|We'll be at the camp of the Sather Carve shortly.
3941|That sewed everything up neatly, Hanson thought. Before he had been torn between two alternatives. Now there was only one, and he had no choice. He could never trust the sons of the egg with Bork turned against them.
3942|He stared up at the sky, realizing that more than half of it had already fallen.
3943|The rest seemed too weak to last much longer.
3944|It probably didn't make much difference what he did now or who had him. Time was running out for this world.
3945|The light was dimmer by the time they reached the great capital city, or what was left of it.
3946|They had left the sun-pire far to the south. The air was growing cold already.
3947|The rock flew low over the city. The few people on the streets looked up and made threatening gestures. But there was no flight of arrows from the ground.
3948|Probably the men below had lost even the strength to hate.
3949|It was hard to see since there was no electric lighting system now.
3950|But it seemed to Hansen that only the oddest and ugliest buildings were still standing.
3951|Honest stone and metal could survive, but the work of magic was no longer sane.
3952|One of the remaining buildings seemed to be a hospital, and the empty space in front of it was crammed with people.
3953|Most of them seemed to be dead or unconscious. Squat mandrakes were carrying off bodies toward a great fire that was burning in another square.
3954|Plague and pestilence had apparently gotten out of hand.
3955|They flew on, beyond the city, toward the construction camp that had been Hanson's headquarters.
3956|The rock was beginning to drop into a long, landing-glide, and details below were easier to see.
3957|Along the beach beyond the city a crowd had collected. They had a fire going, and were preparing to cook one of the mermaids.
3958|A fight was already going on over the prey. Food must have been exhausted days before.
3959|The camp was a mess when they reached it. One section had been ripped down by the lash of wind from a huge piece of the sky, which now lay among the ruins with a few stars glowing inside it.
396|He made the garden out there for his bride, but he didn't plant the Lombardies. Mrs. Ned Russell planted them.
3960|There was a brighter glow beyond. Apparently one blob of material from the sun had been tossed all the way here, and had landed against a huge rock to spatter into fragments.
3961|The heat from those fragments cut through the chill in the air, and the glow furnished light for most of the camp.
3962|The tents had been burned, but there was a new building where the main tent had been.
3963|This was obviously a hasty construction job, thrown together of rocks and tree trunks without the use of magic.
3964|It was more of an enormous lean-to than a true building, but it was the best protection now available.
3965|Hansen could see Sather, Carf, and Sir Sagarm waiting outside, together with less than a hundred other warlocks.
3966|The Mandrakes prodded Henson down from the rock and toward the new building, then left at a wave of the Sathercarves' hand.
3967|The old man stared at Hanson intently, but his expression was unreadable.
3968|He seemed to have aged a thousand years.
3969|Finally he lifted his hand in faint greeting, sighed, and dropped slowly to a seat.
397|But there's a double row of rose bushes in the garden that the little girls who went to the Glenn's school set out there for the schoolmaster's bride.
3970|His face seemed to collapse, with the iron running out of it.
3971|He looked like a beaten, sick old man.
3972|His voice was toneless. Fix the sky, Dave Hanson.
3973|There were angry murmurs from other warlocks in the background, but Sather Carve shook his head slowly, still facing Hanson.
3974|What good to threaten dire punishments, or to torture you when another day or week will see the end of everything?
3975|What good to demand your reasons for desertion when time is so short?
3976|Fix the sky, and claim what reward you will afterwards.
3977|We have few powers now that the basis of astrology is ruined.
3978|but repair our sky, and we can reward you beyond your dreams.
3979|We can find ways to return you to your own world intact.
398|He said they were pink for her cheeks, and white for her brow, and red for her lips.
3980|You have near immortality now. We can fill that entire lifetime with pleasures.
3981|will give you jewels to buy an empire. Or if it is vengeance against whatever you feel we are, you shall know my secret name and the name of every one here."
3982|Do with us then what you like, but fix the sky.
3983|It shook Hansen. He had been prepared to face fury, or to try lying his way out if there was a chance with some story of having needed to study menace's methods, or of being lost.
3984|But he had no defense prepared against such an appeal.
3985|It was utterly mad. He could do nothing, and their demands were impossible.
3986|but before the picture of the world dying and the decay of the old Sather's pride.
3987|Even Hansen's own probable death with the dying world seemed unimportant.
3988|He might at least give them something to hope for while the end came.
3989|Maybe," he said slowly.
399|He'd quoted poetry so much that he sort of got into the habit of talking it too, I reckon.
3990|But maybe if all of the men you brought here to work on the problem were to pool their knowledge we might still find the answer.
3991|How long will it take to get them here for a council?
3992|Sir Perth appeared from the group. Hansen had thought the man dead in the ruins of the pyramid, but somehow he had survived.
3993|The fat was going from his face, and his moustache was untrimmed, but he was uninjured.
3994|He shook his head sadly. Most have disappeared with their projects. Two escaped us. Menace is dead. Kalyostra tricked us successfully.
3995|You are all we have left, and we can't even supply labor beyond those you see here. The people no longer obey us, since we have no food to give them."
3996|You're the only hope," Bork agreed. They've saved what they could of the tools from the camp and what magical instruments are still useful.
3997|They have held on only for your return.
3998|Hansen stared at them and around at the collection of bric-a-brac and machinery they had assembled for him.
3999|He opened his mouth, and his laughter was a mockery of their hopes and of himself.
400|Almost everybody sent him some little present to help out the furnishing of the house.
4000|Dave Hansen, world-saver. You got the right name but the wrong man, Sather Carff," he said bitterly.
4001|He'd been a pretender long enough, and what punitive action they took now didn't seem to matter.
4002|You wanted my uncle, David Arnold Hanson. But because his friends called him Dave and cut that name on his monument, and because I was christened by the name you called, you got me instead."
4003|He'd have been helpless here, probably. But with me you have no chance. I couldn't even build a doghouse. I wasn't even a construction engineer, just a computer operator and repairman."
4004|He regretted ruining their hopes almost as he said it.
4005|But he could see no change on the old Sather's face.
4006|It seemed to stiffen slightly and become more thoughtful, but there was no disappointment.
4007|My grandson Borg told me all that," he said. "Yet your name was on the monument, and we drew you back by its use."
4008|Our ancient prophecy declared that we should find omnipotence carved on stone in a pool of water as we found your name.
4009|And therefore by the laws of rational magic it is you to whom nothing is impossible.
401|When the Russells came into it, they were well to do and furnished it real handsome, as you can see. But the first furniture that went into it was plain enough.
4010|We may have mistaken the direction of your talent, but nonetheless it is you who must fix the sky."
4011|What form of wonder is a computer?" Dave shook his head at the old man's monomania.
4012|Just a tool. It's a little hard to explain and it couldn't help.
4013|Humor my curiosity then. What is a computer, Dave Hanson?
4014|Neema's hand rested on Hansen's arm pleadingly, and he shrugged.
4015|He groped about for some answer that could be phrased in their language, letting his mind flicker from the modern electronic gadgets back to the old-time tide predictor.
4016|An analog computer is a machine that sets up conditions mathematically similar to the conditions in some problem, and then lets all the operations proceed while it draws a graph, a prediction, of how the real conditions would turn out.
4017|If the tides change with the position of some heavenly body, then we can build cams that have shapes, like the effect of the moon's orbit, and gear them together in the right order.
4018|If there are many factors, we have a cam for each factor, shaped like the periodic rise and fall of that factor.
4019|They're all geared to let the various factors operate at the proper relative rate.
402|This little house was rich in love, though. The women sent in quilts and tablecloths and towels, and one man made a chest for her, and another a table, and so on.
4020|With such a machine, we can run off a graph of the tides for years ahead.
4021|Oh, hell, it's a lot more complicated than that, but it takes the basic facts and draws a picture of the results.
4022|We use electronic ones now, but the results are the same.
4023|I understand," Sather Karf said. Dave doubted it, but he was happy to be saved from struggling with a more detailed explanation.
4024|And maybe the old man did understand some of it. He was no fool in his own subject, certainly.
4025|Sather Carff pondered for a moment, and then nodded with apparent satisfaction.
4026|Your world was more advanced in understanding than I had thought.
4027|This computer is a fine scientific instrument, obeying natural law well.
4028|We have applied the same methods, though less elaborate.
4029|But the basic magical principle of similarity is the foundation of true science.
403|Even blind old Aunt Margaret Boyd wove a little basket for her out of the sweet scented sandhill grass.
4030|Dave started to protest and then stopped, frowning.
4031|In a way what the other had said was true. Maybe there was some relation between science and magic after all.
4032|There might even be a meeting ground between the laws of the two worlds he knew.
4033|The computer set up similar conditions with the idea that the results would apply to the original.
4034|Magic used some symbolic part of a thing in manipulations that were to be effective for the real thing.
4035|The essential difference was that science was predictive and magic was effective, though the end results were often the same.
4036|On Dave's world the cardinal rule of logic was that the symbol was not the thing, and work done on symbols had to be translated by hard work into reality.
4037|Maybe things were really more logical here, where the symbol was the thing, and all the steps in between thought and result were saved.
4038|So, we are all at fault," Sather Carve said finally. "We should have studied you more deeply, and you should have been more honest with us."
4039|Then we could have obtained a computer for you, and you could have simulated our sky as it should be within your computer, and forced it to be repaired long ago.
404|The schoolmaster's wife used it for years to keep her handkerchiefs in.
4040|But there's no time for regrets now. We cannot help you, so you must help yourself.
4041|Build a computer, Dave Hanson.
4042|Sudden rage burned on the old man's face, and he came to his feet. His arm jerked back and snapped forward.
4043|Nothing happened. He grimaced at the ruined sky.
4044|Dave Hansen," he cried sharply, "By the unfailing power of your name, which is all of you, I hold you in my mind and your throat is in my hand."
4046|You will build a computer," Sather Carve ordered, and you will save our world.
4047|Hansen staggered from the shock of the pain, but he was no longer unused to agony.
4048|He had spent too many hours under the baking of the sun, the agony of the snether knife, and the lash of an overseer's whip.
4049|The agony could not be stopped, but he'd learned that it could be endured.
405|Well, at last everything was ready, even to the logs in the big fireplace ready for lighting.
4050|His fantastic body could heal itself against whatever they did to him, and his mind refused to accept the torture supinely.
4051|He took a step toward Sather Karf and another. His hands came up as he moved forward.
4052|Bork laughed suddenly. "Let up, Sather Carff, or you'll regret it. By the laws you're dealing with a man this time. Let up, or I'll free him to meet you fairly."
4053|The old man's eyes blazed hotly. Then he sighed and relaxed.
4054|The clutching hands and the pain were gone from Hansen, as the sadder calf slumped back wearily to his seat.
4055|fix our sky," the old man said woodenly.
4056|Hansen staggered back, panting from his efforts. But he nodded.
4057|All right," he agreed. Like Bork, I think a man has to fight against his fate, no matter how little chance he has.
4058|I'll do what I can. I'll build the damned computer. But when I'm finished, I'll wait for your true name."
4059|Suddenly Sather Karf laughed. Well said, Dave Hanson.
406|It wasn't exactly this fireplace, though it was in the same place. Miss Elizabeth had this put in when she made the house over fifteen years ago.
4060|You'll have my name when the time comes, and whatever else you desire."
4061|Also, what poor help we can give you now. Sir Perth, bring food for Dave Hanson.
4062|Sir Perth shook his head sadly. There is none—not at all. We hoped that the remaining planets would find a favorable conjunction but—
4063|Dave Hanson studied his helpers with more bitterness. Oh, hell, he said at last.
4064|He snapped his fingers. Abracadabra!
4065|His skill must be improving, since he got exactly what he had wished for.
4066|A full side of beef materialized against his palm, almost breaking his arm before he could snap it out of the way.
4067|The others swarmed hungrily toward it. At their expressions of wonder Hansen felt more confidence returning to him.
4068|He concentrated and went through the little ritual again.
4069|This time loaves of bread rained down, fresh bread, and even of the brand he had wished for.
407|It was a big, old-fashioned fireplace where you could have roasted an ox. Many's the time I've sat here in spun yarns, same's I'm doing tonight.
4070|Maybe he was becoming a magician himself, with a new magic that might still accomplish something.
4071|Sather Carve smiled approvingly. The theory of resonance I see.
4072|unreliable, generally. More of an art than a science. But you show promise of remarkable natural ability to apply it."
4073|You know about it? Dave had assumed that it was completely outside their experience and procedures.
4074|We knew it. But when more advanced techniques took over most of us forgot it.
4075|the syllables resonate in a sound pattern with your world, to which you also still resonate. It won't work for you with anything from this world, nor will anything work thus for us from yours. We had different syllables, of course, for use here."
4076|Sather Carve considered it. But if you can control it and bring in one of your computers, or the parts for one—
4078|But the chief trouble was that he couldn't secure working batteries. He had managed a few, but all were dead.
4079|Like the soul, electrical charges will not transfer." Sather Carpher agreed sadly.
4080|I should have told you that. There was no electricity here with which to power anything, and their spells could not be made to work now.
4081|Even if he could build a computer out of what was obtainable, there would be no way to power it.
4082|Overhead the sky shattered with a roar, and another piece fell, tearing downwards toward the city.
4083|Circe Garm stared upwards in horror. Mars, he croaked, Mars has fallen. Now there can be no conjunction ever.
4084|He taunt and his body rose slowly from the ground. A scream ripped from his lips and faded away as he began rushing upwards with increasing speed.
4085|He passed out of their sight, straight toward the new hole in the sky.
4086|End of chapter 8
4087|Chapter 9 of The Sky is Falling.
4088|The Sky is Falling by Lester Del Rey
4089|CHAPTER IX In the hours that followed, Dave's vague plans changed a dozen times, as he found each idea unworkable.
409|Here on olden nights, children had tossed laughter lightly to and fro.
4090|His emotional balance was also erratic, though that was natural, since the stars were completely berserk in what was left of the sky.
4091|He seemed to fluctuate between bitter sureness of doom and a stupidly optimistic belief that something could be done to avert that doom.
4092|But whatever his mood, he went on working and scheming furiously.
4093|Maybe it was the desperate need to keep himself occupied that drove him, or perhaps it was the pleading he saw in the eyes surround him.
4094|In the end, determination conquered his pessimism.
4095|Somewhere in the combination of the science he had learned in his own world and the technique of magic that applied here, there had to be an answer.
4096|or a means to hold back the end of the world until an answer could be found.
4097|The biggest problem was the number of factors with which he had to deal.
4098|There were seven planets and the sun and three thousand fixed stars.
4099|All had to be ordered in their courses, and the sky had to be complete in its calculations.
410|Here on winter evenings friends had gathered.
4100|He had learned his trade, where the answer was always to add one more circuit and increasing complexity.
4101|Now he had to think of the simplest possible similarity computer.
4102|Electronics was out, obviously. He tried to design a set of cams, like the tide machine, to make multiple tracings on paper similar to a continuous horoscope, but finally gave it up. They couldn't build the parts, even if there had been time.
4103|He had to depend on what was available, since magic couldn't produce any needed device, and since the people here had depended on magic too long to develop the other necessary skills.
4104|When only the broadest powers of magic remained, they were hopeless.
4105|Names were still potent, resonance worked within its limits, and the general principles of similarity still applied.
4106|But those were not enough for them. They depended too heavily on the second great principle of contagion, and that seemed to be wrapped up with some kind of association through the signs and houses and the courses of the planet.
4107|He found himself thinking in circles of worry and pulled himself back to his problem.
4108|Normally, a computer was designed for flexibility and to handle varying conditions.
4109|This one could be designed to handle only one set of factors. It had to duplicate the courses of the objects in their sky and simulate the general behavior of the dome.
411|Dance and music and jest had been here. Here youths and maidens had dreamed. For Captain Jim, the little house was tenanted with shapes and treating remembrance.
4110|It was not necessary to allow for all theoretical courses, but only for the normal orbits.
4111|And finally, he realized that he was thinking of a model.
4112|the one thing which is functionally the perfect analog.
4113|It brought him back to magic again. Make a doll like a man and stick pins in it and the man dies.
4114|make a model of the universe within the sky, and any changes in that should change reality.
4115|The symbol was the thing, and a model was obviously a symbol.
4116|He began trying to plan a model with three thousand stars in their orbits, trying to find some simple way of moving them.
4117|The others watched in fascination. They apparently felt that the diagrams he was drawing were some kind of scientific spell.
4118|Sir Perth was closer than the others, studying the marks he made.
4119|The man suddenly pointed to his computations.
412|It was the first of July when the house was finished. The schoolmaster began to count the days then.
4120|Over and over I find the figure seven and the figure three thousand. I assume that the seven represents the planets.
4121|But what is the other figure?" "The stars," Hanson told him impatiently.
4122|Sir Perth shook his head. That is wrong. There were only 2,781 before the beginnings of our trouble.
4123|And I suppose you've got the exact orbits of everyone?" Hansen asked.
4124|He couldn't see that the difference was going to help much. Naturally, they are fixed stars, which means they move with the sky.
4125|Otherwise, why call them fixed stars? Only the sun and the planets move through the sky.
4126|The stars move with the sky over the world as a unity.
4127|Dave grunted at his own stupidity. That really simplified things, since it meant only one control for all of them and the sky itself.
4128|But designing a machine to handle the planets and the sun, while a lot simpler, was still a complex problem.
4129|With time, it would have been easy enough, but there was no time for trial and error.
413|We used to see him walking along the shore, and we'd say to each other, She'll soon be with him now.
4130|He ripped up his plans and began a new set. He'd need a glass sphere with dots on it for the stars and some kind of levers to move the planets and sun.
4131|It would be something like the orarees he'd seen used for demonstrations of planetary movement.
4132|Sir Perth came over again, staring down at the sketch.
4134|He dashed off, calling two of the mandrakes after him.
4135|In a few minutes they staggered back under a bulky affair in a protective plastic case.
4136|Sir Perth ripped off the case to reveal the orrery to Hanson.
4137|It was a beautiful piece of workmanship. There was an enormous sphere of thin crystal to represent the sky. Precious gems showed the stars affixed to the dome.
4138|The hole was nearly eight feet in diameter. Inside the crystal Hansen could see a model of the world on jeweled bearing supports.
4139|The planets and the sun were set on tracks around the outside, with a clockwork drive mechanism that moved them by means of stranded spiderweb cords.
414|She was expected the middle of July, but she didn't come then. Nobody felt anxious. Vessels were often delayed for days and maybe weeks.
4140|Power came from weights, like those used on an old-fashioned clock.
4141|It was obviously all handwork, which must make it a thing of tremendous value here.
4142|Sather Farreth spent his life designing this," Sir Perth said proudly.
4143|It is so well designed that it can show the position of all things for a thousand centuries in the past or future by turning these cranks on the control.
4144|or it will hold the proper present positions for years from its own engine.
4145|It's beautiful workmanship," Hansen told him. As good as the best done on my world.
4146|So Perth went away, temporarily pleased with himself, and Hansen stood staring at the model.
4147|It was as good as he'd said it was, and completely damning to all of his theories and hopes.
4148|No model he could make would equal it. But in spite of it and all its precise analogy to the universe around him
4149|The sky was still falling in shattered bits.
415|The Royal William was a week overdue, and then two, and then three.
4150|Sather, Karf and Bork had come over to join Hanson.
4151|They waited expectantly. But Hansen could think of nothing to do.
4152|It had already been done, and had failed.
4153|The old man dropped a hand on his shoulder. There was the weight of all his centuries on the sather.
4154|Yet a curious toughness showed through his weariness.
4156|You don't need to read the results off graph paper. What more could any analog computer do?
4157|But it doesn't influence the sky." It was never meant to, the old man said, surprise in his voice. Such power!
4158|Then he stopped, staring at Hanson, while something almost like awe spread over his face.
4159|Yet the prophecy and the monument were right.
416|And at last we began to be frightened, and it got worse and worse.
4160|You have unlocked the impossible. Yet you seem to know nothing of the laws of similarity of magic, Dave Hanson.
4161|Is that crystal similar to the sky by association, by contagion?
4162|or by true symbolism. A part may be a symbol for the whole.
4163|or so may any designated symbol, which may influence the thing it is.
4164|If I have a hair from your head, I can model you with power over you.
4165|but not with the hair of a pig. That is no true symbol.
4166|Suppose we substituted bits of the real thing for these representations?" Hansen asked.
4167|Bork nodded. "It might work. I have heard you found the sky material could be melted, and we've got enough of that where it struck the camp."
4168|Any one of us who had studied elementary alchemy could blow a globe of it to the right size for the skydome.
4169|And there are a few stars from which we can chip pieces enough.
417|Finally I couldn't bear to look into John Sullivan's eyes.
4170|We can polish them and put them into the sphere where they belong. And it will be risky, but we may even be able to shape a bit of the sun stuff to represent the great orb in the sky."
4171|What about the planets? Hansom was beginning to feel the depression lift.
4172|You might get a little of Mars, since it fell near here, but that still leaves the other six.
4173|That, long associated with a thing, achieves the nature of the thing." Sather Carphen toned, as if giving a lesson to a kindergarten student.
4174|With the right colors, metals, and bits of jewels, as well as more secret symbols, we can simulate the planets.
4175|Yet they cannot be suspended above the dome, as in this orary. They must be within the sky as in nature.
4176|How about putting some iron in each and using a magnet on the control tracks to move the planets?" Hansen suggested.
4177|Or does cold iron ruin your conjuring here?
4178|Sathercarve snorted in obvious disgust, but Bork only grinned. Why should it? You must have heard peasant superstitions. Still, you'd have a problem if two tracks met as they do.
4179|The magnets would then affect both planets alike. Better make two identical planets for each, and two suns, and put one on your track controls.
418|Did you know, Mistress Blythe—Captain Jim lowered his voice—I used to think that they looked just like what his old great-great-grandmothers must have been when they were burning her to death.
4180|Then one must follow the other, though the one remain within the sky.
4181|Hansen nodded. He'd have to shield the cord from the sun stuff, but that could be done.
4182|He wondered idly whether the real universe was going to wind up with tracks beyond the sky on which little duplicate planets ran.
4183|Just how much similarity would there be between model and reality when this was done, if it worked at all?
4184|It probably didn't matter, and it could hardly be worse than whatever the risers had run into beyond the hole in the present sky.
4185|Metaphysics was a subject with which he wasn't yet fully prepared to cope.
4186|The model of the world inside the orrery must have been made from earthly materials already, and it was colored to depict land and sea areas. It could probably be used.
4187|At their agreement he nodded with some satisfaction. That should save some time at least.
4188|He stared doubtfully at the rods and bearings that supported the model world in the center of the Oraring.
4189|What about those things? How do we hold the globe in the center of everything?"
419|He never said much, but he taught school like a man in a dream, and then hurried to the shore.
4190|pork shrugged. It seems simple enough. We'll fashion supports of more of the sky material."
4191|And have real rods sticking up from the poles in the real universe?" Hansen asked sarcastically.
4192|Why not?" Bork seemed surprised at Hansen's tone.
4193|There have always been such columns connecting the world and the sky. What else would keep us from falling?
4194|Hansen swore. He might have guessed it. The only wonder was that simple rods were used instead of elephants and turtles.
4195|And the doubly damned fools had let menace drive millions of slaves to death to build a pyramid to the sky, when there were already natural columns that could have been used.
4196|There remains only one step," Sathercarf decided after a moment more.
4197|To make symbol and thing congruent, all must be invoked with the true and secret name of the universe.
4198|Hansen suddenly remembered legends of the Tetragrammaton and the tales of magic he'd read in which there was always one element lacking.
4199|And I suppose nobody knows that or dares to use it?
420|Many a night he walked there from dark to dawn. People said he was losing his mind. Everybody had given up hope. The Royal William was eight weeks overdue.
4200|There was hurt pride in the aged face and the ring of vast authority in his voice. Then you supposed wrong, Dave Hanson.
4201|Since the world first came out of duality, a sadder carve has known that mystery.
4202|Make your device, and I shall not fail in the invocation.
4203|For the first time, Hansen discovered that the warlocks could work when they had to, however much they disliked it.
4204|And at their own specialties they were superb technicians.
4205|Under the orders of Sather Karf, the camp sprang into frenzied but orderly activity.
4206|They lost a few mandrakes in prying loose some of the sun material, and more in getting a small sphere of it shaped. But the remainder gave them the heat to melt the sky-stun.
4207|When it came to glass-blowing Hansen had to admit they were experts. It should have come as no surprise, after the elaborate alchemical apparatus he'd seen.
4208|Once the crystal shell was cracked out of the orrery, a flat-faced sir came in with a long tube and began working the molten sky material, getting the feel of it.
4209|He did things Hanson knew were nearly impossible, and he did them with the calm assurance of an expert.
421|It was the middle of September, and the schoolmaster's bride hadn't come. Never would come, we thought.
4210|And even when another rift in the sky appeared with a crackling of thunder there was no faltering on his part.
4211|The skyshell and world supports were blown into shape around the world model inside the outer tracks in one continuous operation.
4212|The sir then clipped the stuff from his tube and sealed the tiny opening smoothly with a bit of sun-material on the end of a long metal wand.
4213|interesting material," he commented, as if only the technical nature of the stuff had offered any problem to him.
4214|Tiny, carefully polished chips from the stars were ready, and men began placing them delicately on the shelf.
4215|They sank into it at once and began twinkling.
4216|The planets had also been prepared, and they also went into the shell, while a mate to each was attached to the tracking mechanism.
4217|The tiny sun came last. Hansen fretted as he saw it sink into the shell, sure it would begin to melt the sky material.
4218|It seemed to have no effect, however. Apparently the sun was not supposed to melt the sky when it was in place.
4219|So the little sun didn't melt the shell. Once he was sure of that, he used a scrap of the sky to insulate the second little sun that would control the first sympathetically from the track.
422|There was a big storm then that lasted three days, and on the evening after it died away I went to the shore.
4220|He moved the control delicately by hand, and the little son followed dutifully.
4221|The weights on the control mechanism were in place, Hanson noted.
4222|Someone would probably have to keep them wound from now on, unless they could devise a foolproof motor. But that was for the future.
4223|He bent to the hand-cranks. Sather Karf was being called to give the exact settings for this moment, but Hansen had a rough idea of where the planet should be.
4224|He began turning the crank just as the sather came up.
4225|There was a slight movement. Then the crank stuck, and there was a whirring of slipping gears.
4226|The fools who had moved the orary must have been so careless that they'd sprung the mechanism.
4227|He bent down to study the tiny jeweled gears. A whole gear train was out of place.
4228|Sathercarf was also inspecting it, and the words he cried didn't sound like an invocation, though they were strange enough.
4229|He straightened, still cursing. Fix it.
423|I found the schoolmaster there, leaning with his arms folded against a big rock, gazing out to sea.
4230|I'll try," Hansen agreed doubtfully. "But you'd better get the man who made this. He'll know better than I—' He was killed in the first cracking of the sky when a piece hit him. Fix it, Dave Hansen. You claim to be a repairman for such devices."
4231|Hansen bent to study it again, using a diamond lens one of the warlocks handed him.
4232|It was a useful device, having about a hundred times magnification without the need for exact focusing.
4233|He stared at the jumble of fine gears, then glanced out through the open front of the building toward the sky.
4234|There was even less of it showing than he had remembered. Most of the great dome was empty.
4235|And now there were suggestions of shadows in the empty spots.
4236|He looked away hastily, shaken. "I'll need some fine tools," he said.
4237|They were lost in moving this," Sir Perth told him. This is the best we can do."
4238|The jumble of tools had obviously been salvaged from the kits on the tractors in the camp.
4239|There was one fairly small pair of pliers, a small pick, and assorted useless junk.
424|I spoke to him, but he didn't answer. His eyes seemed to be looking at something I couldn't see. His face was set, like a dead man's. John! John! I called out, just like that, just like a frightened child. Wake up! Wake up!
4240|He shook his head hopelessly. "Fix it!" Sather Karf ordered again.
4241|The old man's eyes were also on the sky. You have ten minutes, perhaps. No more.
4242|Hansen's fingers steadied as he found bits of wire and began improvising tools to manipulate the tiny gears.
4243|The mechanism was a piece of superb craftsmanship that should have lasted for a million years, but it had never meant to withstand the heavy shock of being dropped as it must have been.
4244|and there was very little space inside. It should have been disassembled and put back piece by piece. But there was no time for that.
4245|Another thunder of falling sky sounded and the ground heaved.
4246|Earthquakes!" Sathercarf whispered. The end is near.
4248|His voice carried clearly. The egg hatches. To the orrery and smash it. That was the shadow in the pool, destroyed before Dave Hanson can complete his magic.
4249|the men behind him yelled. Around Hanson the magicians cried out in shocked fear.
425|That strange, awful look seemed to sort of fade out of his eyes.
4250|Then old Sather Carp was dashing out from under the cover of the building, brandishing a pole on which a drop of the sun-stuff was glowing.
4251|His voice rose into a command that rang out over the cries of the others.
4252|Dave reached for a heavy hammer, meaning to follow. The old sather seemed to sense it without looking back.
4253|Fix the engine, Dave Hanson, he called.
4254|It made sense. The others could do the fighting, but only he had training with such mechanisms.
4255|He turned back to his work, just as the warlocks began rallying behind Sather Karf, grabbing up what weapons they could find.
4256|There was no magic in this fight. Sticks, stones, hammers and knives were all that remained workable.
4257|Dave Hanson bent over the gears, cursing.
4258|Now there was another rumble of thunder from the falling sky.
4259|The half-light from the reflected sunlight dimmed, and the ground shook violently.
426|He turned his head and looked at me. I have never forgot his face, never will forget it till I ships for my last voyage.
4260|Another set of gears broke from the housing. Hansen caught up a bit of sun-stuff on the sharp point of the awl and brought it closer until it burned his hands. But he had seen enough.
4261|The mechanism was ruined beyond his chance to repair it in time.
4262|He slapped the cover shut and stuck the sun-tipped awl where it would light as much of the orrery as possible.
4263|As always, the skills of his own world had failed. To the blazes with it, then. When in Magicland, magic had to do.
4264|He thought of calling Sir Perth or Sather Carff, but there was no time for that, and they could hardly have heard him over the sounds of the desperate fight going on.
4265|He bent to the floor, searching until he found a ball of the sky material that had been pinched off when the little opening was sealed.
4266|Further hunting gave him a few bits of dust from the star bits and some of the junk that gone into shaping the planets.
4267|He brushed in some dirt from the ground that had been touched by the sun stuff and was still glowing faintly.
4268|He wasn't at all sure of how much he could extrapolate from what he'd read in the book on applied semantics, but he knew he needed a control, a symbol of the symbol in this case.
4269|It was crude, but it might serve to represent the orrery.
427|All is well, lad," he says. I've seen the Royal William coming around East Point. She'll be here by dawn.
4270|He clutched it in his hand and touched it against the orary, trying to remember the formula for the giving of a true name.
4271|He had to improvise, but he got through a rough version of it until he came to the end.
4272|I who created you name you ... what the ... do you say name it?
4273|I name you Rumpelstiltskin, and order you to obey me when I call you by your name.
4274|He clutched the blob of material tighter in his hand, mentally trying to shape an order that wouldn't backfire, as such orders seemed to in the childhood stories of magic he had learned.
4275|Finally his lips whispered the simplest order he could find.
4276|Grumple Stiltskin, repair yourself.
4277|There was a whirring and scraping inside the mechanism, and Hansen let out a yell.
4278|He got only a hasty glimpse of gears that seemed to be back on their tracks before Sather Karf was beside him, driving the cranks with desperate speed.
4279|We have less than a minute," the old voice gasped.
428|And tomorrow night I shall sit with my bride by my own hearth-fire.
4280|The sather's fingers spun the controls. Then he straightened, moving his hands toward the orrery in passes too rapid to be seen.
4281|There was a string of obvious ritual commands in their sacred language. Then a single word rang out, a string of sounds that should have come from no human vocal cords.
4282|There was a wrench and twist through every atom of Hansen's body. The universe seemed to cry out. Over the horizon a great burning disk rose and leaped toward the heavens as the sun went back to its place in the sky.
4283|The big bits of sky stuff around also jerked upwards, revealing themselves by the wind they whipped up, and by the holes they ripped through the roof of the building.
4284|Hanson clutched the scrap he had pocketed, but it showed no sign of leaving, and the tiny blob of sun-stuff remained fixed to the awl.
4285|Through the diamond lens Hanson could see the model of the world in the aura re-changing.
4286|There were clouds apparently painted on it, where no clouds had been.
4287|And there was an indication of movement in the green of the forests and the blue of the oceans, as if trees were whipping in the wind and waves lapping the shores.
4288|When he jerked his eyes upward, all seemed serene in the sky.
4289|The sunlight shone normally on the world, and from under the roof he could see the gaudy blue of sky, complete, with the cracks in it smoothing out as he watched.
429|Do you think he did see it?" demanded Captain Jim abruptly.
4290|The battle outside had stopped with the rising of the sun.
4291|Half the warlocks were lying motionless, the other half had clustered together close to the building where Hansen and Sather Carp stood.
4292|The sons of the eggs seemed to have suffered less, since they greatly outnumbered the others. But they were obviously more shocked by the rising of the sun and the healing of the sky.
4293|Then Malak's voice rang out sharply. It isn't stable yet. Destroy the machine. The egg must hatch.
4294|He leaped forward, brandishing his knife, while the sons of the egg fell in behind him.
4295|The warlocks began to close ranks, falling back to make a stand under the jutting edge of the roof where they could protect the orrery.
4296|Bork and Sir Perth were among them, bloody but hopelessly determined.
4297|One look at Sather Karf's expression was enough to convince Hansen that Malak had cried the truth and that their work could still be undone.
4298|And it was obvious that the warlocks could never stand the charge of the suns.
4299|Too many of them had already been killed, and there was no time for reviving them.
430|God knows," said Gilbert softly, Great love and great pain might compass We know not what marbles.
4300|Sather Carp was starting forward into the battle, but Hansen made no move to follow.
4301|He snapped the diamond lens to his eye and his fingers caught at the drop of sunstaff on the alfonsino.
4302|He had to hold it near the glowing bit for steadiness, and it began searing his fingers.
4303|He forced control on his muscles and plunged his hand slowly through the sky sphere, easing the glowing blob downward toward the spot on the globe he had already located with the lens.
4304|His thumb and finger moved downward delicately, with all the skill of practice at working with nearly invisible fine wires on delicate instruments.
4305|Then he jerked his eyes away from the model and looked out. Something glaring and hot was suspended in the air five miles away.
4306|He moved his hand carefully, steadying it on one of the planet tracks.
4307|The glowing fire in the air outside moved another mile closer than another.
4308|And now, around it, he could see a monstrous fingertip and something that might have been miles of thumbnail.
4309|The warlocks leaped back under the roof. The sons of the eggs screamed and panicked.
431|I am sure he did see it," said Anne earnestly.
4310|Jerking horribly, the monstrous thing moved again.
4311|For part of a second it hovered over the empty camp.
4312|Then it was gone. Hansen began pulling his hand out through the shell of the model, whimpering as his other hand clenched against the blob in his pocket.
4313|He had suddenly realized what horrors were possible to anyone who could use the orrery now.
4314|From Postal Skin I command you to let no other hand than mine enter and to respond to no other controls.
4315|He hoped it would offer enough protection. His hand came free, and he threw the sun-bit away with a flick of his wrist.
4316|His hand ached with the impossible task of steadiness he had set it, and his finger and thumb burned and smoked. But the wound was already healing.
4317|In the exposed section of the camp, the sons of the egg were charred corpses.
4318|There was a fire starting on the roof of the building, but others had already run out to quench that.
4319|It sounded like the snuffling progress of an undine across the roof.
432|Faldoral," said Dr. Dave, but he spoke with less conviction than usual.
4320|Maybe magic was working again. Bork turned back from the sight of his former companions.
4321|His face was sick, but he managed to grin at Hansen.
4322|Dave Hanson, to whom nothing is impossible, he said.
4323|Hansen had located Nima finally as she approached.
4324|He caught her hand and grabbed Bork's arm. Like his own, it was trembling with fatigue and reaction.
4325|Come on," he said. "Let's find some place where we can see whether it's impossible now for you to magic up a decent meal."
4326|and a drink strong enough to scare away the silfs.
4327|The sylph that found them wasn't scared by the scotch, but there was enough for all of
4328|End of chapter 9
4329|CHAPTER X.
433|Because you know," said Captain Jim solemnly.
4330|The Sky is Falling by Lester del Rey
4331|Chapter 10 Three days can work magic in a world where magic works.
4332|The planets swung along their paths again, and the sun was in the most favorable house for conjuration.
4333|the universe was stable again. There was food for all, and houses had been conjured hastily to shelter the people.
4334|The plagues were gone. Now the strange commerce and industry of this world were humming again.
4335|Those who had survived, and those who could be revived, were busily rebuilding.
4336|Some were missing, of course. Those who had risen and hatched were beyond recall, but no one spoke of them.
4337|If any sons of the egg survived, they were quiet in their defeat.
4338|Hansen had been busy during most of the time. It had been taken for granted that he would tend to the orrery, setting it for the most favorable conditions when some special major work of magic required it, and he had taken the orders and moved the controls as they wanted them.
4339|The orrery was housed temporarily in the reconstituted hall of the Cithaery in the capital city. They were building a new hall for it, to be constructed only of natural materials and hand labor, but that was a project that would take long months still.
434|The Royal William came into Four Winds Harbor at daylight the next morning.
4340|Now the immediate pressure was gone, and Hansom was relaxing with Bork and Nima.
4341|Another week, Bork was saying, maybe less. And then gangs of the warlocks can spread out to fix up all the rest of the world.
4342|and to take over control of their slaves again. Are you happy with your victory, Dave Hanson?"
4343|Hansen shrugged. He wasn't entirely sure now.
4344|There was something in the looks of the Sather who gave him orders for new settings that bothered him.
4345|And some of the developments he watched were hardly what he would have preferred.
4346|The warlocks had good memories, it seemed, and there had been manifold offenses against them while the world was falling apart.
4347|He tried to put it out of his mind as he drew Nima to him. She snuggled against him, admiring him with her eyes. But old habits were hard to break.
4348|Don't, Dave. I'm a registered and certified
4349|She stopped then, blushing, and Bork chuckled.
435|Every soul in the Glen and along the shore was at the old wharf to meet her. The schoolmaster had been watching there all night.
4350|Sir Perth appeared at the doorway with two of the mandrakes. He motioned to Hansen.
4351|The Council of Satheri want you," he said. His eyes avoided the other, and he seemed uncomfortable.
4352|Why?" Bork asked. "It's time for Dave Hanson's reward," Sir Pert said."
4353|The words were smooth enough, but the eyes turned away again.
4354|Hansen got up and moved forward. He had been wondering when they would get around to this.
4355|Beside him, Bork and Nima also rose.
4356|Never trust a sather," Bork said softly.
4357|Nima started to protest, then changed her mind. She frowned, torn between old and new loyalties.
4358|The summons was only for Dave Hanson," Sir Perth said sternly as the three drew up to him.
4359|But as Hansen took the arms of the other two, the sir shrugged and fell in behind.
436|how we cheered as she sailed up the channel.
4360|Very softly, too low for the hearing of the mandrakes, his words sounded in Hansen's ear.
4361|Guard yourself, Dave Hanson." So there was to be treachery, Hanson thought.
4362|He wasn't surprised. He was probably lucky to have even three friends.
4363|The Zethaeri would hardly feel very grateful to a Mandrake man who had accomplished something beyond their power, now that the crisis was over.
4364|They had always been a high-handed bunch, apparently, and he had served his purpose.
4365|But he covered his thoughts in a neutral expression and went forward quietly toward the huge council room.
4366|The seventy leading Satheri were all present, with Sather Karf presiding when Hansum was ushered into their presence.
4367|He moved down the aisle, not glancing at the seated Cithaery, until he was facing the old man, drawing Nima and Bork with him.
4368|There were murmurs of protest, but nobody stopped him.
4369|Above him the eyes of Sather Karf were uncertain.
437|Captain Jim's eyes were shining. They were looking at the four-winds harbor of sixty years ago, with a battered old ship sailing through the sunrise splendor.
4370|For a moment, there seemed to be a touch of friendliness and respect in them.
4371|But there was something else that Hanson liked far less.
4372|Any warmth that was there vanished at his first words.
4373|It's about time," Hansen said flatly. When you wanted your world's safety you were free enough with offers of reward. But three days have passed without mention of it.
4374|Sathercarf, I demand your secret name.
4375|He heard Nima gasp, but felt Bork's fingers press against his arm reassuringly.
4376|There was a rising mutter of shock and anger from the others, but he lifted his voice over it. And the secret names of all those present. That was also part of the promised reward.
4377|And do you think you could use the names, Dave Hanson?" Sather Karf asked.
4378|Against the weight of all our knowledge, do you think you could become our master that easily?
4379|Hansen had his own doubts. There were countermagical methods against nearly all magic. And the book he had read had been only an elementary one.
438|And Pursus Lee was on board? asked Anne.
4380|But he nodded. I think, with your name, I could get my hands on your hearts, even if you did your worst.
4381|It doesn't matter. I claim my reward.
4383|but not what the time would be. So you will wait, or the agreement shall be broken by you, not by me."
4384|When you are dying, or otherwise beyond power over us, you shall have the names, Dave Hanson. No, hear me.
4385|He lifted his hand in a brief gesture, and Hansen felt a thickness over his lips that made speech impossible.
4386|We have discussed your reward, and you shall indeed have it," Sathercarve went on, exactly as I promised it to you. I agreed to find ways to return you to your own world intact, and you shall be returned."
4387|For a moment the thickness seemed to relax, and Hansen choked a few words out through it.
4388|What's the world of a mandrake man, Sathercarf? A mandrake swamp?
4389|For a Mandrake man, yes, but not for you.
439|Yes, her and the captain's wife. They'd had an awful passage, storm after storm, and their provisions give out, too.
4390|There was something like amusement in the old man's voice. I never said you were a Mandrake man. That was told you by Sir Perth, who knew no better."
4391|No, Dave Hanson, you were too important to us for that.
4392|Mandrake men are always less than true men, and we needed your best. You were conjured atom by atom, id and ka and sol from your world.
4393|Even the soul may be brought over when enough masters of magic work together. And you were our greatest conjuration.
4394|Even then we almost failed. But you're no Mandrake man.
4395|A load of sickness seemed to leave Hanson's mind.
4396|He had never fully realized how much the shame of what he thought himself to be had weighed on him.
4397|then his mind adjusted to the new facts, dismissing his past worries.
4398|I promised you that we would fill your entire lifetime with pleasures," Sathercarf went on, and you were assured of jewels to buy an empire.
4399|All this the Council is prepared to give you. Are you ready for your reward?
440|But there they were at last. When Purses Lee stepped onto the old wharf, John Selwyn took her in his arms, and folks stopped cheering and begun to cry.
4400|No!" Bork's cry broke out before Hansen could answer.
4401|The big man was writhing before he could finish the word, but his own fingers were working in conjurations that seemed to hold back enough of the spells against him to let him speak.
4402|Dave Hansen, your world was a world of rigid laws. You died there. And there would be no magic to avoid the fact that there you must always be dead.
4403|Hansen's eyes riveted on the face of Sather Carr.
4404|The old man looked back and finally nodded his head.
4405|That is true," he admitted. It would have been kinder for you not to know. But it is the truth.
4406|And jewels enough to buy an empire on a corpse, Hansen accused. A lifetime of pleasures, simple enough when that lifetime would be over before it began.
4407|What were the pleasures, Sathercarf? Having you reveal your name just before I was sent back and feeling I'd won?
4408|he grimaced. I reject the empty rewards of your empty promises.
4409|I also rejected the interpretation. But I was outvoted," Sathercarve said.
441|I cried myself, though to his years, mind you, afore I had admitted. Ain't it funny how ashamed boys are of tears.
4410|and there was a curious reluctance as he raised his hand.
4411|but it is too late. Dave Hanson, prepare to receive your reward. By the power of your name—
4412|Hansen's hand went to his pocket and squeezed down on the blob of sky material there. He opened his mouth and found that the thickness was back.
4413|For a split second his mind screamed in panic as he realized he could not even pronounce the needed words.
4414|Then coldness settled over his thoughts as he drove them to shape the unvoiced words in his mind.
4415|Nobody had told him that magic incantations had to be pronounced aloud. It seemed to be the general law, but for all he knew, ignorance of the law here might change the law. At least he meant to die trying, if he failed.
4416|Rumpelstiltskin, I command the sun to set.
4417|He seemed to sense a hesitation in his mind, and then the impression of jeweled gears turning.
4418|Outside the window the light reddened, dimmed, and was gone, leaving the big room illuminated by only a few witch-lights.
4419|The words Sather Carff had been intoning came to a sudden stop, even before they could be drowned in the shouts of shock and panic from the others.
442|Was Pursesley beautiful? asked Anne.
4420|His eyes centered questioningly on Hanson, and the flicker of a smile crossed his face.
4421|To the orrery, he ordered. Use the manual controls.
4422|Hansen waited until he estimated the men who left would be at the controls. Then he clutched the sky blob again.
4423|The thoughts in his mind were clearer this time. Rumpelstiltskin let the sun rise from the west and set in the east.
4424|Some of the seferi were at the windows to watch what happened this time.
4425|Their shouts were more frightened than before. A minute later the others were back, screaming out the news that the manual controls could not be moved, could not even be touched.
4426|The orrery named Rumpelstiltskin was obeying its orders fully, and the universe was obeying its symbol.
4427|Somehow, old Sather Carff brought order out of the frightened mob that had been the greatest sethary in the world.
4428|All right, Dave Hanson," he said calmly, returned the sun to its course. We agree to your conditions.
4429|haven't heard them yet." "Nevertheless," Sathercarf answered firmly, "we agree.""
443|Well, I don't know that you'd call her beautiful exactly.
4430|What else can we do? If you decide to wreck the sky again, even you might not be able to repair it a second time.
4431|He tapped his hands lightly together, and the sound of a huge gong reverberated in the room.
4432|Let the hall be cleared. I will accept the conditions in private.
4433|There were no objections. A minute later Hansen, Bork, and Nima were alone with the old man.
4434|Sunlight streamed in through the window, and there were fleecy clouds showing in the blue sky.
4435|Well?" Sathercarve asked. There was a trace of a smile on his face and a glow of what seemed to be amusement in his eyes as he listened, though Hansen could see nothing amusing in the suggestions he was making.
4436|First, of course, he meant to stay here. There was no other place for him, but he would have chosen to stay in any event.
4437|Here he had developed into what he had never even thought of being, and there were still things to be learned.
4438|He'd gone a long way on what he'd found in one elementary book.
4439|Now, with a chance to study all their magical lore and apply it with the methods he had learned in his own world, there were amazing possibilities opening up to him.
444|I don't know, said Captain Jim slowly.
4440|For the world, a few changes would be needed. Magic should be limited to what magic did best. The people needed to grow their own food and care for themselves. And they needed protection from the magicians.
4441|There would have to be a code of ethics to be worked out later.
4442|You've got all the time you need to work things out, Sadat-ur-Hansen," Sathercarve told him. It's your world—literally. So take your time."
4443|What do you want first?" Hansen considered it, while Nima's hand crept into his.
4444|Then he grinned. "I guess I want to get your great-granddaughter turned into a registered and certified wife and take her on a long honeymoon," he decided. "After what you've put me through I need a rest."
4445|He took her arm and started down the aisle of the council room.
4446|Behind him he heard Bork's chuckle and the soft laughter of the sadder car.
4447|But their faces were sobering by the time he reached the doorway and looked back.
4448|I like him too, Grandfather," Bork was saying.
4449|Well, it seems your group was right after all. Your prophecy is fulfilled.
445|Somehow you never got so far along as to wonder if she was handsome or not. It just didn't matter.
4450|He may have a little trouble with so many knowing his name, but he's Dave Hanson, to whom nothing is impossible.
4451|You should have considered all the implications of omnipotence.
4452|Sathercarve nodded. Perhaps—and perhaps your group was also right, Bork. It seems that the World Egg has hatched.
4453|His eyes lifted and centered on the doorway.
4454|Hansen puzzled over their words briefly as he closed the door and went out with Nima.
4455|He'd probably have to do something about his name, but the rest of the conversation was a mystery to him.
4456|Then he dismissed it. He could always remember it when he had more time to think about it.
4457|It was many millennia and several universes later when Dave Hanson finally remembered.
4458|By then it was no mystery, of course, and there was no one who dared pronounce his true name.
4459|End of CHAPTER X
446|There was something so sweet and winsome about her that you had to love her. That was all.
4460|CHAPTER 1 OF RAINBOW VALLEY.
4461|Rainbow Valley by Lucy Maude Montgomery.
4462|The thoughts of youth are long, long thoughts. Long fellow.
4463|To the memory of Goldwyn Lapp, Robert Brooks, and Morley Shiner
4464|who made the supreme sacrifice that the happy valleys of their homeland might be kept sacred from the ravage of the invaders.
4465|CHAPTER 1 HOME AGAIN It was a clear apple-green evening in May, and Four Winds Harbor was mirroring back the clouds of the Golden West between its softly dark shores.
4468|Miss Cornelia was going up to Ingleside to see Doctor and Mrs. Blythe, who were just home from Europe.
4469|They had been away for three months, having left in February to attend a famous medical congress in London.
447|But she was pleasant to look at. Big, clear, hazel eyes and heaps of glossy brown hair and an English skin.
4470|And certain things which Miss Cornelia was anxious to discuss had taken place in the Glen during their absence.
4471|one thing, there was a new family in the manse—and such a family! Miss Cornelia shook her head over them several times as she walked briskly along.
4473|Anne was sitting on the steps, her hands clasped over her knee, looking in the kind dusk as girlish as a mother of many has any right to be.
4474|And the beautiful gray-green eyes gazing down the harbor road were as full of unquenchable sparkle and dream as ever.
4475|Behind her, in the hammock, Rilla Blythe was curled up. A fat, rolly-poly little creature of six years, the youngest of the Ingleside children.
4476|She had curly red hair and hazel eyes that were now buttoned up after the funny, wrinkled fashion in which Rilla always went to sleep.
4477|Surely the little brown boy, as he was known in the family Who's Who, was asleep in Susan's arms.
4478|He was brown-haired, brown-eyed, and brown-skinned, with very rosy cheeks, and he was Susan's especial love.
4479|After his birth Anne had been very ill for a long time, and Susan mothered the baby with a passionate tenderness which none of the other children, dear as they were to her, had ever called out.
4480|Dr. Blythe had said that but for her he would never have lived.
4482|Susan had conscientiously spanked all the other Blythe children when she thought they needed it for their soul's good, but she would not spank Shirley nor allow his mother to do it. Once Dr. Blythe had spanked him and Susan had been stormily indignantly.
4483|that man would spank an angel, Mrs. Dr. Dear, that he would," she had declared bitterly, and she would not make the poor doctor a pie for weeks.
4486|is Cornelia Bryant coming up the harbour road, Mrs. Dr. dear," said Susan. "She will be coming to unload three months of gossip on us."
4487|I hope so," said Anne, hugging her knees. I'm starving for Glent's and Mary Gossips' Susan.
4488|I hope Miss Cornelia can tell me everything that has happened while we've been away—everything! Who has got born or married or drunk, who has died or gone away or come or fought or lost a cow or found a beau?
4489|It's so delightful to be home again with all the dear Glen folks, and I want to know all about them."
449|A strange thing. A strange thing.
4490|Why, I remember wondering as I walked through Westminster Abbey which of her two especial bows Millicent Drew would finally marry. Do you know, Susan, I have a dreadful suspicion that I love gossip."
4492|But the men do not seem to mind that. They see only her pretty, pecan-mocking little face Susan.
4493|That may very well be, Mrs. Doctor dear. The good book says that favour is deceitful and beauty is vain."
4494|I should not have minded finding that out for myself, if it had been so ordained.
4495|I have no doubt we will all be beautiful when we are angels, but what good will it do us then?"
4496|Speaking of gossip, however, they do say that poor Mrs. Harrison Miller over harbour tried to hang herself last week.
4497|Oh, Susan! Calm yourself, Mrs. Doctor, dear, she did not succeed.
4498|But I really do not blame her for trying, for her husband is a terrible man.
4499|But she was very foolish to think of hanging herself and leaving the way clear for him to marry some other woman.
450|But I've seen a terrible lot of strange things in my time.
4500|If I had been in her shoes, Mrs. Doctor, dear, I would have gone to work to worry him so that he would try to hang himself instead of me.
4501|not that I hold with people hanging themselves under any circumstances, Mrs. Doctor dear."
4502|is the matter with Harrison Miller anyway?" said Anne impatiently. He is always driving some one to extremes.
4503|Well, some people call it religion and some call it cussedness, pegging your pardon, Mrs. Doctor dear, for using such a word.
4504|It seems they cannot make out which it is in Harrison's case. There are days when he growls at everybody because he thinks he is foreordained to eternal punishment, and then there are days when he says he does not care and goes and gets drunk.
4505|My own opinion is that he is not sound in his intellect, for none of that branch of the Millers were. His grandfather went out of his mind. He thought he was surrounded by big black spiders. They crawled over him and floated in the air about him.
4506|I hope I shall never go insane, Mrs. Dr. dear, and I do not think I will, because it is not a habit of the bakers. But if an all-wise providence should decree it, I hope it will not take the form of big black spiders, for I loathe the animals."
4507|As for Mrs. Miller, I do not know whether she really deserves pity or not. There are some who say she just married Harrison despite Richard Taylor, which seems to me a very peculiar reason for getting married. But then, of course, I am no judge of things matrimonial, Mrs. Doctor dear."
4508|And there is Cornelia Bryant at the gate, so I will put this blessed brown baby on his bed and get my knitting.
4509|End of chapter 1
451|Captain Jim shook his head sagely. It's a dear story, said Anne, feeling that for once she had got enough romance to satisfy her.
4510|Chapter 10 of Rainbow Valley by Lucy Maude McGuire
4511|This LibriVox recording is in the public domain. Recording by Karen Sattler.
4512|Chapter 10 The Man's Girl's Clean House
4513|"Ugh!" said Faith, sitting up in bed with a shiver. It's raining. I do hate a rainy Sunday. Sunday is dull enough even when it's fine."
4514|We oughtn't to find Sunday dull," said Una sleepily, trying to pull her drowsy wits together with an uneasy conviction that they had overslept.
4515|But we do, you know," said Faith candidly. Mary Vance says most Sundays are so dull she could hang herself.
4516|ought to like Sunday better than Mary Vance," said Una remorsefully. We're the ministers' children."
4517|I wish we were a blacksmith's children," protested Faith angrily, hunting for her stocking. Then people wouldn't expect us to be better than other children.
4518|Just look at the holes in my heels. Mary darned them all before she went away, but they're as bad as ever now. Una, get up. I can't get the breakfast alone."
4519|Oh dear, I wish Father and Jerry were home. You wouldn't think we'd miss Father much. We don't see much of him when he is home. And yet everything seems gone—
452|How long did they live here? Fifteen years. I ran off to sea soon after they were married, like the young scallywag I was.
4520|I must run in and see how Aunt Martha is." "Is she any better?" asked Una when Faith returned. No, she isn't. She's groaning with the misery still."
4521|Maybe we ought to tell Dr. Blythe, but she says not. She never had a doctor in her life and she isn't going to begin now. She says doctors just live by poisoning
4522|you suppose they do?" "No, of course not," said Una indignantly. I'm sure Dr. Blythe wouldn't poison anybody."
4523|Well, we'll have to rub Aunt Martha's back again after breakfast. We'd better not make the flannels as hot as we did yesterday."
4524|Faith giggled over the remembrance. They had nearly scalded the skin off poor Aunt Martha's back.
4525|Una sighed. Mary Vance would have known just what the precise temperature of flannels for a misery-back should be. Mary knew everything. They knew nothing.
4526|And how could they learn, save by bitter experience, for which, in this instance, unfortunate Aunt Martha had paid?
4527|The preceding Monday Mr. Meredith had left for Nova Scotia to spend his short vacation, taking Jerry with him.
4528|On Wednesday Aunt Martha was suddenly seized with a recurring and mysterious ailment which she always called the misery, and which was tolerably certain to attack her at the most inconvenient times.
4529|She could not rise from her bed, any movement causing agony.
453|But every time I come back from a voyage, I'd head for here, even before I went home, and tell Mistress Selwyn all about it.
4530|A doctor she flatly refused to have. Faith and Una cooked the meals and waited on her. The less said about the meals the better. Yet they were not much worse than Aunt Martha's had been.
4531|There were many women in the village who would have been glad to come and help, but Aunt Martha refused to let her plight be known.
4532|You must worry on till I can get around," she groaned. Thank goodness John isn't here. There's a plenty of cold, boiled meat and bread and you can try your hand at making porridge."
4533|The girls had tried their hand, but so far without much success. The first day it had been too thin, the next day so thick that you could cut it in slices, and both days it had been burned.
4534|I hate porridge," said Faith viciously. When I have a house of my own I'm never going to have a single bit of porridge in it."
4535|will your children do then?" asked Una. "Children have to have porridge or they won't grow. Everybody says so."
4536|have to get along without it or stay runs," retorted Faith stubbornly.
4537|Here, Una, you stir it while I set the table. If I leave it for a minute the horrid stuff will burn."
4538|It's half-past nine. We'll be late for Sunday school." "I haven't seen anyone going past yet," said Una. "There won't likely be many out. Just see how it's pouring. And when there's no preaching the folks won't come from a distance to bring the children."
4539|and call Carl," said Faith. Carl, it appeared, had a sore throat, induced by getting wet in the Rainbow Valley marsh the previous evening while pursuing dragonflies. He had come home with dripping stockings and boots and had sat out the evening in them.
4540|He could not eat any breakfast, and Faith made him go back to bed again.
4541|She and Una left the table as it was and went to Sunday school. There was no one in the schoolroom when they got there and no one came. They waited until eleven and then went home.
4542|doesn't seem to be anybody at the Methodist Sunday School either," said Una. "I'm glad," said Faith. I'd hate to think the Methodists were better at going to Sunday School on many Sundays than the Presbyterians."
4543|But there's no preaching in their church today either, so likely their Sunday school is in the afternoon.
4544|Una washed the dishes, doing them quite nicely, for so much had she learned from Mary Vann.
4545|Faith swept the floor after a fashion and peeled the potatoes for dinner, cutting her finger in the process.
4546|I wish we had something for dinner besides ditto, side una. I'm so tired of it."
4547|The Blythe children don't know what ditto is, and we never have any pudding."
4548|Nan says Susan would faint if they had no pudding on Sundays.
4549|Why aren't we like other people, Faith?" I don't want to be like other people," laughed Faith, tying up her bleeding finger. I like being myself. It's more interesting.
455|Then they moved to Charlottetown, and Ned Russell bought this house and brought his bride here.
4550|Jesse Drew is as good a housekeeper as her mother, but would you want to be as stupid as she is?
4551|But our house isn't right. Mary Vance says so. She says people talk about it being so untidy.
4553|Jem Blythe says it's only old cats that talk, but their talk hurts just as much as anybody.
4554|I hope it will be fine tomorrow," said Una, fired with enthusiasm. Oh, Faith, it will be splendid to be all cleaned up and like other people.
4555|hope Aunt Martha's misery will last over tomorrow," said Faith. If it doesn't we won't get a single thing done."
4556|Faith's amiable wish was fulfilled. The next day found Aunt Martha still unable to rise.
4557|Carl, too, was still sick and easily prevailed on to stay in bed.
4559|The world was full of summer sunshine after the rain. It was a peerless day for house cleaning and Faith and Una went gaily to work.
456|They were a gay young pair, as I remember them. Miss Elizabeth Russell was Alex's sister. She came to live with them a year or so later, and she was a creature of mirth, too. The walls of this house must be sort of soaked with laughing in good times.
4560|will clean the dining-room and the parlour," said Faith. It wouldn't do to meddle with the study and it doesn't matter much about the upstairs.
4561|first thing is to take everything out." Accordingly everything was taken out.
4563|Una surveyed the streaked result dubiously. They don't look right somehow, she said. Mrs. Elliot's and Susan's windows just shine and sparkle.
4564|never mind, they let the sunshine through just as well," said Faith cheerfully. They must be clean after all the soap and water I've used, and that's the main thing."
4565|Now it's past eleven, so I'll wipe up this mess on the floor and we'll go outside. You dust the furniture and I'll shake the rugs. I'm going to do it in the graveyard. I don't want to send dust flying all over the lawn."
4567|isn't that a terrible sight?" said Elder Abraham solemnly.
4568|I would never have believed it if I hadn't seen it with my own eyes," said Mrs. Elder Abraham, more solemnly still.
4569|Faith waved a doormat cheerily at the Clow Party. It did not worry her that the elder and his wife did not return her greeting.
457|You're the third bride I've seen come here, Mistress Blythe.
4570|Everybody knew that Elder Abraham had never been known to smile since he had been appointed superintendent of the Sunday School fourteen years previously.
4571|But it hurt her that Minnie and Adela-Clow did not wave back.
4572|Faith liked Minnie and Adela. Next to the Blythes they were her best friends in school and she always helped Adela with her sums. This was gratitude for you.
4573|Her friends cut her because she was shaking rugs in an old graveyard where, as Mary Vance had said, not a living soul had been buried for years.
4574|Faith flounced around to the veranda, where she found Una grieved in spirit because the Clowgirls had not waved to her, either.
4575|I suppose they're mad over something," said Faith. Perhaps they're jealous because we play so much in Rainbow Valley with the blinds. Well, just wait till school opens and Adela wants me to show her how to do her sums. We'll get square then.
4576|Come on, let's put the things back in. I'm tired to death and I don't believe the rooms will look much better than before we started. Though I shook out pecks of dust in the graveyard. I hate housecleaning."
4577|It was two o'clock before the tired girls finished the two rooms.
4579|Meanwhile, a weird story flew through Glen St. Mary and folks asked each other seriously what was to be done with those manse youngsters.
458|and the handsomest. Captain Jim contrived to give his sunflower complement the delicacy of a violet, and Anne wore it proudly.
4580|is past laughing at, believe me," said Miss Cornelia to her husband with a heavy sigh.
4581|I couldn't believe it at first. Miranda Drew brought the story home from the Methodist Sunday School this afternoon, and I simply scoffed at it.
4582|But Mrs. Elder Abraham says she and the elder saw it with their own eyes.
4583|saw what?" asked Marshall. "Faith and Una Meredith stayed home from Sunday school this morning and CLEANED house," said Miss Cornelia in accents of despair."
4584|When Elder Abraham went home from the church, he had stayed behind to straighten out the library books. He saw them shaking rugs in the Methodist graveyard.
4585|I can never look a Methodist in the face again. Just think what a scandal it will make!"
4587|The only household which remained in blissful ignorance of the terrible thing was the manse itself.
4589|is the last of our bread," said Faith, and the ditto is done. If Aunt Martha doesn't get better soon what will we do?"
459|She was looking her best that night, with the bridal rose on her cheeks and the love-light in her eyes.
4590|We can buy some bread in the village and there's the codfish Mary dried," said Una, but we don't know how to cook it. Oh, that's easy," laughed Faith. You just boil it."
4591|boil it they did. But as it did not occur to them to soak it beforehand, it was too salty to eat.
4592|And that night they were very hungry, but by the following day their troubles were over. Sunshine returned to the world, Carl was well, and Aunt Martha's misery left her as suddenly as it had come.
4594|End of chapter 10.
4595|Chapter 11 of Rainbow Valley by Lucy Maude Montgomery.
4596|This LibriVox recording is in the public domain. Recording by Karen Satter.
4597|Chapter 11 A Dreadful Discovery
4598|Well, you kids have gone and done it now," was Mary's greeting as she joined them in the valley.
4599|Miss Cornelia was up at Ingleside, holding agonized conclave with Anne and Susan, and Mary hoped that the session might be a long one, for it was all of two weeks since she had been allowed to revel with her chums in the dear valley of rainbows.
460|Even gruff old Dr. Dave gave her an approving glance, and told his wife, as they drove home together, that that red-headed wife of the boys was something of a beauty.
4600|done what?" demanded everybody but Walter, who was daydreaming as usual.
4601|It's you mants, young ones, I mean," said Mary. It was just awful of you. I wouldn't have done such a thing for the world, and I weren't brought up in a mants, weren't brought up anywhere, just come up.
4603|What have we done?" asked Una again despairingly.
4604|Faith said nothing but her eyes flashed golden brown scorn at Mary.
4605|Oh, don't pretend innocence," said Mary, witheringly. "Everybody knows what you have done."
4606|I don't," interjected Jem Blythe indignantly. Don't let me catch you making Una cry, Mary Vance. What are you talking about?
4607|I s'pose you don't know, since you're just back from up West," said Mary, somewhat subdued.
4608|Jem could always manage her. But everybody else knows, you'd better believe—
4609|knows what. That Faith and Una stayed home from Sunday school last Sunday and cleaned house.
461|I must be getting back to the Light," announced Captain Jim. I have enjoyed this evening something tremendous.
4610|We didn't!" cried Faith and Una in passionate denial.
4612|Nan Blythe stood up and put her arms around the dazed Faith and Una.
4613|They were nice enough to take you in and feed you and clothe you when you were starving in Mr. Taylor's barn, Mary Vance," she said. "You are very grateful, I must say."
4615|But we didn't," protested Una. It was Monday we cleaned house, wasn't it, Faith?
4616|Of course it was," said Faith, with flashing eyes. We went to Sunday school in spite of the rain and no one came, not even Elder Abraham, for all his talk about fair-weather Christians.
4617|It was Saturday it rained, said Mary. Sunday was as fine as silk.
4618|I wasn't at Sunday school because I had toothache, but everyone else was, and they saw all your stuff out on the lawn, and Elder Abraham and Mrs. Elder Abraham saw you shaking rugs in the graveyard."
4619|Una sat down among the daisies and began to cry. "Look here," said Jem resolutely. "This thing must be cleared up. Somebody has made a mistake."
462|You must come often to see us," said Anne.
4620|Sunday was fine, Faith. How could you have thought Saturday was Sunday?"
4621|The prayer meeting was Thursday night," cried Faith, and Adam flew into the soup pot on Friday when Aunt Martha's cat chased him and spoiled our dinner. And Saturday there was a snake in the cellar and Carl caught it with a forked stick and carried it out, and Sunday it rained. So there—
4622|prayer meeting was Wednesday night," said Mary. Elder Baxter was to lead and he couldn't go Thursday night and it was changed to Wednesday.
4623|You were just a day out, Faith Meredith, and you did work on Sunday.
4624|Suddenly Faith burst into a peal of laughter. I suppose we did. What a joke!
4625|It isn't much of a joke for your father," said Mary sourly.
4626|It'll be all right when people found out it was just a mistake," said Faith carelessly. We'll explain.
4627|You can explain till you're black in the face," said Mary, but a lie like that will travel faster and further than you ever will.
4628|I've seen more of the world than you, and I know. Besides, there are plenty of folks who won't believe it was a mistake.
4629|They will if I tell them," said Faith. You can't tell everybody," said Mary. No, I tell you you've disgraced your father.
463|I wonder if you'd give that invitation if you knew how likely I'll be to accept it," Captain Jim remarked whimsically.
4630|Una's evening was spoiled by this dire reflection, but Faith refused to be made uncomfortable. Besides, she had a plan that would put everything right.
4631|So she put the past with its mistake behind her, and gave herself over to the enjoyment of the present.
4632|Jem went away to fish and Walter came out of his reverie and proceeded to describe the woods of heaven.
4633|Mary pricked up her ears and listened respectfully.
4634|Despite her awe of Walter, she reveled in his book-talk. It always gave her a delightful sensation.
4635|Walter had been reading his Coleridge that day, and he pictured a heaven where—there were gardens bright with sinuous rills, where blossomed many an incense-bearing tree, and there were forests ancient as the hills, in folding sunny spots of greenery.
4636|I didn't know there was any woods in heaven," said Mary with a long breath. I thought it was all streets and streets and streets.
4637|Of course there are woods," said Nan. Mother can't live without trees and I can't. So what would be the use of going to heaven if there weren't any trees?
4638|There are cities, too," said the young dreamer. Splendid cities, coloured just like the sunset, with sapphire towers and rainbow domes.
4639|They're built out of gold and diamonds, whole streets of diamonds, flashing like the sun.
464|Which is another way of saying you wonder if I mean it, smiled Ann. I do. Cross my heart, as we used to say at school.
4640|In the squares there are crystal fountains kissed by the light, and everywhere the asphodel blooms, the flower of heaven."
4641|fancy," said Mary. I saw the Main Street in Charlottetown once and I thought it was real grand. But I suppose it's nothing to heaven.
4642|Well, it all sounds gorgeous the way you tell it, but won't it be kinda dull, too?
4643|Oh, I guess we can have some fun when the angels' backs are turned," said Faith comfortably.
4644|heaven is all fun," declared Di. "The Bible doesn't say so," cried Mary, who had read so much of the Bible on Sunday afternoons under Miss Cornelia's eye that she now considered herself quite an authority on it."
4645|"Mother says the Bible language is figurative," said Nan. "Does that mean that it isn't true?" asked Mary, hopefully."
4646|No, not exactly, but I think it means that Heaven will be just like what you'd like it to be.
4647|I'd like it to be just like Rainbow Valley," said Mary, with all you kids to gas and play with. That's good enough for me."
4648|Anyhow, we can't go to heaven till we're dead, and maybe not then, so what's the use of worrying?
4649|Here's gem with a string of trout, and it's my turn to fry them.
465|Then I'll come. You're likely to be pestered with me at any hour, and I'll be proud to have you drop down and visit me now and then, too.
4650|We ought to know more about heaven than Walter does when we're the minister's family," said Una as they walked home that night.
4651|We know just as much but Walter can imagine," said Faith. Mrs. Elliot says he gets it from his mother.
4652|I do wish we hadn't made that mistake about Sunday," sighed Una. "Don't worry over that. I've thought of a great plan to explain so that everybody will know," said Faith. Just wait till tomorrow night."
4653|End of chapter 11
4654|Chapter 12 of Rainbow Valley by Lucy Maude Montgomery.
4655|This LibriVox recording is in the public domain.
4656|Chapter 12, An Explanation and a Dare.
4657|The Rev. Dr. Cooper preached in Glen St. Mary the next evening, and the Presbyterian Church was crowded with people from near and far.
4658|The reverend doctor was reputed to be a very eloquent speaker.
4659|And bearing in mind the old dictum that a minister should take his best clothes to the city and his best sermons to the country, he delivered a very scholarly and impressive discourse.
4660|But when the folks went home that night it was not of Dr. Cooper's sermon they talked. They had completely forgotten all about it.
4661|When Dr. Cooper had concluded with a fervent appeal, had wiped the perspiration from his massive brow, had said, Let us pray, as he was famed for saying it, and had duly prayed—
4663|Charles Baxter and Thomas Douglas, whose duty it was to pass the plates, were on the point of rising to their feet.
4664|organist had got out the music of her anthem and the choir had cleared its throat.
4665|Suddenly Faith Meredith rose in the man's pew, walked up to the pulpit platform, and faced the amazed audience.
4667|With an anguished glance at Mrs. Dr. Blythe and another at Deacon Warren of the Methodist Church, Miss Cornelia resigned herself to another scandal.
4668|If the child was only dressed decently itself, she groaned in spirit.
4669|Faith, having spilled ink on her good dress, had serenely put on an old one of faded pink print.
467|The Race That Knows Joseph, puzzled and.
4670|A caddy-cornered rent in the skirt had been darned with scarlet tracing-cottons.
4671|and the hem had been let down, showing a bright strip of unfaded pink around the skirt.
4672|But Faith was not thinking of her clothes at all. She was feeling suddenly nervous.
4673|What had seemed easy in imagination was rather hard in reality. Confronted by all those staring, questioning eyes, Faith's courage almost failed her.
4674|The lights were so bright, the silence so awesome. She thought she could not speak after all. But she must—her father must be cleared of suspicion—only the words would not come.
4675|Una's little pearl-pure face gleamed up at her beseechingly from the man's pew. The Blythe children were lost in amazement.
4676|Back under the gallery, Faith saw the sweet graciousness of Miss Rosemary West's smile and the amusement of Miss Ellen's. But none of these helped her.
4677|It was Bertie Shakespeare Drew who saved the situation.
4678|Bertie Shakespeare sat in the front seat of the gallery, and he made a derisive face at face.
4679|Faith promptly made a dreadful one back at him, and in her anger over being grimaced at by Bertie Shakespeare forgot her stage fright. She found her voice and spoke out clearly and bravely.
4680|I want to explain something," she said, and, I want to do it now because everybody will hear it that heard the other.
4682|I shook the rugs in the Methodist graveyard because it was such a convenient place, and not because I meant to be disrespectful of the dead.
4683|It isn't the dead folks who have made the fuss over this, it's the living folks.
4684|And it isn't right for any of you to blame my father for this, because he was away and didn't know, and anyhow we thought it was Monday. He's just the best father that ever lived in the world, and we love him with all our hearts.
4686|Inside the church people gazed blankly at each other. But Thomas Douglas rose and walked up the aisle with a set face. His duty was clear. The collection must be taken if the skies fell.
4687|taken it was. The choir sang the anthem, with a dismal conviction that it fell terribly flat, and Dr. Cooper gave out the concluding hymn and pronounced the benediction with considerably less unction than usual.
4688|The reverend doctor had a sense of humour, and Faith's performance tickled him. Besides, John Meredith was well known in Presbyterian circles.
4689|Mr. Meredith returned home the next afternoon. But before his coming, Faith contrived to scandalize Glen St. Mary again.
469|Oh, I understand!" exclaimed Anne, light breaking in upon her. It's what I used to call, and still call in quotation marks, kindred spirits. Just so, just so, agreed Captain Jim. We're it, whatever it is.
4690|In the reaction from Sunday evening's intensity and strain, she was especially full of what Miss Cornelia would have called devilment on Monday. This led her to dare Walter Blythe to ride through Main Street on a pig while she rode another one.
4691|The pigs in question were two tall lank animals, supposed to belong to Bertie Shakespeare Drew's father, which had been haunting the roadside by the manse for a couple of weeks.
4692|Walter did not want to ride a pig through Glensent Mary, but whatever Faith Meredith dared him to do must be done. They tore down the hill and through the village, Faith bent double with laughter over her terrified coarser, Walter crimson with shame.
4693|They tore past the minister himself, just coming home from the station.
4694|He, being a little less dreamy and abstracted than usual, owing to have had a talk on the train with Miss Cornelia, who always wakened him up temporarily, noticed them, and thought he really must speak to Faith about it and tell her that such conduct was not seemly
4695|But he had forgotten the trifling incident by the time he reached home.
4696|They passed Mrs. Alec Davis, who shrieked in horror, and they passed Miss Rosemary West, who laughed and sighed.
4697|Finally, just before the pigs swooped into Bertie Shakespeare Drew's back yard, never to emerge there from again, so great had been the shock to their nerves, Faith and Walter jumped off, as Doctor and Mrs. Blythe drove swiftly by.
4698|So that is how you bring up your boys," said Gilbert with mock severity.
4699|Perhaps I do spoil them a little," said Anne contriately. But, oh, Gilbert, when I think of my own childhood before I came to Green Gables I haven't the heart to be very strict."
470|When you come in to-night, Mistress Blythe, I says to myself, says I, Yes, she's of the race that knows Joseph, and mighty glad I was, for if it wasn't so we couldn't have had any real satisfaction in each other's company."
4700|hungry for love and fun I was, an unloved little drudge with never a chance to play. They do have such good times with the man's children."
4701|about the poor pigs?" asked Gilbert. Anne tried to look sober and failed.
4702|you really think it hurt them?" she said. I don't think anything could hurt those animals. They've been the plague of the neighborhood this summer and the drues won't shut them up.
4703|But I'll talk to Walter, if I can keep from laughing when I do it.
4704|Miss Cornelia came up to Ingleside that evening to relieve her feelings over Sunday night. To her surprise, she found that Anne did not view Faith's performance in quite the same light as she did.
4705|I thought there was something brave and pathetic in her getting up there before that church full of people to confess, she said. You could see she was frightened to death. Yet she was bound to clear her father. I loved her for it."
4706|of course the poor child meant well," sighed Miss Cornelia. But just the same it was a terrible thing to do, and is making more talk than the house-cleaning on Sunday. That had begun to die away, and this has started it all up again.
4707|Rosemary West is like you. She said last night as she left the church that it was a plucky thing for Faith to do. But it made her feel sorry for the child, too."
4708|Miss Ellen thought it was all a good joke and said she hadn't had as much fun in church for years. Of course, they don't care. They are Episcopalians."
4709|but we Presbyterians feel it. And there were so many hotel people there that night and scores of Methodists. Mrs. Leander Crawford cried, she felt so bad, and Mrs. Alec Davies said the little hussy ought to be spanked."
471|The race that knows Joseph is the salt of the earth, I reckon.
4711|but I did not say it, Mrs. Dr. dear, because I have too much respect for myself to condescend to argue with the likes of her."
4712|But I could tell worse things than that of Mrs. Leander Crawford, if I was disposed to gossip."
4714|If poor faith had only been decently dressed!" lamented Miss Cornelia again.
4715|it wouldn't have been quite that bad. But that dress looked dreadful as she stood there upon the platform."
4716|was clean, though, Mrs. Dr. Dear," said Susan. They are clean children. They may be very heedless and reckless, Mrs. Dr. Dear, and I am not saying they are not, but they never forget to wash behind their ears."
4717|The idea of Faith forgetting what day was Sunday, persisted Miss Cornelia. She will grow up just as careless and impractical as her father, believe me. I suppose Carl would have known better if he hadn't been sick."
4718|I don't know what was wrong with him, but I think it very likely he had been eating those blueberries that grew in the graveyard. No wonder they made him sick. If I was a Methodist I'd try to keep my graveyard cleaned up at least."
4719|I am of the opinion that Carl only ate the sours that grow on the dike," said Susan hopefully. I do not think any minister's son would eat blueberries that grew on the graves of dead people.
472|The moon had just risen when Anne and Gilbert went to the door with their guests. Four Winds Harbor was beginning to be a thing of dream and glamour and enchantment, a spell-bound haven where no tempest might ever raven.
4720|you know it would not be so bad, Mrs. Dr. dear, to eat things that grew on the dime."
4721|The worst of last night's performance was the face Faith made at somebody in the congregation before she started in," said Miss Cornelia. Elder Clow declares she made it at him. And did you hear that she was seen riding on a pig today?
4722|I saw her. Walter was with her. I gave him a little—a very little scolding about it. He did not say much, but he gave me the impression that it had been his idea and that Faith was not to blame."
4723|I do not believe that, Mrs. Dr. dear," cried Susan, up in arms.
4724|That is just Walter's way to take the blame on himself. But you know as well as I do, Mrs. Dr. Dear, that that blessed child would never have thought of riding on a pig, even if he does write poetry.
4725|Oh, there's no doubt the notion was hatched in Faith Meredith's brain," said Miss Cornelia. And I don't say that I'm sorry that Amos Drew's old pigs did get their comeuppance for once, but the minister's daughter—
4727|Miss Cornelia laughed, too. There are times, Anne dearie, when I know by your eyes that your soberness is put on like a garment and you're really aching to do something wild and young again.
4728|Well, I feel encouraged. Somehow a talk with you always does have that effect on me."
4729|Now when I go to see Barbara Samson it's just the opposite. She makes me feel that everything's wrong and always will be. But of course, living all your life with a man like Joe Samson wouldn't be exactly cheerful."
473|The Lombardies down the lane, tall and somber as the priestly forms of some mystic band, were tipped with silver.
4730|is a very strange thing to think that she married Joe Sampson after all her chances," remarked Susan. She was much sought after when she was a girl. She used to boast to me that she had twenty-one bows and Mr. Pethin.
4731|What was Mr. Pethick?" Well, he was a sort of hanger-on, Mrs. Dr. Dear, but you could not exactly call him a beau. He did not really have any intentions.
4732|Twenty-one bows, and me that never had one.
4733|But Barbara went through the woods and picked up the crooked stick, after all.
4734|And yet they say her husband can make better baking powder biscuits than she can. And she always gets him to make them when company comes to tea.
4735|which reminds me that I have company coming to tea tomorrow, and I must go home and set my bread," said Miss Cornelia. Mary said she could set it, and no doubt she could. But while I live and move and have my being, I set my own bread, believe me."
4737|As for work, I never saw anything like her. She eats it up."
4738|Mrs. Wiley may have been cruel to her, but folks needn't say she made Mary work. Mary's a born worker. Sometimes I wonder which will wear out first—her legs or her tongue?
4739|I don't have enough to do to keep me out of mischief these days. I'll be real glad when school opens, for then I'll have something to do again. Mary doesn't want to go to school, but I put my foot down and said that go she must."
474|"Always liked Lombardies," said Captain Jim, waving a long arm at them. "They're the trees of princesses. They're out of fashion now. Folks complain that they die at the top and get ragged lookin'."
4740|I shall not have the Methodist saying that I kept her out of school while I lolled in idleness."
4741|End of chapter 12
4742|CHAPTER XIII.
4743|Chapter 13 The House on the Hill
4744|There was a little unfailing spring, always icy cold and crystal pure, in a certain birch-screened hollow of Rainbow Valley, in the lower corner near the marsh.
4745|But not a great many people knew of its existence. The Mance and Ingleside children knew, of course, as they knew everything else about the magic valley.
4746|Occasionally they went there to get a drink, and it figured in many of their plays as a fountain of old romance.
4747|Anne knew of it and loved it because somehow it reminded her of the beloved Dryad's bubble at Green Gable.
4748|Rosemary West knew of it. It was her fountain of romance, too.
4749|Eighteen years ago she had sat behind it one spring twilight and heard young Martin Crawford stammer out a confession of fervent boyish love.
475|So they do. So they do, if you don't risk your neck every spring climbing up a light ladder to trim them out.
4750|She had whispered her own secret in return, and they had kissed and promised by the wildwood springs.
4751|They had never stood together by it again. Martin had sailed on his fatal voyage soon after, but to Rosemary West it was always a sacred spot, hallowed by that immortal hour of youth and love.
4752|Whenever she passed near it she turned aside, to hold a secret tryst with an old dream—a dream from which the pain had long gone, leaving only its unforgettable sweetness.
4753|The spring was a hidden thing. You might have passed within ten feet of it and never have suspected its existence.
4754|Two generations passed, a huge old pine had fallen almost across
4755|Nothing was left of the tree but its crumbling trunk, out of which the ferns grew thickly, making a green roof and a lacy screen for the water.
4756|A maple tree grew beside it, with a curiously gnarled and twisted trunk, creeping along the ground for a little way before shooting up into the air, and so forming a quaint sea.
4757|and September had flung a scarf of pale smoke-blue asters around the hollow.
4758|John Meredith, taking the cross-lots through Rainbow Valley on his way home from some pastoral visitations around the harbour head one evening, turned aside to drink from the little spring.
4759|Walter Blythe had shown it to him one afternoon only a few days before, and they had had a long talk together on the maple seat.
476|I always did it for Miss Elizabeth, so her Lombardies never got out at Elba's. She was especially fond of them. She liked their dignity and standoffishness. They don't hobnob with every Tom, Dick and Harry.
4760|John Meredith, under all his shyness and aloofness, had the heart of a boy.
4761|He had been called Jack in his youth, though nobody in Glen St. Mary would ever have believed
4762|Walter and he had taken to each other and had talked unreservedly.
4763|Mr. Meredith found his way into some sealed and sacred chambers of the Lad's soul wherein not even Di had ever looked.
4764|They were to be chums from that friendly hour, and Walter knew that he would never be frightened of the minister again.
4765|I never believed before that it was possible to get really acquainted with the minister," he told his mother that night.
4767|The moon was rising. Rainbow Valley was wind-haunted and star-sentineled only where he was. But afar from the upper end came the gay notes of children's laughter and voices.
4768|The ethereal beauty of the asters in the moonlight, the glimmer of the little spring, the soft croon of the brook, the wavering grace of the brackens, all wove a white magic round John Meredith.
4769|He forgot congregational worries and spiritual problems.
477|If it's Maples for company, Mistress Blythe, it's Lombardy's for society.
4770|The year slipped away from him. He was a young divinity student again, and the roses of June were blooming red and fragrant on the dark, queenly head of his Cecilia.
4771|He sat there and dreamed like any boy. And it was at this propitious moment that Rosemary West stepped aside from the by-path and stood beside him in that dangerous spell-weaving place.
4772|John Meredith came up as she came in, and he saw her—really saw her—for the first time.
4773|He had met her in his church once or twice and shaken hands with her abstractedly as he did with any one he happened to encounter on his way down the aisle.
4774|He had never met her elsewhere, for the Wests were Episcopalians, with Church affinities in Lowbridge, and no occasion for calling upon them had ever arisen.
4775|Before to-night, if any one had asked John Meredith what Rosemary West looked like, he would not have had the slightest notion.
4776|But he was never to forget her, as she appeared to him in the glamour of kind moonlight by the spring.
4777|She was certainly not in the least like Cecilia, who had always been his ideal of womanly beauty.
4778|Cecilia had been small and dark and vivacious. Rosemary West was tall and fair and classy.
4779|Yet John Meredith thought he had never seen so beautiful a woman.
478|What a beautiful night," said Mrs. Dr. Dave as she climbed into the doctor's buggy.
4780|she was bare-headed, and her golden hair—hair of a warm gold molasses taffy colour, as Di Blythe had said—was pinned in sleek close coils over her head.
4781|She had large, tranquil blue eyes that always seemed full of friendliness.
4782|a high, white forehead and a finely shaped face.
4783|Rosemary West was always called a sweet woman. She was so sweet that even her high-bred stately heir had never gained for her the reputation of being stuck up, which it would inevitably have done in the case of any one else in Glen St. Mary's.
4784|Life had taught her to be brave, to be patient, to love, to forgive.
4785|She had watched the ship on which her lover went sailing out of Four Winds Harbor into the sunset.
4786|But though she watched long, she had never seen it coming sailing back.
4787|That vigil had taken girlhood from her eyes. Yet she kept her youth to a marvellous degree.
4788|Perhaps this was because she always seemed to preserve that attitude of delighted surprise towards life which most of us leave behind in childhood.
4789|an attitude which not only made Rosemary herself seem young, but flung a pleasing illusion of youth over the consciousness of everyone who talked her.
479|Most nights are beautiful," said Captain Jim. But I allow that moonlight over four winds makes me sort of wonder what's left for heaven.
4790|John Meredith was startled by her loveliness, and Rosemary was startled by his presence.
4791|She had never thought she would find any one by that remote spring, least of all the recluse of Glen St. Mary Man.
4792|She almost dropped the heavy armful of books she was carrying home from the Glen lending library. And then, to cover her confusion, she told one of those small fibs which even the best of women do tell at times.
4793|I came for a drink," she said, stammering a little, in answer to Mr. Meredith's grave good evening, Miss West.
4794|She felt that she was an unpardonable goose, and she longed to shake herself.
4795|But John Meredith was not a vain man, and he knew she would likely have been as much startled had she met old Elder Clow in that unexpected fashion.
4796|Her confusion put him at ease, and he forgot to be shy. Besides, even the shyest of men can sometimes be quite audacious in moonlight.
4798|Deftly he fashioned this into a three-cornered cup, filled it from the spring, and handed it to Rosemary.
4799|Rosemary took it and drank every drop to punish herself for her fib, for she was not in the least thirsty. And to drink a fairly large cupful of water when you are not thirsty is somewhat of an ordeal."
480|The moon's a great friend of mine, Mistress Blythe. I've loved her ever since I can remember.
4800|Yet the memory of that draft was to be very pleasant to Rosemary. In after years it seemed to her that there was something sacramental about it.
4801|Perhaps this was because of what the minister did when she handed him back the cup.
4802|He stooped again and filled it, and drank of it himself.
4803|It was only by accident that he put his lips just where Rosemary had put hers, and Rosemary knew it.
4804|Nevertheless, it had a curious significance for him.
4805|They too had drunk of the same cup. She remembered idly that an old aunt of hers used to say that when two people did this their after-lives would be linked in some fashion, whether for good or ill.
4806|John Meredith held the cup uncertainly. He did not know what to do with it. The logical thing would have been to toss it away, but somehow he was disinclined to do this. Rosemary held out her hand for it.
4807|you let me have it?" she said. You made it so knackily. I never saw any one make a birch cup so since my little brother used to make them long ago—before he died.
4808|I learned how to make them when I was a boy, camping out one summer. An old hunter taught me," said Mr. Meredith.
4809|let me carry your books, Miss West." Rosemary was startled into another fib and said, Oh, they were not heavy. But the minister took them from her with quite a masterful air, and they walked away together.
481|When I was a little chap of eight I fell asleep in the garden one evening and wasn't missed.
4810|It was the first time Rosemary had stood by the valley spring without thinking of Martin Crawford.
4811|the mystic tryst had been broken. The little by-path wound around the marsh and then struck up the long wooded hill, on the top of which Rosemary lived.
4812|Beyond, through the trees, they could see the moonlight shining across the level summer fields.
4813|But the little path was shadowy and narrow. Trees crowded over it, and trees are never quite as friendly to human beings after nightfall as they are in daylight.
4814|They wrap themselves away from us. They whisper and plot furtively.
4815|If they reach out a hand to us, it has a hostile tentative type.
4816|People walking amid trees after night always draw closer together instinctively and involuntarily, making an alliance, physical and mental, against certain alien powers around them.
4817|Rosemary's dress brushed against John Meredith as they walked.
4818|Not even an absent-minded minister, who was, after all, a young man still, though he firmly believed he had outlived romance, could be insensible to the charm of the night and the path and the companion.
4819|It is never quite safe to think we have done with life.
482|I woke up along in the night, and I was most scared to death. What shadows and queer noises there was! I durcent move. Just crouched there quaking poor small mite.
4820|When we imagine we have finished our story, Fate has a trick of turning the page and showing us yet another chapter.
4821|These two people each thought their hearts belonged irrevocably to the past.
4822|But they both found their walk up that hill very pleasant.
4823|Rosemary thought the Glen minister was by no means as shy and tongue-tied as he had been represented.
4824|He seemed to find no difficulty in talking easily and freely.
4825|Glen Housewives would have been amazed had they heard him. But then so many Glen Housewives talked only gossip and the price of eggs, and John Meredith was not interested in either.
4826|He talked to Rosemary of books and music and wide world doings and something of his own history.
4827|and found that she could understand and respond. Rosemary, it appeared, possessed a book which Mr. Meredith had not read and wished to read.
4828|She offered to lend it to him, and when they reached the old homestead on the hill he went in to get it.
4829|The house itself was an old-fashioned grey one, hung with vines.
483|Seems if there weren't anyone in the world but myself, and it was mighty big.
4830|which the light in the sitting-room winked in friendly fashion.
4831|It looked down the glen, over the harbour, silvered in the moonlight, to the sand dunes and the moaning ocean.
4832|They walked in through a garden that always seemed to smell of roses, even when no roses were in bloom.
4833|There was a sisterhood of lilies at the gate, and a ribbon of asters on either side of the broad walk, and a lacery of fir-trees on the hill's edge beyond the house.
4834|You have the whole world at your doorstep here," said John Meredith, with a long breath.
4835|What a view! What an outlook! At times I feel stifled down there in the glen. You can breathe up here."
4836|is calm to-night," said Rosemary, laughing. If there were a wind it would blow your breath away.
4837|We get all the arts the wind can blow up here.
4838|This place should be called Four Winds instead of the harbor.
4839|I like wind," he said. A day when there is no wind seems to meet dead. A windy day wakes me up.
484|Then all at once I saw the moon looking down at me through the apple boughs, just like an old friend. I was comforted right off, got up and walked to the house as brave as a lion looking at her.
4840|He gave a conscious laugh. On a calm day I fall into danger.
4841|No doubt you know my reputation, Miss West. If I cut you dead the next time we meet don't put it down to bad manners. Please understand that it is only abstraction and forgive me and speak to me."
4842|They found Ellen West in the sitting room when they went in.
4843|She laid her glasses down on the books she had been reading and looked at them in amazement, tinctured with something else.
4844|But she shook hands amiably with Mr. Meredith, and he sat down and talked to her while Rosemary hunted out his book.
4845|Ellen West was ten years older than Rosemary, and so different from her that it was hard to believe they were sisters.
4846|She was dark and massive, with black hair, thick black eyebrows, and eyes of the clear salty blue of the Gulf water in a north wind.
4847|She had a rather stern, forbidding look, but she was in reality very jolly, with a hearty, gurgling laugh and a deep, mellow, pleasant voice, with a suggestion of masculinity about
4848|She had once remarked to Rosemary that she would really like to have a talk with that Presbyterian minister at the Glen, to see if he could find a word to say to a woman when he was cornered.
4849|She had her chance now and she tackled him on world politics.
485|Many's the night I've watched her from the deck of my vessel on seas far away from here.
4850|Miss Ellen, who was a great reader, had been devouring a book on the Kaiser of Germany, and she demanded Mr. Meredith's opinion of him.
4851|A dangerous man, was his answer. I believe you!" Miss Ellen nodded. Mark my words, Mr. Meredith. That man is going to fight somebody yet. He's aching to. He is going to set the world on fire.
4852|you mean that he will wantonly precipitate a great war, I hardly think so," said Mr. Meredith. The day has gone by for that sort of thing."
4853|"Bless you it hasn't," rumbled Ellen. The day never goes by for men and nations to make asses of themselves and take to the Fist."
4854|The millennium isn't THAT near, Mr. Meredith, and you don't think it is any more than I do.
4856|Who is going to nip him? Tell me that, Mr. Meredith."
4857|Mr. Meredith couldn't tell her, but they plunged into a discussion of German militaries that lasted long after Rosemary had found the book.
4858|Rosemary said nothing, but sat in a little rocker behind Ellen and stroked an important black cat meditatively.
4859|John Meredith hunted big game in Europe with Ellen, but he looked oftener at Rosemary than at Ellen, and Ellen noted—
486|Why don't you folks tell me to take in the slack of my jaw and go home?
4860|After Rosemary had gone to the door with him and come back, Ellen rose and looked at her accusing him.
4861|Rosemary West, that man has a notion of courting you.
4862|Rosemary quivered. Ellen's speech was like a blow to
4863|It rubbed all the bloom off the pleasant evening. But she would not let Ellen see how it hurt
4864|Nonsense!" she said, and laughed a little too carelessly. You see a bow for me in every bush, Ella.
4865|Why he told me all about his wife tonight, how much she was to him, how empty her death had left the world.
4866|Well, that may be his way of courting," retorted Ellen. "Men have all kinds of ways, I understand. But don't forget your promise, Rosemary."
4867|There is no need of my either forgetting or remembering it," said Rosemary a little wearily.
4868|You forget that I'm an old maid, Ellen. It's only your sisterly delusion that I am still young and blooming and dangerous."
4869|Mr. Meredith merely wants to be a friend, if he wants that much itself. He'll forget us both long before he gets back to the man."
487|The laughter of the good nights died away. Anne and Gilbert walked hand in hand around their garden.
4870|I've no objection to your being friends with him," conceded Ellen, but it mustn't go beyond friendship, remember?
4871|I'm always suspicious of widowers. They are not given to romantic ideas about friendship. They are apt to mean business."
4872|As for this Presbyterian man, what do they call him shy for? He's not a bit shy. Though he may be absent-minded—so absent-minded that he forgot to say good-night to me when you started to go to the door with him."
4873|he's got brains, too. There's so few men around here that can talk sense to a body. I've enjoyed the evening. I wouldn't mind seeing more of him. But no philandering, Rosemary, mind you. No philandering."
4874|Rosemary was quite used to being warned by Ellen from philandering if she so much as talked five minutes to any marriageable man under 80 or over 18.
4875|She had always laughed at the warning with unfeigned amusement. This time it did not amuse her, it irritated her a little. Who wanted to philander?
4876|Don't be such a goose, Ellen," she said with unaccustomed shortness as she took her lamb
4877|She went upstairs without saying good night. Ellen shook her head dubiously and looked at the black cat.
4879|Upstairs in her room, Rosemary sat for a long while, looking out of the window across the moonlit garden to the distant shining harbor.
488|The brook that ran across the corner dimpled pollucidly in the shadows of the birches.
4880|She felt vaguely upset and unsettled.
4881|She was suddenly tired of outworn dreams.
4882|And in the garden the petals of the last red rose were scattered by a sudden little wind.
4883|Summer was over. It was autumn.
4884|End of chapter 13.
4885|Chapter 14 of Rainbow Valley by Lucy Maude McGarrett
4886|This LibriVox recording is in the public domain. Recording by Karen Sattler.
4887|Chapter 14 Mrs. Alec Davis makes a call.
4888|John Meredith walked slowly home. At first he thought a little about Rosemary, but by the time he reached Rainbow Valley he had forgotten all about her and was meditating on a point regarding German theology which Ellen had raised.
4889|He passed through Rainbow Valley and knew it not. The charm of Rainbow Valley had no potency against German theology.
489|the poppies along its banks were like shallow cups of moonlight.
4890|When he reached the manse he went to his study and took down a bulky volume, in order to see which had been right, he or Ellen.
4891|He remained immersed in its mazes until dawn, struck a new trail of speculation and pursued it like a sleuth-hound for the next week, utterly lost to the world, his parish and his family.
4892|He read day and night. He forgot to go to his kneels when Una was not there to drag him to them. He never thought about Rosemary or Ellen again.
4893|Old Mrs. Marshall over harbour was very ill and sent for him, but the message lay unheeded on his desk and gathered down.
4894|Mrs. Marshall recovered, but never forgave him.
4896|me," he said absently, that his strange, very strange—
4897|The bride, who was nervous, began to cry. The bridegroom, who was not in the least nervous, giggled.
4898|police, sir. I think you're burying us instead of marrying us," he said.
4899|"Excuse me," said Mr. Meredith, as if it did not matter much."
490|The flowers that had been planted by the hands of the schoolmaster's bride flung their sweetness on the shadowy air, like the beauty and blessing of sacred yesterdays.
4900|He turned up the marriage service and got through with it, but the bride never felt quite properly married for the rest of her life.
4901|He forgot his prayer meeting again, but that did not matter, for it was a wet night and nobody came.
4902|He might even have forgotten his Sunday service if it had not been for Mrs. Alec David.
4903|Aunt Martha came in on Saturday afternoon and told him that Mrs. Davis was in the parlor and wanted to see him.
4904|Mr. Meredith sighed. Mrs. Davis was the only woman in Glen St. Mary Church whom he positively detested.
4905|Unfortunately, she was also the richest, and his board of managers had warned Mr. Meredith against offending her.
4906|Mr. Meredith seldom thought of such a worldly matter as a stipend, but the managers were more practical. Also they were astute.
4907|Without mentioning money, they contrived to instill into Mr. Meredith's mind a conviction that he should not offend Mrs. Davies. Otherwise he would likely have forgotten all about her as soon as Aunt Martha had gone out.
4908|As it was, he turned down his yule with a feeling of annoyance and went across the hall to the parlour.
491|Anne paused in the gloom to gather a spray. I love to smell flowers in the dark, she said. You get hold of their soul then.
4910|The blinds were cracked and torn. The pictures on the walls were crooked. The rugs were awry. The vases were full of faded flowers. The dust lay in heaps—literally in heaps—in
4911|What are we coming to?" Mrs. Davis asked herself, and then primmed up her unbeautiful mouth.
4912|Jerry and Carl had been whooping and sliding down the banisters as she came through the hall. They did not see her and continued whooping and sliding, and Mrs. Davis was convinced they did it on purpose.
4914|Shoo there!" commanded Mrs. Davies, poking her flounced, changeable silk parasol at him.
4916|Mr. Meredith still wore slippers and dressing gown, and his dark hair still fell in uncared-for locks over his high brow.
4917|But he looked the gentleman he was. And Mrs. Alec Davies, in her silk dress and beplumed bonnet and kid gloves and gold chain, looked the vulgar, coarse-souled woman she was.
4918|Each felt the antagonism of the other's personality. Mr. Meredith shrank, but Mrs. Davis girded up her loins for the fray. She had come to the manse to propose a certain thing to the minister, and she meant to lose no time in proposing it.
4919|She was going to do him a favour, a great favour, and the sooner he was made aware of it the better. She had been thinking about it all summer and had come to a decision at last.
492|Oh, Gilbert, this little house is all I've dreamed it, and I'm so glad that we are not the first to have kept Bride-O-Trist here.
4920|This was all that mattered, Mrs. Davies thought. When she decided a thing it was decided. Nobody else had any say in the matter. That had always been her attitude.
4921|When she had made up her mind to marry Alec Davies she had married him, and that was the end to it.
4922|Alec had never known how it happened, but what odds. So in this case Mrs. Davies had arranged everything to her own satisfaction. Now it only remained to inform Mr. Meriden.
4923|you please shut that door?" said Mrs. Davies, unprimming her mouth slightly to say it, but speaking with asparity. I have something important to say, and I can't say it with that racket in the hall."
4924|Mr. Meredith shut the door meekly. Then he sat down before Mrs. David.
4925|He was not wholly aware of her yet. His mind was still wrestling with Yule's arguments. Mrs. Davis sensed his detachment, and it annoyed her.
4926|I have come to tell you, Mr. Meredith," she said aggressively, that I have decided to adopt Una. To adopt Una? Mr. Meredith gazed at her blankly, not understanding in the least.
4927|Yes, I've been thinking it over for some time. I have often thought of adopting a child since my husband's death, but it seems so hard to get a suitable one."
493|End of chapter 7
4931|Mr. Meredith was wide enough awake by this time.
4934|These had almost been her last words, except a few unforgettable ones for him alone.
4935|And it was this child whom Mrs. Davies had coolly announced her intention of taking from him.
4936|He sat up straight and looked at Mrs. Davies.
4938|I thank you for your kind intentions, Mrs. Davis," said Mr. Meredith, with a gentle, final, quite awful courtesy. But I cannot give you my child."
4939|Mrs. Davis looked blank. She had never dreamed of his refusing—
494|CHAPTER VIII
4940|Why, Mr. Meredith," she said in astonishment,—you must be—you can't mean it. You must think it over. Think of all the advantages I can give her."
4941|There is no need to think it over, Mrs. Davies. It is entirely out of the question."
4942|All the worldly advantages it is in your power to bestow on her could not compensate for the loss of a father's love and care. I thank you again, but it is not to be thought of."
4943|disappointment angered Mrs. Davies beyond the power of old habit to control. Her broad red face turned purple and her voice trembled.
4944|I thought you'd be only too glad to let me have her," she sneered.
4946|that will do, woman," said Mr. Meredith.
4947|He stood up and looked at Mrs. Davies with eyes that made her quail. "That will do," he repeated. "I desire to hear no more, Mrs. Davies. You have said too much."
4948|It may be that I have been remiss in some respects in my duty as a parent, but it is not for you to remind me of it in such terms as you have used. Let us say good afternoon."
4949|Mrs. Davies did not say anything half so amiable as good afternoon, but she took her departure.
495|This LibriVox recording is in the public domain. Chapter 8 Miss Cornelia Bryant Comes to Call
4950|As she swept past the minister, a large plump toad, which Carl had secreted under the lounge, hopped out almost under her feet.
4952|Mr. Meredith, who had not seen the toad, wondered if she had been attacked with some kind of apoplectic or paralytic seizure and ran in alarm to her assistance. But Mrs. Davis, recovering her feet, waved him back furiously.
4953|And don't you DARE touch me!" she almost shouted. This is some more of your children's doings, I suppose. This is no fit place for a decent woman. Give me my umbrella and let me go. I'll never darken the doors of your manse or your church again."
4954|Mr. Meredith picked up the gorgeous parasol meekly enough and gave it to her. Mrs. Davis seized it and marched down.
4955|Jerry and Carl had given up banister-sliding and were sitting on the edge of the veranda with Faith. Unfortunately, all three were singing at the tops of their healthy young voices. There'll be a hot time in the old town tonight."
4957|goodness, isn't she mad," said Jerry. And what is a varmint anyhow?
4958|John Meredith paced up and down the parlor for a few minutes.
496|That month of September was a month of golden mists and purple hazes at Four Winds Harbor, a month of sun-steeped days and of nights that were swimming in moonlight or pulsating with stars. No storm marted, no rough wind blew.
4962|But was he fit to have charge of them? He knew, none better, his weaknesses and limitations.
4963|What was needed was a good woman's presence and influence and common sense, but how could that be arranged?
4964|Even were he able to get such a housekeeper, it would cut Aunt Martha to the quick.
4965|She believed she could still do all that was meet and necessary. He could not so hurt and insult the poor old woman who had been so kind to him and his.
4966|how devoted she had been to Cecilia. And Cecilia had asked him to be very considerate of Aunt Martha.
4967|To be sure, he suddenly remembered that Aunt Martha had once hinted that he ought to marry again.
4968|He felt she would not resent a wife, as she would a housekeeper. But that was out of the question. He did not wish to marry. He did not and could not care for any wife.
4969|then what could he do? It suddenly occurred to him that he would go over to Ingleside and talk over his difficulties with Mrs. Blind.
4970|Mrs. Blythe was one of the few women he never felt shy or tongue-tied with.
4971|She was always so sympathetic and refreshing.
4972|It might be that she could suggest some solution of his problem.
4973|And even if she could not, Mr. Meredith felt that he needed a little decent human companionship after his dose of Mrs. Davies—something to take the taste of her out of his soul.
4974|He dressed hurriedly and ate his supper less abstractedly than usual.
4975|It occurred to him that it was a poor meal. He looked at his children. They were rosy and healthy looking enough, except Una. She had never been very strong even when her mother was alive.
4976|They were all laughing and talking. Certainly they seemed happy.
4977|Carl was especially happy, because he had two most beautiful spiders crawling around his supper plate. Their voices were pleasant, their manners did not seem bad, they were considerate of and gentle to one another.
4978|Yet Mrs. Davis had said their behavior was the talk of the congregation.
4979|As Mr. Meredith went through his gate, Dr. Blythe and Mrs. Blythe drove past on the road that led to Lowbridge. The minister's face fell. Mrs. Blythe was going away—there was no use in going to Ingleside—and he craved a little companionship more than ever.
498|If life were to stop short just now it would still have been richly worthwhile just for the sake of these past four weeks, wouldn't it?" said Anne.
4980|As he gazed rather hopelessly over the landscape the sunset light struck on a window of the old west homestead on the hill. It flared out rosily like a beacon of good hope.
4981|He suddenly remembered Rosemary and Ellen West.
4982|He thought that he would relish some of Ellen's pungent conversation. He thought it would be pleasant to see Rosemary's slow, sweet smile and calm, heavenly blue eyes again.
4983|What did that old poem of Sir Philip Sidney say? Continual comfort in a face.
4985|End of chapter 14
4986|CHAPTER 15
4987|This LibriVox recording is in the public domain. Recording by Karen Sattler.
4988|Chapter 15 More Gossip
4989|On the evening after Mrs. Myra Murray of the Over Harbour section had been buried, Miss Cornelia and Mary Vance came up to Ingleside.
499|I don't suppose we will ever have four such perfect weeks again. But we've had them. Everything—wind, weather, folks, House of Dreams—has conspired to make our honeymoon delightful. There hasn't even been a rainy day since we came here.
4990|There were several things concerning which Miss Cornelia wished to unburden her soul.
4991|The funeral had to be all talked over, of course. Susan and Miss Cornelia thrashed this out between them, and took no part or delight in such ghoulish conversation.
4992|She sat a little apart and watched the autumnal flame of Dahlia's in the garden.
4993|and the dreaming, glamorous harbor of the September sunset.
4994|Mary Vance sat beside her, knitting meekly.
4995|Mary's heart was down in the Rainbow Valley, whence came sweet, distant, softened sounds of children's laughter, but her fingers were under Miss Cornelia's eye. She had to knit so many rounds of her stocking before she might go to the valley.
4996|Mary knit and held her tongue, but used her ears.
4997|I never saw a nicer-looking corpse," said Miss Cornelia judicially. Myra Murray was always a pretty woman.
4998|She was a quarry from Lowbridge, and the quarries were noted for their good looks.
4999|I said to the corpse as I passed it, Poor woman, I hope you are as happy as you look, sighed Susan.
500|And we haven't quarreled once, teased Gilbert.
5001|Myra Murray was not a woman to attend her own funeral before she died.
5002|Many a time afterwards, when I saw her enjoying herself out in company, I thought to myself, "You are a handsome woman, Myra Murray, and that dress becomes you. But it will likely be your shroud at last." And you see my words have come true, Mrs. Marshall-Elliott."
5003|Susan sighed again heavily. She was enjoying herself hugely. A funeral was really a delightful subject of conversation.
5004|I always liked to meet Myra," said Miss Cornelia. She was always so gay and cheerful, she made you feel better just by her handshake. Myra always made the best of things.
5006|There are people who would call that levity, Mrs. Marshall Elliott, and I think her sister-in-law was a little ashamed of it. She said perhaps her sickness had made Myra a little light-headed."
5007|But I said, No, Mrs. Murray, do not worry over it. It was just Myra's way of looking at the bright side."
5008|Her sister Luella was just the opposite," said Miss Cornelia. There was no bright side for Luella. There was just black and shades of grey. For years she used always to be declaring she was going to die in a week or so.
5009|I won't be here to burden you long," she would tell her family with a groan. And if any of them ventured to talk about their little future plans she'd groan also and say, I won't be here then.
501|Well, that's a pleasure all the greater for being deferred," quoted Anne.
5012|No wonder he looked sad. He will not get a wife like Myra again in a hurry," said Susan. Maybe he will not try, since his children are all grown up and Mirabelle is able to keep house.
5013|But there is no predicting what a widower may or may not do, and I, for one, will not try.
5014|will Miss Myra terrible in church," said Miss Cornelia. She was such a worker. Nothing ever stumped her. If she couldn't get over a difficulty she'd get around it, and if she couldn't get around it she'd pretend it wasn't there—and generally it wasn't.
5015|I'll keep a stiff upper lip to my journey's end," she said to me once. Well, she has ended her journey.
5016|do you think so?" asked Anne suddenly, coming back from dreamland.
5017|I can't picture her journey as being ended. Can you think of her sitting down and folding her hands, that eager asking spirit of hers with its fine adventurous outlook?
5018|I think in death she just opened a gate and went through on, on to new shining adventures.
502|I'm so glad we decided to spend our honeymoon here. Our memories of it will always belong here, in our house of dreams, instead of being scattered about in strange places.
5020|Of course, one does get awful tired at times, and the older you are the tireder you get. But the very tiredest could get rested in something short of eternity, you'd think—except, perhaps, a lazy man."
5021|When I meet Myra Murray again," said Anne, I want to see her coming towards me brisk and laughing, just as she always did
5022|Oh, Mrs. Doctor, dear," said Susan in a shocked tone,— "You surely do not think that Myra will be laughing in the world to come!"
5023|Why not, Susan? Do you think we will be crying there?
5024|No, no, Mrs. Dr. dear, do not misunderstand me. I do not think we shall be either crying or laughing."
5025|then?" "Well," said Susan, driven to it, "it is my opinion, Mrs. Dr. dear, that we shall just look solemn and holy.""
5026|And do you really think, Susan," said Anne, looking solemn enough, that either Myra Murray or I could look solemn and holy all the time? ALL the time, Susan?
5027|"Well," admitted Susan, reluctantly, "I might go so far as to say that you both would have to smile now and again. But I could never admit that there will be laughing in heaven. The idea seems really irreverent, Mrs. Doctor, dear."
5028|Well, to come back to earth," said Miss Cornelia. "Who can we get to take Myra's class in Sunday school? Julia Clow has been teaching it since Myra took ill, but she's going to town for the winter, and will have to get somebody else."
5029|I heard that Mrs. Lorry Jamison wanted it," said Anne. The Jamisons have come to church very regularly since they moved to the Glen from Lowbridge.
503|There was a certain tang of romance and adventure in the atmosphere of their new home, which Anne had never found in Avonlea.
5030|new brooms," said Miss Cornelia dubiously. Wait till they've gone regularly for a year."
5031|you cannot depend on Mrs. Jamieson a bit, Mrs. Dr. dear," said Susan solemnly. She died once, and when they were measuring her for her coffin, after laying her out just beautiful, did she not go and come back to life?"
5032|Now, Mrs. Doctor, dear, you know you cannot depend on a woman like that.
5033|might turn Methodist at any moment," said Miss Cornelia. They tell me they went to the Methodist Church at Lowbridge quite as often as to the Presbyterian. I haven't caught them at it here yet, but I would not approve of taking Mrs. Jamieson into the Sunday School."
5035|"Carmen's indeed," said Susan furiously. Does Mrs. Alec Davis forget that her uncle on her mother's side was suspected of poisoning his wife?"
5036|not that it was ever proved, Mrs. Dr. dear, and it does not do to believe all you hear. But if I had an uncle whose wife died without any satisfactory reason, I would not go about the country calling innocent children varmints."
5037|The point is," said Miss Cornelia, "that Mrs. Davies paid a large subscription, and how its loss is going to be made up is a problem. And if she turns the other Douglases against Mr. Meredith, as she will certainly try to do, he will just have to go."
5038|do not think Mrs. Alec Davies is very well liked by the rest of the clan," said Susan. It is not likely she will be able to influence them."
5039|But those Douglas's all hang together so. If you touch one you touch all. We can't do without them, so much is certain. They pay half the salary."
504|There, although she had lived inside of the sea, it had not entered intimately into her life.
5040|are not mean, whatever else may be said of them. Norman Douglas used to give a hundred a year long ago before he left."
5042|I don't know that he was any too good a husband to her, though she was never heard to complain. But she always had a cowed look."
5043|Norman Douglas didn't get the woman he wanted thirty years ago, and the Douglases never liked to put up with second bests.
5044|Who was the woman he did want? Ellen West. They weren't engaged exactly, I believe, but they went about together for two years. And then they just broke off. Nobody ever knew why. Just some silly quarrel, I suppose."
5046|Ellen would have kept him in fine order, and he would have liked her all the better for it. He despised Hester, that is the truth, just because she always gave in to him."
5047|I used to hear him say many a time, long ago, when he was a young fellow,— "Give me a spunky woman. Spunk for me every time."
5048|And then he went and married a girl who couldn't say boo to a goose—manlike.
5049|that family of reasers were just vegetables. They went through the motions of living, but they didn't live."
505|In four winds it surrounded her and called to her constantly.
5051|People do have such different ideas of enjoyment. As for Norman Douglas, he is a perfect heathen. When the last minister asked him why he never went to church, he said, "Too many ugly women down there, Parson. Too many ugly women."
5052|I should like to go to such a man, Mrs. Dr. dear, and say to him solemnly, There is a hell."
5053|"Oh, Norman doesn't believe there is such a place," said Miss Cornelia."
5054|I hope he'll find out his mistake when he comes to die.
5055|There, Mary, you've knit your three inches and you can go and play with the children for half an hour."
5056|Mary needed no second bidding. She flew to Rainbow Valley with a heart as light as her heels, and in the course of conversation told Faith Meredith all about Mrs. Alec Davies.
5058|Faith carried a heavy heart to bed with her that night.
506|From every window of her new home she saw some varying aspect of it.
5060|It's awful to be minister's family," groaned Faith into her pillow. Just as soon as you get fond of a place you're torn up by the roots. I'll never, never, never marry a minister, no matter how nice he is.
5061|Faith sat up in bed and looked out of the little vine-hung window.
5062|The night was very still, the silence broken only by Una's soft breathing.
5063|Faith felt terribly alone in the world. She could see Glen St. Mary lying under the starry blue meadows of the autumn night.
5064|Over the valley a light shone from the girls' room at Ingleside and another from Walter's room.
5065|Faith wondered if poor Walter had toothache again. Then she sighed, with a little passing sigh of envy of Nan and I. They had a mother and a settled home. They were not at the mercy of people who got angry without any reason and called you a varmint.
5066|Away beyond the glen, amid fields that were very quiet with sleep, another light was burning.
5067|Faith knew it shone in the house where Norman Douglas lived.
5068|He was reputed to sit up all hours of the night reading.
5069|Mary had said if he could only be induced to return to the church all would be well. And why not?
5070|Faith looked at a big, low star hanging over the tall, pointed spruce at the gate of the Methodist church and had an inspiration.
5071|She knew what ought to be done, and she, Faith Meredith, would do it. She would make everything right.
5072|With a sigh of satisfaction she turned from the lonely dark world and cuddled down beside Una.
5073|End of chapter 15
5074|Chapter 16 of Rainbow Valley by Lucy Maude Montgomery.
5075|This LibriVox recording is in the public domain. Recording by Karen Sattler.
5076|Chapter 16 Tit for tat
5077|With faith, to decide was to act. She lost no time in carrying out the idea.
5078|As soon as she came home from school the next day she left the ments and made her way down the glen.
5079|Walter Blythe joined her as she passed the post office.
508|The ways of four winds were less staid and settled and grooved than those of Avonlea.
5080|I'm going to Mrs. Elliot's on an errand for Mother," he said. Where are you going, Faith?"
5081|I'm going somewhere on church business," said Faith loftily. She did not volunteer any further information and Walter felt rather snubbed.
5082|They walked on in silence for a little while. It was a warm, windy evening with a sweet, resinous air. Beyond the sand dunes were grey seas, soft and beautiful. The Glen Brook bore down a fray of gold and crimson leaves, like fairy shallops.
5083|In Mr. James Reese's Buckwheat Stubble Land, with its beautiful tones of red and brown, a Crow Parliament was being held, where at solemn deliberations regarding the welfare of Crowland were in progress.
5084|Faith cruelly broke up the august assembly by climbing up on the fence and hurling a broken rail at it. Instantly the air was filled with flapping black wings and indignant caws.
5085|Why did you do that?" said Walter, approachfully. They were having such a good time.
5086|Oh, I hate crows," said Faith, eerily. They're so black and sly I feel sure they're hypocrites. They steal little birds' eggs out of their nests, you know. I saw one do it on our lawn last spring.
5087|Walter, what makes you so pale today? Did you have the toothache again last night?"
5088|Walter shivered. Yes, a raging one. I couldn't sleep a wink, so I just paced up and down the floor and imagined I was an early Christian martyr being tortured at the command of Nero. That helped ever so much for a while.
509|winds of change blew over them, the sea called ever to the dwellers on shore, and even those who might not answer its call felt the thrill and unrest and mystery and possibilities of it.
5090|Susan said it served me right for sitting up in the cold garret yesterday writing poetry trash. But she started up the kitchen fire and got me a hot water bottle and it stopped the two things.
5091|As soon as I felt better I told Susan my poetry wasn't trash and she wasn't any judge. And she said no, thank goodness, she was not, and she did not know anything about poetry except that it was mostly a lot of lies.
5093|Why don't you go to the dentist at Lowbrish and get the tooth out?" Walter shivered again. They want me to, but I can't. It would hurt so.
5094|you afraid of a little pain?" asked Faith contemptuously. Walter flushed. It would be a big pain. I hate being hurt.
5095|father said he wouldn't insist on my going. He'd wait until I made up my own mind to go."
5096|It wouldn't hurt as long as the toothache," argued Faith. You've had five spells of toothache.
5097|If you'd just go and have it out there'd be no more bad nights. I had a tooth out once, I yelled for a moment, but it was all over then, only the bleeding.
5098|The bleeding is the worst of all, it's so ugly!" cried Walter.
510|I understand now why some men must go to sea," said Anne. That desire, which comes to us all at times, to sail beyond the born of sunset, must be very imperious when it is born in you.
5100|there's no use making a fuss over anyone getting hurt," said Faith, tossing her curls. Of course, if you've hurt yourself very bad you have to yell, and blood is messy, and I don't like seeing other people hurt either. But I don't want to run. I want to go to work and help them."
5101|Your father has to hurt people lots of times to cure them. What would they do if he ran away?"
5102|I didn't say I WOULD run. I said I WANTED to run, that's a different thing. I want to help people too. But oh, I wish there weren't any ugly, dreadful things in the world. I wish everything was glad and beautiful."
5104|I hate Dan Rees," said Walter. So do I. All us girls do.
5105|I'm just going to walk past and never take the least notice of him. You watch me.
5106|Faith accordingly stalked past Dan with her chin out and an expression of scorn that bit into his soul. He turned and shouted after her,— PIG GIRL! PIG GIRL! PIG GIRL!—in a crescendo of insult.
5108|But it never occurred to Faith to expect Walter to do it or blame him for not doing it. Walter, she knew, never fought other boys. Neither did Charlie Clow of the North Road.
5109|The strange part was that, while she despised Charlie for a coward, it never occurred to her to disdain Walter. It was simply that he seemed to her an inhabitant of a world of his own where different traditions prevailed.
5110|Faith would have soon expected a starry-eyed young angel to pummel dirty, freckled-faced Dan Reese for her, as Walter Blythe.
5111|She would not have blamed the angel and she did not blame Walter Blythe. But she wished that sturdy Jem or Jerry had been there and Dan's insult continued to wrangle in her soul.
5112|Walter was pale no longer. He had flushed crimson and his beautiful eyes were clouded with shame and anger. He knew that he ought to have avenged Faith. Jem would have sailed right in and made Dan eat his words with bitter sauce.
5113|Richie Warren would have overwhelmed Dan with worse names than Dan had called Faith, but Walter could not—simply COULD NOT—call names. He knew he would get the worst of me.
5114|He could never conceive or utter the vulgar, ribbled insults of which Dan Rees had unlimited command.
5115|And as for the trial by fist, Walter couldn't fight. He hated the idea. It was rough and painful and worst of all it was ugly.
5116|He never could understand Jem's exaltation in an occasional conflict. But he wished he could fight Dan Rees. He was horribly ashamed because Faith Meredith had been insulted in his presence and he had not tried to punish her insulter.
5117|He felt sure she must despise him. She had not even spoken to him since Dan had called her Pig Girl.
5118|He was glad when they came to the parting of the ways.
5119|Faith, too, was relieved, though for a different reason.
512|You'll stay right here with me, Anne-girl," said Gilbert lazily. I won't have you flying away from me into the hearts of storms."
5120|She wanted to be alone because she suddenly felt rather nervous about her errand.
5121|impulse had cooled, especially since Dan had bruised her self-respect.
5122|She must go through with it, but she no longer had enthusiasm to sustain it.
5123|She was going to see Norman Douglas and ask him to come back to church, and she began to be afraid of him.
5124|What had seemed so easy and simple up at the Glen seemed very different down here.
5125|She had heard a good deal about Norman Douglas, and she knew that even the biggest boys in school were afraid of him.
5126|Suppose he called her something nasty. She had heard he was given to that.
5127|Faith could not endure being called names, they subdued her far more quickly than a physical blow.
5128|But she would go on. Faith Meredith always went on. If she did not, her father might have to leave the Glens."
5129|At the end of the long lane Faith came to the house, a big, old-fashioned one with a row of soldierly Lombardies marching past it.
513|They were sitting on their red sandstone doorstep in the late afternoon. Great tranquillities were all about them in land and sea and sky. Silvery gulls were soaring over them.
5130|On the back veranda Norman Douglas himself was sitting reading a newspaper. His big dog was beside him.
5131|Behind, in the kitchen, where his housekeeper Mrs. Wilson was getting supper, there was a clatter of dishes—an angry clatter, for Norman Douglas had just had a quarrel with Mrs. Wilson and both were in a very bad temper over it.
5132|Consequently, when Faith stepped on the veranda and Norman Douglas lowered his newspaper, she found herself looking into the choleric eyes of an irritated man.
5133|Norman Douglas was rather a fine-looking personage in his way. He had a sweep of long red beard over his broad chest and a mane of red hair, ungrizzled by the years, on his massive head.
5134|His high, wide forehead was unwrinkled, and his blue eyes could flash still with all the fire of his tempestuous youth.
5135|He could be very amiable when he liked, and he could be very terrible. Poor Faith, so anxiously bent on retrieving the situation in regard to the Church, had caught him in one of his terrible moods.
5136|He did not know who she was, and he gazed at her with disfavour. Norman Douglas liked girls of spirit and flame and laughter. At this moment faith was very pale.
5137|She was of the type to which colour means everything. Lacking her crimson cheeks, she seemed meek and even insignificant.
5138|she looked apologetic and afraid, and the bully in Norman Douglas's heart stirred. "Who the dickens are you, and what do you want here?" he demanded in his great, resounding voice with a fierce scowl."
514|The horizons were laced with long trails of frail, pinkish clouds. The hushed air was threaded with a murmurous refrain of minstrel winds and waves. Pale asters were blowing in the seer and misty meadows between them and the harbor.
5143|Faith wished herself a thousand miles away. She stammered out her thought in its naked simplicity. I came to ask you—
5144|to go to church and pay to the salary."
5146|Faith got out. She stumbled blindly down the steps, out of the yard-gate and into the lane.
515|Doctors who have to be up all night waiting on sick folk don't feel very adventurous, I suppose," and said indulgently. If you had had a good sleep last night, Gilbert, you'd be as ready as I am for a flight of imagination.
5150|Faith did not know what a vampire meant any more than she knew what the Scotch fiddle was. She had heard Susan use the expressions and gathered from her tone that both were dire things.
5152|She thought she was being made fun of, treated contemptuously. She would have enjoyed another explosion of rage, but this cut deep.
5157|Go get some of your best preserves, Wilson," he ordered, and stop sulking, woman, stop sulking.
5159|Wilson's tea is shalama-gooslem. I swear she makes it out of burdocks."
516|I did good work last night, Anne," said Gilbert quietly.
5160|Don't take any of the ungodly black liquid. Here's some milk for you.
5162|come now, girl. Will you let me off? I used to pay a hundred to the salary every year and go to church. If I promise to pay two hundred a year, will you let me off going to church? Come now." "No, no, sir," said Faith, dimpling, roguishly. I want you to go to church, too."
5163|Well, a bargain is a bargain. I reckon I can stand it twelve times a year.
5164|What a sensation it'll make the first Sunday I go!
5165|And old Susan Baker says I'm going to hell, eh? Do you believe I'll go there? Come now, do you?
5166|I hope not, sir," stammered Faith in some confusion. Why do you hope not? Come now, why do you hope not? Give us a reason, girl, give us a reason.
5167|It—it must be a very uncomfortable place, sir." Uncomfortable? All depends on your taste in comfortable, girl. I'd soon get tired of angels. Fancy old Susan in a halo now.
5169|you tell him that if he wants to keep me in good humour to preach a good rip-roaring sermon on hell once every six months, and the more brimstone the better, I like him smoking."
517|Under God I saved a life. This is the first time I could ever really claim that. In other cases I may have helped, but Anne—
5170|And think of all the pleasure he'd give the old maids, too. They'd all keep looking at old Norman Douglas and thinking, that's for you, you old reprobate. That's what's in store for you. I'll give an extra ten dollars every time you get your father to preach on hell."
5171|Here's Wilson in the jam. Like that, eh? It isn't mackinacaddy. Taste!"
5172|Faith obediently swallowed the big spoonful Norman held out to her. Luckily it was good.
5173|best plum jam in the world," said Norman, filling a large saucer and plumping it down before her. "Glad you like it. I'll give you a couple jars to take home with you. There is nothing mean about me—never was. The devil can't catch me at THAT corner, anyhow."
5174|It wasn't my fault that Hester didn't have a new hat for ten years. It was her own. She pinched on hats to save money to give yellow fellas over in China.
5175|I never gave assent to missions in my life. Never will. Never you tried to bamboozle me into that.
5176|A hundred a year to the salary and church once a month, but no spoiling good heathens to make poor Christians. Why, girl, they wouldn't be fit for heaven or hell. Clean spoiled for either place. Clean spoiled.
5177|Hey, Wilson, haven't you got a smile on yet? Beats all how you women can sulk. I never sulked in my life. It's just one big flashing crash with me and then poof! The squall's over and the sun is out and you could eat out of my hand."
5178|Norman insisted on driving Faith home after supper, and he filled the buggy up with apples, cabbages, potatoes, and pumpkins and jars of jam.
518|If I had not stayed at Allenby's last night and fought death hand to hand, that woman would have died before morning.
5180|No. Aunt Martha has a cat and he would kill a strange kitten.
5182|Faith went up to bed feeling a little dizzy and breathless, as if she had just escaped from the grasp of a genial whirlwind.
5183|She was happy and thankful. No fear now that they would have to leave the Glen and the graveyard in Rainbow Valley.
5184|But she fell asleep troubled by a disagreeable subconsciousness that Dan Rees had called her Pig Girl, and that having stumbled on such a congenial epithet he would continue to call her so whenever opportunity offered.
5185|End of chapter 16
5186|Chapter 17 of Rainbow Valley by Lucy Modman-Garrett.
5187|This LibriVox recording is in the public domain. Recording by Karen Sattler.
5188|Chapter 17, a double-victory.
5189|Norman Douglas came to church the first Sunday in November and made all the sensation he desired.
519|I tried an experiment that was certainly never tried in four wins before.
5190|Mr. Meredith shook hands with him absently on the church steps, and hoped dreamily that Mrs. Douglas was well.
5192|Norman intercepted Faith at the gate. "Kept my word, you see. Kept my word, Red Rose. I'm free now till the first Sunday in December."
5194|And what's the matter with a nice, tasty discourse on heaven for New Year's?
5195|though it wouldn't be half as interesting as Hell Girl, not half.
5196|Only I'd like to know what your father thinks about heaven. He can think. Rarest thing in the world. A person who can think. But he did contradict himself. Ha ha!
5197|Here's a question you might ask him sometime when he's awake, girl. Can GOD make a stone so big he couldn't lift it himself? Don't forget now. I want to hear his opinion on it. I've stumped MANY a minister with that, girl."
5198|Faith was glad to escape him and run home. Dan Reese, standing among the crowd of boys at the gate, looked at her and shaped his mouth into pig-girl, but dared not utter it aloud just there.
5199|Next day in school was a different matter. At noon recess Faith encountered Dan in the little spruce plantation behind the school, and Dan shouted once more, Big girl, big girl, rooster girl!
520|I doubt if it was ever tried anywhere before outside of a hospital. It was a new thing in Kingsport Hospital last winter. I could never have dared try it here if I had not been absolutely certain that there was no other chance. I risked it, and it succeeded.
5200|Walter Blythe suddenly rose from a mossy cushion behind a little clump of furs where he had been reading. He was very pale, but his eyes blazed with joy.
5202|You are a coincidence," said Walter, scornfully, turning still wider.
5203|He had only a very hazy idea what a coincidence was, but Dan had none at all, and thought it must be something peculiarly appropriate.
5205|Walter had hurled himself across the intervening space and knocked Dan off the fence backward with one well-directed blow.
5207|We'll fight this out!" he howled, cowardly.
5208|any time you like," said Walter. Oh, no, no, Walter," protested Faith. Don't fight him. I don't mind what he says. I wouldn't condescend to mind the like of him.
5209|He insulted you and he insulted my mother," said Walter with the same deadly calm. Tonight, after school, Dan."
521|As a result, a good wife and mother is saved for long years of happiness and usefulness.
5210|I've got to go right home from school to pick taters after the harrows, Dad says," answered Dan sulkily. But tomorrow night'll do."
5211|All right, here tomorrow night," agreed Walter. And I'll smash your sissy face for you, promised Dan.
5212|Walter shuddered, not so much from fear of the threat as from repulsion over the ugliness and vulgarity of it.
5213|But he held his head high and marched into school.
5215|Faith's confidence in her champion had dimmed a little by evening, however.
5216|Walter had seemed so very quiet and dull the rest of the day in school.
5217|If only it were Jem," she sighed to Una as they sat on Hezekiah Pollock's tombstone in the graveyard. He is such a fighter he could finish Dan off in no time. But Walter doesn't know much about fighting.
5218|so afraid he'll be hurt," sighed Una, who hated fighting and couldn't understand the subtle secret exaltation she divined in fate.
5219|He oughtn't to be," said Faith uncomfortably. He's every bit as big as Dan.
522|As I drove home this morning while the sun was rising over the harbor, I thanked God that I had chosen the profession I did.
5220|But Dan's so much older," said Una, while he's nearly a year older.
5221|Dan hasn't done much fighting when you come to count up," said Faith. I believe he's really a coward. He didn't think Walter would fight or he wouldn't have called names before him.
5222|Oh, if you could have just seen Waltor's face when he looked at him, Una. It made me shiver, with a nice shiver. He looked just like Sir Galahad in that poem Father read us on Saturday.
5223|I hate the thought of them fighting, and I wish it could be stopped," said Una. "Oh, it's got to go on now," cried Faith. "It's a matter of honour. Don't you dare tell anyone, Una. If you do I'll never tell you secrets again."
5224|I won't tell," agreed Una. But I won't stay tomorrow to watch the fight. I'm coming right home. Oh, all right. I have to be there. It would be mean not to when Walter is fighting for me.
5225|I'm going to tie my colors on his arm. That's the thing to do when he's my knight.
5226|How lucky Mrs. Blythe gave me that pretty blue hair ribbon for my birthday. I've only worn it twice, so it will be almost new."
5227|But I wish I was sure Walter would win. It will be so, so humiliating if he doesn't.
5228|Faith would have been yet more dubious if she could have seen her champion just then.
5229|Walter had gone home from school with all his righteous anger at a low ebb and a very nasty feeling in its place.
523|I had fought a good fight and won. Think of it, Anne—won against the great destroyer
5230|He had to fight Dan Rees the next night, and he didn't want to—he hated the thought of it—and he kept thinking of it all the time. Not for a minute could he get away from the thought. Would it hurt much? He was terribly afraid that it would hurt."
5231|And would he be defeated and shamed? He could not eat any supper worth speaking of. Susan had made a big batch of his favourite monkey faces, but he could only choke down one. Jem ate four.
5232|Walter wondered how he could, how could anybody eat, and how could they all talk gaily as they were doing.
5233|There was Mother with her shining eyes and pink cheeks. She didn't know her son had to fight next day. Would she be so gay if she knew? Walter wondered darkly.
5234|Jem had taken Susan's picture with his new camera and the result was passed around the table and Susan was terribly indignant over it.
5235|I am no beauty, Mrs. Dr. dear, and well I know it, and have always known it," she said in an aggrieved tone. But that I am as ugly as that picture makes me out I will never, no never believe.
5236|Jem laughed over this and Anne laughed again with him.
5237|Walter couldn't endure it. He got up and fled to his room. "That child has got something on his mind, Mrs. Dr. dear," said Susan. "He has it next to nothing. Do you suppose he is plotting another poem?"
5238|Poor Walter was very far removed in spirit from the starry realms of poetry just then.
5239|He propped his elbow on his open windowsill and leaned his head drearily on his hands.
524|It's what I dreamed of doing long ago when we talked together of what we wanted to do in life.
5240|Come on down to the shore, Walter," cried Jem, busting in. The boys are going to burn the sand hill grass tonight. Father says we can go. Come on."
5241|At any other time Walter would have been delighted. He gloried in the burning of the Sandhill grass. But now he flatly refused to go, and no arguments or entreaties could move him.
5242|Disappointed Jem, who did not care for the long, dark walk to Four Winds Point alone, retreated to his museum in the garret and buried himself in a book.
5243|He soon forgot his disappointment, reveling with the heroes of old romance and pausing occasionally to picture himself a famous general leading his troops to victory on some great battlefield.
5244|And Walter sat at his window until bedtime. Di crept in, hoping to be told what was wrong. But Walter could not talk of it, even to Di. Talking of it seemed to give it a reality from which he shrank.
5245|It was torture enough to think of it. The crisp, withered leaves rustled on the maple trees outside his window. The glow of rose and flame had died out of the hollow, silvery sky and the full moon was rising gloriously over Rainbow Valley.
5246|A far off, a ruddy wood-fire was painting a page of glory on the horizon beyond the hills. It was a sharp, clear evening when far-away sounds were heard distinctly.
5248|Oh, I wish it was over!" groaned Walter.
5249|He slept very little that night, and had hard work choking down his porridge in the morning. Susan was rather lavish in her plateful
525|That dream of mine came true this morning.
5250|Mr. Hazard found him an unsatisfactory pupil that day.
5251|Faith Meredith's wits seemed to be wool-gathering, too. Dan Rees kept drawing surreptitious pictures of girls with pig or rooster heads on his slate and holding them up for all to see.
5252|The news of the coming battle had leaked out, and most of the boys and many of the girls were in the spruce plantation when Dan and Walter sought it after school.
5253|Una had gone home, but Faith was there, having tied her blue ribbon around Walter's arm.
5254|Walter was thankful that neither Jem nor Di nor Nan were among the crowd of spectators. Somehow they had not heard of what was in the wind and had gone home, too.
5255|Walter faced Dan quite undauntedly now. At the last moment all his fear had vanished, but he still felt disgust at the idea of fighting.
5256|Dan, it was noted, was really paler under his freckles than Walter was.
5257|One of the older boys gave the word and Dan struck Walter in the face. Walter reeled a little.
5259|There were no particular rules in the fights of the Glen's School Boys. It was catch as catch can and get your blows in anyhow.
526|Was that the only one of your dreams that has come true?" asked Anne, who knew perfectly well what the substance of his answer would be, but wanted to hear it again.
5260|Walter fought with a savage fury and a joy in the struggle against which Dan could not hold his ground. It was all over speedily.
5261|Walter had no clear consciousness of what he was doing until suddenly the red mist cleared from his sight and he found himself kneeling on the body of the prostrate Dan, whose nose—oh, horror—was spouting blood.
5262|you had enough?" demanded Walter through his clenched teeth.
5263|Dan sulkily admitted that he had. My mother doesn't write lies. No."
5264|Faith Meredith isn't a pig girl? No. Nor a rooster girl? No. And I'm not a coward? No.
5265|Walter had intended to ask, and you are a liar, but pity intervened and he did not humiliate Dan further. Besides, that blood was so horrible.
5266|You can go then," he said contemptuously.
5267|There was a loud clapping from the boys who were perched on the rail fence, but some of the girls were crying. They were frightened.
527|You know, Ang Girl," said Gilbert, smiling into her eyes.
5270|It had been so ugly, and Walter hated ugliness.
5271|Also, he began to realize that he himself was somewhat sore and battered up.
5272|His lip was cut and swollen, and one eye felt very strained.
5273|In Rainbow Valley he encountered Mr. Meredith, who was coming home from an afternoon call on the Miss Wests. The Reverend Gentleman looked gravely at him.
5274|It seems to me that you have been fighting, Walter." Yes, sir," said Walter, expecting a scolding.
5275|what was it about? Dan Reese said my mother wrote lies and that Faith was a pig-girl, answered Walter bluntly. Oh!
5276|then you were certainly justified, Walter. Do you think it's right to fight, sir?" asked Walter curiously.
5277|not always, and not often, but sometimes—yes, sometimes," said John Meredith.
5278|when women kind are insulted, for instance, as in your case.
5279|My motto, Walter, is, don't fight till you're sure you ought to, and then put every ounce of you into—
528|At that moment there were certainly two perfectly happy people sitting on the doorstep of a little white house on the Four Winds Harbor shore.
5280|In spite of sundry discolorations, I infer that you came off best.
5281|Yes. I made him take it all back. Very good. Very good indeed."
5282|I didn't think you were such a fighter, Walter. I never fought before, and I didn't want to right up to the last, and then—said Walter, determined to make a clean breast of it—I liked it while I was at it."
5283|The Rev. John's eyes twinkled. You were a little frightened at first.
5284|I was a whole lot frightened," said Honest Walter, but I'm not going to be frightened any more, sir.
5285|being frightened of things is worse than the things themselves. I'm going to ask Father to take me over to Lowbridge tomorrow to get my tooth out."
5286|Right again. Fear is more pain than is the pain it feels.
5287|Do you know who wrote that, Walter? It was Shakespeare.
5288|Was there any feeling or emotion or experience of the human heart that that wonderful man did not know?
5289|When you go home, tell your mother I am proud of you.
529|Presently, Gilbert said with a change of tone,
5290|Walter did not tell her that, however. But he told her all the rest, and she sympathised with him and told him she was glad he had stood up for her and Faith, and she anointed his sore spots and rubbed cologne on his aching head.
5291|Are all mothers as nice as you?" asked Walter, hugging her. You're worth standing up for.
5292|Miss Cornelia and Susan were in the living room when Anne came downstairs and listened to the story with much enjoyment. Susan, in particular, was highly gratified.
5293|I'm real glad to hear he has had a good fight, Mrs. Doctor, dear. Perhaps it may knock that poetry nonsense out of him."
5294|And I never, no, never could bear that little viper of a Dan Reese.
5295|Will you not sit nearer to the fire, Mrs. Marshall Elliott? These November evenings are very chilly."
5297|He would get a very charming wife if he married Rosemary," said Anne, piling driftwood on the fire. She is one of the most delightful girls I've ever known—truly one of the race of Joseph.
5298|Yes, only she is an Episcopalian," said Miss Cornelia doubtfully.
5299|Of course that is better than if she was a Methodist, but I do think Mr. Meredith could find a good enough wife in his own denomination."
530|Do I or do I not see a full-rigged ship sailing up our lane?
5300|However, very likely, there is nothing in it. It's only a month ago that I said to him, You ought to marry again, Mr. Meredith. He looked as shocked as if I had suggested something improper."
5301|My wife is in her grave, Mrs Elliot," he said, in that gentle, saintly way of his.
5303|It seems to me, if I may presume to say so, that Mr. Meredith is too shy to go courting a second wife," said Susan solemnly.
5305|No, the trouble is he's deluding himself into believing that his heart is buried, while all the time it's beating away inside of him just like anybody else's.
5306|He may have a notion of Rosemary West, and he may not. If he has, we must make the best of it. She is a sweet girl and a fine housekeeper, and would make a good mother for those poor neglected children."
5307|And," concluded Miss Cornelia resignedly, my own grandmother was an Episcopalian.
5308|End of chapter 17.
5309|Chapter 18 of Rainbow Valley by Lucy Maude Montgomery.
531|Anne looked and sprang up. "That must be either Miss Cornelia Bryant or Mrs. Moore coming to call," she said."
5310|This LibriVox recording is in the public domain. Recording by Karen Sattler.
5311|Chapter 18. Mary brings evil tithes.
5312|Mary Vance, whom Mrs. Elliot had sent up to the manse on an errand, came tripping down Rainbow Valley on her way to Ingleside, where she was to spend the afternoon with Nan and Di as a Saturday treat.
5313|Nan and I had been picking spruce gum with Faith and Una in the manse woods, and the four of them were now sitting on a fallen pine by the brook, all, it must be admitted, chewing rather vigorously.
5314|The Ingleside twins were not allowed to chew spruce gum anywhere but in the seclusion of Rainbow Valley, but Faith and Una were unrestricted by such rules of etiquette and cheerfully chewed it everywhere, at home and abroad, to the very proper horror of the Glan.
5315|Faith had been chewing it in church one day, but Jerry had realized the enormity of that and had given her such an old or brotherly scolding that she never did it again.
5316|I was so hungry I just felt as if I had to chew SOMETHING," she protested. You know well enough what breakfast was like, Jerry Meredith. I couldn't eat scorched porridge and my stomach just felt so queer and empty.
5317|The gum helped a lot. And I didn't chew very hard. I didn't make any noise and I never cracked the gum once.
5318|You mustn't chew gum in church anyhow," insisted Jerry. Don't let me catch you at it again.
532|I'm going into the office. And if it is Miss Cornelia, I warn you that I'll eavesdrop," said Gilbert. From all I've heard regarding Miss Cornelia, I conclude that her conversation will not be dull, to say the least.
5320|And I took the gum out of my mouth for the last hymn and stuck it on the back of the pew in front of me. Then I came away and forgot it. I went back to get it next morning, but I suppose Rod Warren swiped it. And it was a dandy chew.
5321|Mary Vance walked down the valley with her head held high. She had on a new blue velvet cap with a scarlet rosette in it, a coat of navy blue cloth and a little squirrel fur mug.
5322|She was very conscious of her new clothes and very well pleased with herself.
5323|Her hair was elaborately crimped, her face was quite plump, her cheeks rosy, her white eyes shining.
5324|She did not look much like the forlorn and ragged waif the Merediths have found in the old tailor barn.
5326|Mary had told them once that ministers were always short of money, and found it awful hard to make ends meet.
5327|Since then Faith and Una would have gone in rags rather than ask their father for anything if they could help him.
5328|They did not worry a great deal over their shabbiness. But it was rather trying to see Mary Vance coming out in such style and putting on such airs about it, too.
5329|The new squirrel muff was really the last straw. Neither Faith nor Una had ever had a muff, counting themselves lucky if they could compass mittens without holes in them. And Martha could not see to darn holes, and though Una tried to, she made sad cobbling
5330|Somehow, they could not make their greeting of Mary very cordial. But Mary did not mind or notice that she was not overly sensitive.
5333|day, isn't it?" said Mary, swinging her legs. The better, perhaps, to display new boots with very smart cloth tops.
5334|Una tucked her feet under her. There was a hole in the toe of one of her boots and both laces were much knotted. But they were the best she had. Oh, this merry Vance! Why hadn't they left her in the old barn?
5337|Of course, Mary was going out for a visit and she was not. But even if she had been she had nothing better to put on, and in this lay the sting."
5338|say this is great gum, listen to me cracking it. There ain't any gum spruces down at Four Winds," said Mary. Sometimes I just hanker after a chew."
5339|Mrs. Elliott won't let me chew gum if she sees me. She says it ain't ladylike. This lady business puzzles me.
534|She can't be like Mrs. Linde after all, or curiosity would have brought her," said Anne.
5340|I can't get on to all its kinks. Say, Una, what's the matter with you? Cat got your tongue?" "No," said Una, who could not drag her fascinated eyes from that squirrel-mouth."
5342|Mrs. Elliot is very good to you," said Faith. "And I'm good to her, too," retorted Mary."
5343|I work like a nigger to make it easy for her and have everything just as she likes it. We was made for each other. Tisn't everyone could get along with her as well as I do. She's pisan neat, but so am I, and so we agree fine."
5344|I told you she would never whip you. So you did. She's never tried to lay a finger on me and I ain't never told a lie to her, not one, true as you live. She combs me down with her tongue sometimes, though, but that just slips off me like water off a duck's
5345|say, Una, why didn't you hang on to the muff?" Una had put it back on the bough.
5346|My hands aren't cold, thank you," she said stiffly. Well, if you're satisfied I am.
5347|Say, old kiddie Alec has come back to church as Meek as Moses and nobody knows why. But everybody is saying it was Faith brought Norman Douglas out. His housekeeper says you went there and gave him an awful tongue lashing. Did you?
5348|I went and asked him to come to church," said Faith uncomfortably.
5349|fancy your spunk," said Mary admiringly. I wouldn't have dared to do that, and I'm not so slow. Mrs. Wilson says the two of you jawed something scandalous, but you come off best, and then he just turned round and liked to eat you up.
535|This caller is, I think, Miss Cornelia.
5350|Say, is your father going to preach here tomorrow?" No, he's going to exchange with Mr. Perry from Charlottetown. Father went to town this morning and Mr. Perry is coming out tonight.
5351|I thought there was something in the wind, though old Martha wouldn't give me any satisfaction. But I felt sure she wouldn't have been killing that rooster for nothing."
5352|What rooster? What do you mean?" cried Faith, turning pale. I don't know what rooster. I didn't see it. When she took the butter Mrs. Elliot sent up she said she'd been out to the barn killing a rooster for dinner tomorrow.
5353|Faith sprang down from the pine. It's Adam. We have no other rooster. She's killed Adam. Now don't fly off the handle. Martha said the butcher at the Glen had no meat this week and she had to have something and the hens were all laying and too poor.
5354|If she's killed Adam, Faith began to run up the hill.
5356|Mary had gone a few steps with the Blythe girls when Una suddenly turned and ran after her. "Here's some gum for you, Mary," she said, with a little repentant catch in her voice, thrusting all her four knots into Mary's hands. And I'm glad you have such a pretty mother."
5357|Why, thanks," said Mary, rather taken by surprise.
5358|After the Blythe girls, after Una had gone, she said, ain't she a queer little mite, but I've always said she had a good heart.
5359|End of chapter 18
5360|Chapter 19 of Rainbow Valley by Lucy Modmon
5361|This LibriVox recording is in the public domain. Recording by Karen Sattler.
5362|Chapter 19 Poor Adam
5364|Aunt Martha heeded Faith's passion of grief and anger not a wit.
5365|We had to have something for the strange minister's dinner," she said. You're too big a girl to make such a fuss over an old rooster. You knew he'd have to be killed some time."
5366|I'll tell Father when he comes home what you've done." sobbed Faith.
5367|Don't you go bothering your poor father. He has troubles enough, and I'm housekeeper here."
5368|Adam was mine. Mrs. Johnson gave him to me. You had no business to touch him!" stormed Faith.
5369|Don't you get sassy now. The rooster's killed and there's an end of it. I ain't going to set no strange minister down to a dinner of cold boiled mutton. I was brought up to know better than that, if I have come down in the world."
5370|Faith would not go down to supper that night, and she would not go to church the next morning. But at dinner-time she went to the table, her eyes swollen with crying, her face sullen.
5371|The Rev. James Perry was a sleek, rubicand man, with a bristling white moustache, bushy wide eyebrows, and a shining bald head.
5372|He was certainly not handsome, and he was a very tiresome, pompous sort of person.
5373|But if he had looked like the archangel Michael and talked with the tongues of men and angels, Faith would still have utterly detested him. He carved Adam up dexterously, showing off his plump white hands and very handsome diamond rings.
5374|Also, he made jovial remarks all through the performance. Jerry and Carl giggled and even Una smiled wanly because she thought politeness demanded it. But Faith only scowled darkly
5375|The Reverend James thought her manners shockingly bad.
5376|Once, when he was delivering himself of an unctuous remark to Jerry, faith broke in rudely with a flat contradiction.
5377|The Rev. James drew his bushy eyebrows together at her.
5378|little girls should not interrupt," he said, and they should not contradict people who know far more than they do.
538|But nobody but Miss Cornelia would have come to make a call, arrayed in a striped blue and white apron and a wrapper of chocolate print, with a design of huge pink roses scattered over it. And nobody but Miss Cornelia could have looked dignified and suitably garbed in it.
5380|Neither Faith nor Una would touch a mouthful, and looked upon the boys as little better than cannibals.
5381|Faith felt that if that awful repast did not soon come to an end she would wind it up by throwing something at Mr. Perry's gleaming head.
5383|God hadn't a single thing to do with providing Adam for you," muttered Faith rebelliously under her breath.
5384|The boys gladly made their escape to outdoors. Una went to help Aunt Martha with the dishes, though that rather grumpy old dame never welcomed her timid assistance, and Faith betook herself to the study, where a cheerful wood fire was burning in the grave.
5385|She thought she would thereby escape from the hated Mr. Perry, who had announced his intention of taking a nap in his room during the afternoon.
5386|But scarcely had Faith settled herself in a corner with the book, when he walked in, and standing before the fire, proceeded to survey the disorderly study with an air of disapproval.
5387|Your father's books seem to be in somewhat deplorable confusion, my little girl," he said severely.
5388|Faith darkled in her corner and said not a word. She would NOT talk to this—this creature!
5389|you should try to put them in order." Mr. Perry went on, playing with his handsome watch-chain, and smiling patronizingly on face.
5390|You are quite old enough to attend to such duties.
5393|Mr. Perry's oily, complacent voice trickled on. He was in his element. Nothing suited him better than to lay down the law, patronise, and exhort. He had no idea of stopping, and he did not stop.
5394|He stood before the fire, his feet planted firmly on the rug, and poured out a flood of pompous platitudes.
5395|Faith heard not a word. She was really not listening to him at all, but she was watching his long black coat-tails with impish delight growing in her brown eyes.
5397|Faith could restrain herself no longer and broke into a stifled giggle.
5398|Mr. Perry stopped short, angered over this impertinence.
5399|Suddenly he became conscious that a reek of burning cloth filled the room. He whirled round and saw nothing. Then he clapped his hands to his coat-tails and brought them around in front of him.
540|I've brought my work, Mrs. Blythe, dearie," she remarked, unrolling some dainty material. I'm in a hurry to get this done, and there isn't any time to lose."
5400|There was already quite a hole in one of them, and this was his new suit.
5401|Faith shook with helpless laughter over his pose and expression.
5402|"Did you see my coat-tails burning?" he demanded angrily. "Yes, sir," said Faith demurely. "Why didn't you tell me?" he demanded, glaring at her.
5403|You said it wasn't good manners to interrupt, sir," said Faith, more demurely still.
5404|"If I was your father, I would give you a spanking that you would remember all your life, Miss," said a very angry reverend gentleman as he stalked out of the study."
5405|The coat of Mr. Meredith's second best suit would not fit Mr. Perry, so he had to go to the evening service with his singed coat-tail.
5406|But he did not walk up the aisle with his usual consciousness of the honor he was conferring on the building.
5407|He never would agree to an exchange of pulpits with Mr. Meredith again, and he was barely civil to the latter when they met for a few minutes at the station the next morning.
5408|But Faith felt a certain gloomy satisfaction.
5409|Adam was partially avenged.
5410|Chapter 2 of Rainbow Valley by Lucy Maude Montgomery.
5411|This LibriVox recording is in the public domain. Recording by Karen Satter.
5412|CHAPTER II. SHEER GOSSIP. "Where are the other children?" asked Miss Cornelia, when the first greetings—Cordual on her side, Rapturous on Anne's, and Dignified on Susan's—were over.
5413|Surely is in bed, and Jem and Walter and the twins are down in their beloved Rainbow Valley," said Anne.
5414|They just came home this afternoon, you know, and they could hardly wait until supper was over before rushing down to the valley. They love it above every spot on earth. Even the maple grove doesn't rival it in their affection.
5415|I'm afraid they love it too well," said Susan gloomily. Little Jem said once he would rather go to Rainbow Valley than to Heaven when he died, and that was not a proper remark.
5416|I suppose they had a great time in Avonlea," said Miss Cornelia. Enormous! Marilla does spoil them terribly. Jem in particular can do no wrong in her eyes.
5417|Miss Cuthbert must be an old lady now," said Miss Cornelia, getting out her knitting, so that she could hold her own with Susan. Miss Cornelia held that the woman whose hands were employed always had the advantage over the woman whose hands were not.
5418|"Mirilla is eighty-five," said Anne with a sigh. Her hair is snow-white. But strange to say, her eyesight is better than it was when she was sixty."
5419|Well, dearie, I'm real glad you're all back. It's been dreadful lonesome. But we haven't been dull in the glen, believe me. There hasn't been such an exciting spring in my time as far as church matters go. We've got settled with a minister at last, Anne, dearie."
5420|The Rev. John Knox Meredith, Mrs. Dr. Dear," said Susan, resolved not to let Miss Cornelia tell all the news. "Is he nice?" asked Anne, interestedly."
5421|Ms. Cornelia Seid and Susan Grohn.
5422|"Yes, he's nice enough if that were all," said the former. He is very nice, and very learned and very spiritual. But—oh, Anne, dearie!—he has no common sense."
5423|And how was it you called him, then?" "Well, there's no doubt he is by far the best preacher we ever had in Glen St. Mary's Church," said Miss Cornelia, veering a tack or two."
5424|I suppose it is because he is so moony and absent-minded that he never got a town call. His trial sermon was simply wonderful, believe me. Everyone went mad about it—and his looks."
5425|He is very comely, Mrs. Dr. dear. And when all is said and done I do like to see a well-looking man in the pulpit," broke in Susan, thinking it was time she asserted herself again.
5426|Besides," said Miss Cornelia, we were anxious to get settled, and Mr. Meredith was the first candidate we were all agreed on.
5427|Somebody had some objection to all the others. There was some talk of calling Mr. Folsom. He was a good preacher, too, but somehow people didn't care for his appearance. He was too dark and sleep."
5428|looked exactly like a great black Tomcat that he did, Mrs. Doctor dear," said Susan. I never could abide such a man in the pulpit every Sunday.
5429|And then Mr. Rogers came, and he was like a chip in porridge—neither harm nor good, resumed Miss Cornelia.
543|As Anne was afterwards to learn, Miss Cornelia was the only neighbor who troubled herself much about the decency of the young proctor's
5431|But I do not think he was any surer than other men of getting to heaven because of that," interjected Susan.
5432|Most of us didn't like his delivery," said Miss Cornelia, ignoring Susan.
5433|He talked in grunts, so to speak, and Mr. Arnett couldn't preach at all.
5434|And he picked about the worst candidateing text there is in the Bible, curse ye Maroz.
5435|Whenever he got stuck for an idea he would bang the Bible and shout very bitterly, "Curse ye, Meroz!" Poor Meroz got thoroughly cursed that day. Whoever he was, Mrs. Dr. dear," said Susan.
5436|The minister who is candidating can't be too careful about what text he chooses," said Miss Cornelia solemnly.
5438|And Mr. Newman had too large a family.
5439|He stayed with my brother-in-law, James Clow," said Susan.
544|When I heard this eighth baby was coming, I decided to make some things for it," Miss Cornelia went on. "This is the last, and I want to finish it today."
5441|He had only ten children, Susan," explained Miss Cornelia with contemptuous patience. And ten good children would not be much worse for the manse and the congregation than the four who are there now.
5444|But he was heard to speak of his children, and we all supposed there was a mother, too.
5445|And when they came there was nobody but old Aunt Martha, as they call her. She's a cousin of Mr. Meredith's mother, I believe, and he took her in to save her from the poorhouse. She is seventy-five years old, half blind, and very deaf and very cranky.
5446|and a very poor cook, Mrs. Doctor-tier.
5447|The worst possible manager for a manse," said Miss Cornelia bitterly. Mr. Meredith won't get any other housekeeper because he says it would hurt Aunt Martha's feelings.
5448|And, Erie, believe me, the state of that manse is something terrible. Everything is thick with dust and nothing is ever in its place. And we had painted and papered it all so nice before they came."
5449|There are four children, you say?" asked Anne, beginning to mother them already in her heart.
545|It's certainly very pretty," said Anne. I'll get my sewing and we'll have a little thimble party of two."
5450|Yes. They run up just like the steps of a stair. Gerald's the oldest, he's twelve, and they call him Jerry. He's a clever boy. Faith is eleven. She is a regular tomboy, but pretty as a picture, I must say."
5451|looks like an angel, but she is a holy terror for mischief, Mrs. Dr. dear," said Susan solemnly.
5453|Maria Millison never heard herself taking things to the manse," sniffed Miss Cornelia. She just took them that night as an excuse for curiosity.
5454|But poor Faith is always getting into scrapes. She is so heedless and impulsive—
5455|just like me. I'm going to like your faith," said Anne decidedly.
5456|She is full of spunk, and I do like spunk, Mrs. Dr. dear," admitted Susan.
5457|There's something taking about her," conceded Miss Cornelia. You never see her but she's laughing, and somehow it always makes you want to laugh,
5458|She can't even keep a straight face in church.
5459|Una is ten. She's a sweet little thing. Not pretty, but sweet.
5460|And Thomas Carlisle is nine. They call him Carl. And he has a regular mania for collecting toads and bugs and frogs and bringing them into the house.
5461|I suppose he was responsible for the dead rat that was lying on a chair in the parlour the afternoon Mrs. Grant called?
5462|gave her a turn," said Susan. And I do not wonder, for man's parlours are no places for dead rats."
5464|The worst of it is they are never decently dressed," sighed Miss Cornelia.
5466|I've always thought graveyards must be delightful places to play in." "Oh, no, you did not, Mrs. Dr. dear," said loyal Susan, determined to protect Anne from herself."
5467|You have too much good sense and decorum.
5468|Why do they ever build that manse beside the graveyard in the first place?" asked Anne. Their lawn is so small there's no place for them to play except in the graveyard.
5469|It was a mistake," admitted Miss Cornelia. But they got the lot cheap, and no other man's children ever thought of playing there.
547|Any baby might be proud of that dress," said Anne, feeling still more strongly that she was going to like Miss Cornelia.
5470|Mr. Meredith shouldn't allow it, but he has always got his nose buried in a book when he is home. He reads and reads or walks about in his study in a daydream.
5471|So far he hasn't forgotten to be in church on Sundays, but twice he has forgotten about the prayer meeting, and one of the elders had to go over to the manse and remind him.
5472|And he forgot about Fanny Cooper's wedding. They rang him up on the phone and then he rushed right over, just as he was, carpet-slippers and all.
5473|One wouldn't mind if the Methodists didn't laugh so about it."
5474|But there's one comfort. They can't criticize his sermons. He wakes up when he's in the pulpit, believe me, and the Methodist minister can't preach at all, so they tell me. I have never heard him, thank goodness."
5475|Miss Cornelia's scorn of men had abated somewhat since her marriage, but her scorn of Methodists remained untinged of charity. Susan smiled slyly.
5476|they do say, Mrs. Marshall Elliott, that the Methodists and Presbyterians are talking of uniting," she said.
5477|Well, all I hope is that I'll be under the sod if it ever comes to pass," retorted Miss Cornelia. I shall never have truck or trade with Methodists, and Mr. Meredith will find that he'd better steer clear of them, too.
5478|He is entirely too sociable with them, believe me. Why, he went to the Jacob Drew Silver Wedding Supper and got into a nice scrape as a result.
548|I suppose you've been thinking I was never coming to call on you," resumed Miss Cornelia. But this is the harvest month, you know, and I've been busy, and a lot of extra hands hanging around, eating more than they work, just like the men.
5480|The worst of it is, she was a Methodist.
5482|The point is he made himself ridiculous. And I, for one, do not like to see my minister made ridiculous in the eyes of the Methodists," said Miss Cornelius stiffly. If he had had a wife it would not have happened.
5483|I do not see if he had a dozen wives how they could have prevented Mrs. Drew from using up her old tough gander on the wedding feast," said Susan stubbornly.
5484|And they say that was her husband's doing," said Miss Cornelia. Jacob drew as a conceited, stingy, domineering creature.
5485|And they do say he and his wife detest each other, which does not seem to me the proper way for married folks to get along.
5486|but then, of course, I have had no experience along that line," said Susan, tossing her head, and, I am not one to blame everything on the men. Mrs. Drew is mean enough herself."
5487|They say that the only thing she was ever known to give away was a crock of butter made out of cream a rat had fell into. She contributed it to a church social. Nobody found out about the rat until afterwards.
5488|Fortunately all the people the Merediths have offended so far are Methodists," said Miss Cornelia.
5489|That Jerry went to the Methodist prayer meeting one night about a fortnight ago, and sat beside old William Marsh, who got up as usual and testified with fearful groans.
549|I'd have come yesterday, but I went to Mrs. Roderick McAllister's funeral.
5490|Do you feel any better now?" whispered Jerry when William sat down.
5491|Poor Jerry meant to be sympathetic, but Mr. Marsh thought he was impertinent and is furious at him.
5492|Of course Jerry had no business to be in a Methodist prayer meeting at all.
5493|they go where they like." "I hope they will not offend Mrs. Alec Davies of the harbour head," said Susan. "She is a very touchy woman, I understand. But she is very well off, and pays the most of any one to the salary."
5494|I have heard that she says the Merediths are the worst brought-up children she ever saw.
5495|every word you say convinces me more and more that the Merediths belong to the race that knows Joseph," said Mistress Anne decidedly.
5496|When all is said and done they do," admitted Miss Cornelia. "And that balances everything."
5497|Anyway, we've got them now and we must just do the best we can by them and stick up for them to the Methodists."
5498|Well, I suppose I must be getting down harbor. Marshall will soon be home. He went over harbor today and wanting his supper, mad-like. I'm sorry I haven't seen the other children. And where is the doctor?"
5499|up at the harbour head. We've only been home three days, and in that time he has spent three hours in his own bed and eaten two meals in his own house."
550|At first I thought my head was aching so badly I couldn't enjoy myself if I did go.
5500|Well, everybody who had been sick for the last six weeks had been waiting for him to come home, and I don't blame them. When that over-harbour doctor married the undertaker's daughter at Lowbridge, people felt suspicious of him. It didn't look well."
5501|You and the Doctor must come down soon and tell us all about your trip. I suppose you've had a splendid time."
5502|We had, agreed Anne. It was the fulfilment of years of dreams.
5503|The whole world is very lovely and very wonderful.
5504|But we have come back very well satisfied with our own land. Canada is the finest country in the world, Miss Cornelia.
5505|Nobody ever doubted that," said Miss Cornelia complacently.
5506|And old P.E.I. is the loveliest province in it, and Four Winds the loveliest spot in P.E.I.," laughed Anne, looking adoringly out over the sunset splendour of Glen and harbour and gulf.
5507|She waved her hand at it. I saw nothing more beautiful than that in Europe, Miss Cornelia.
5508|Must you go? The children will be sorry to have missed you."
5509|They must come and see me soon. Tell them the doughnut jar is always full."
551|But she was a hundred years old, and I'd always promised myself that I'd go to her funeral.
5510|Oh, at supper they were planning a descent on you. They'll go soon. But they must settle down to school again now. And the twins are going to take music lessons."
5511|"Not from the Methodist minister's wife, I hope," said Miss Cornelia anxiously. "No, from Rosemary West. I was up last evening to arrange it with her. What a pretty girl she is!"
5512|Rosemary holds her own—well, she isn't as young as she once was.
5513|I thought her very charming. I've never had any real acquaintance with her, you know. Their house is so out of the way and I've seldom ever seen her except at church."
5514|People have always liked Rosemary West—though they don't understand her," said Miss Cornelia, quite unconscious of the high tribute she was paying to Rosemary's charm.
5516|They don't often get to their own church at Lowbridge, and I understand Ellen doesn't approve of going too often to a Presbyterian church. To the Methodist she never goes, I'll say that much for her."
5517|that family of Wests have always been strong Episcopalers.
5518|Rosemary and Ellen are pretty well off. Rosemary doesn't really need to give music lessons. She does it because she likes to. They are distantly related to Leslie, you know."
5519|Are the Fords coming to the harbor this summer?" No. They're going on a trip to Japan, and will probably be away for a year. Owen's new novel is to have a Japanese setting. This will be the first summer that the dear old House of Dreams will be empty since we left it."
552|Was it a successful function? asked Anne, noticing that the office door was ajar.
5520|I should think Owen Ford might find enough to write about in Canada without dragging his wife and his innocent children off to a heathen country like Japan," grumbled Miss Cornelia.
5521|The Life Book was the best book he's ever written, and he got the material for that right here in Four Winds.
5522|Captain Jim gave him most of that, you know, and he collected it all over the world.
5523|But Owen's books are all delightful, I think. Oh, they're well enough as far as they go. I make it a point to read every one he writes, though I've always held Anne dearly that reading novels is a sinful waste of time.
5524|I shall write and tell him my opinion of this Japanese business, believe me. Does he want Kenneth and Purses to be converted into pagans?"
5525|With which unanswerable conundrum Miss Cornelia took her departure.
5527|End of chapter 2
5528|CHAPTER 20 OF RAINBOW VALLEY BY LUCY MAUD-MAGUERRE
5529|This LibriVox recording is in the public domain. Recording by Karen Sabin.
5530|Chapter 20 Faith Makes a Friend
5531|Next day in school was a hard one for Faith. Mary Vance had told the tale of Adam and all the scholars, except the Blythes, thought it quite a joke.
5532|The girls told Faith, between giggles, that it was too bad, and the boys wrote sardonic notes of condolence to her.
5533|Poor Faith went home from school feeling her very soul raw and smarting within her.
5534|I'm going over to Ingleside to have a talk with Mrs. Blythe," she sobbed. She won't laugh at me as everybody else does. I've just got to talk to somebody who understands how bad I feel."
5535|She ran down through Rainbow Valley. Enchantment had been at work the night before. A light snow had fallen and the powdered furs were dreaming of a spring to come and a joy to be.
5536|The long hill beyond was richly purple with leafless beaches. The rosy light of sunset lay over the world like a pink kiss.
5537|Of all the airy, fairy places, full of weird, elfin grace, Rainbow Valley that winter evening was the most beautiful.
5538|But all its dreamlike loveliness was lost on poor, sore-hearted little fainting.
5539|By the brook she came suddenly upon Rosemary West, who was sitting on the old pine tree.
554|But what else would you expect of a man who never goes to church, even a Methodist one?
5540|She was on her way home from Ingleside, where she had been giving the girls their music lessons.
5541|She had been lingering in Rainbow Valley quite a little time, looking across its white beauty and roaming some byways of dreams.
5542|Judging from the expression of her face, her thoughts were pleasant one.
5543|Perhaps the faint occasional tinkle from the bells on the tree-lovers brought the little lurking smile to her lips.
5544|Or perhaps it was occasioned by the consciousness that John Meredith seldom failed to spend Monday evening in the grey house on the white, windswept hill.
5545|Into Rosemary's dreams burst Faith Meredith, full of rebellious bitterness.
5546|Faith stopped abruptly when she saw Miss West. She did not know her very well, just well enough to speak to when they met. And she did not want to see anyone just then, except Mrs. Blind.
5547|She knew her eyes and nose were red and swollen, and she hated to have a stranger know she had been crying.
5548|Good evening, Miss West," she said uncomfortably. What is the matter, Faith?" asked Rosemary gently. Nothing, said Faith rather shortly. Oh, Rosemary smiled. You mean nothing you can tell to outsiders, don't you?
5549|Faith looked at Miss West with sudden interest. Here was a person who understood things, and how pretty she was.
555|I was real thankful to see you and the young doctor in the Presbyterian Church your first Sunday. No doctor for me who wasn't a Presbyterian.
5550|How golden her hair was under her plumey hat, How pink her cheeks were over her velvet coat, How blue and companionable her eyes were.
5551|Faith felt that Miss West could be a lovely friend. If only she were a friend instead of a stranger. I—I'm going up to tell Mrs. Blythe," said Faith. She always understands. She never laughs at us. I always talk things over with her. It helps.
5552|dear girly. I'm sorry to have to tell you that Mrs. Blythe isn't home," said Miss West sympathetically. She went to Avonlea today and isn't coming back till the last of the week."
5553|Faith's lip quivered. "Then I might as well go home again," she said miserably."
5554|I suppose so. "Unless you think you could bring yourself to talk it over with me instead," said Miss Rosemary gently."
5555|It IS such a help to talk things over, I know. I don't suppose I can be as good at understanding it, Mrs. Blythe, but I promise you that I won't laugh."
5556|You wouldn't laugh outside, hesitated Faith, but you might inside—
5557|No. I wouldn't laugh inside either. Why should I? Something has hurt you. It never amuses me to see anybody hurt, no matter what hurts
5558|If you feel that you'd like to tell me what has hurt you, I'll be glad to listen.
5559|But if you think you'd rather not, that's all right, too.
556|We were in the Methodist Church last Sunday evening," said Anne wickedly.
5560|Faith took another long, earnest look into Miss West's eyes. They were very serious. There was no laughter in them—not even far, far back.
5561|With a little sigh she sat down on the old pine beside her new friend and told her all about Adam and his cruel fate.
5562|Rosemary did not laugh—or feel like laughing. She understood and sympathized. Really she was almost as good as Mrs. Blythe. Yes, quite as good.
5563|Mr. Perry is a minister, but he should have been a butcher," said Faith bitterly. He is so fond of carving things up. He enjoyed cutting poor Adam to pieces. He just sliced into him as if he were any common rooster.
5564|Between you and me, Faith, I don't like Mr. Perry very well myself," said Rosemary, laughing a little. But at Mr. Perry, not at Adam, as Faith clearly understood.
5565|I never did like him. I went to school with him. He was a Glen boy, you know, and he was a most detestable little prig even then."
5566|Oh, how we girls used to hate holding his fat clammy hands in the ring-around games!
5567|But we must remember, dear, that he didn't know that Adam had been a pet of yours. He thought he was just a common rooster."
5568|We must be just, even when we are terribly hurt.
5569|I suppose so," admitted Faith. But why does everybody seem to think it funny that I should have loved Adam so much, Miss West?
557|Oh, I suppose Dr. Blythe has to go to the Methodist Church once in a while or he wouldn't get the Methodist practice.
5571|only they couldn't bury its poor little paws with it because they couldn't find them. It was a horrid thing to have happen, of course, but I don't think it was as dreadful as seeing your pet eaten up. Yet everybody laughs at me."
5572|I think it is because the name Rooster seems rather a funny one," said Rosemary gravely.
5573|There is something in it that is comical. Now chicken is different. It doesn't sound so funny to talk of loving a chicken.
5575|No, it wasn't," said Rosemary decidedly. Not a bit.
5576|I remember I had a pet hen when I was a little girl. She was such a pretty little thing—all gold and brown and speckly. I loved her as much as I ever loved any pet."
5577|She was never killed. She died of old age. Mother wouldn't have killed her because she was my pet."
5578|If my mother had been living she wouldn't have let Adam be killed," said Faith. For that matter, father wouldn't have either. If he'd been home and known of it, I'm sure he wouldn't, Miss West.
5579|I'm sure to," said Rosemary. There was a little added flush on her face. She looked rather conscious, but Faith noticed nothing.
558|We liked the sermon very much," declared Am boldly. And I thought the Methodist minister's prayer was one of the most beautiful I ever heard.
5581|Una thought I should have told him because he was a minister. Dearest, if a minister doesn't behave as a gentleman we are not bound to respect his coattails. I know I would have just loved to see Jimmy Perry's coattails burning up. It must have been fun."
5582|Both laughed. But Faith ended with a bitter little sigh.
5583|Well, anyway, Adam is dead and I am never going to love anything again.
5584|don't say that, dear. We miss so much out of life if we don't love—
5585|The more we love, the richer life is, even if it is only some little furry or feathery pet.
5586|Would you like a canary, Faith? A little golden bit of a canary?
5587|If you would, I'll give you one. We have two up home.
5588|Oh, I would like that," cried Faith. I love birds. Only, would Aunt Martha's cat eat it?
5589|It's so tragic to have your pets eaten. I don't think I could endure it a second time."
559|Oh, I've no doubt he can pray. I never heard any one make more beautiful prayers than old Simon Bentley, who was always drunk, or hoping to be. And the drunker he was, the better he prayed.
5590|If you hang the cage far enough from the wall I don't think the cat could harm it."
5591|I'll tell you just how to take care of it, and I'll bring it to Ingleside for you next time I come down.
5592|to herself, Rosemary was thinking, it will give every gossip in the Glen something to think of, but I will not care. I want to comfort this poor little heart."
5593|Faith was comforted. Sympathy and understanding were very sweet.
5594|She and Miss Rosemary sat on the old pine until the twilight crept softly down over the white valley and the evening star shone over the grey maple grove.
5595|Faith told Rosemary all her small history and hopes, her likes and dislikes, the ins and outs of life at the manse, the ups and downs of school society.
5596|Finally they parted, firm friends. Mr. Meredith was, as usual, lost in dreams when supper began that evening. But presently a name pierced his abstraction and brought him back to reality.
5598|So you liked Miss West, Faith?" Mr. Meredith asked with a rather odd intonation. "I love her!" cried Faith."
5599|"Ah," said Mr. Meredith.
560|The Methodist minister is very fine looking, said Anne for the benefit of the office door.
5600|End of chapter 20
5601|Chapter 21 of Rainbow Valley by Lucy Maude Montgomery.
5602|This LibriVox recording is in the public domain. Recording by Karen Savin.
5603|Chapter 21 The Impossible Word
5604|John Meredith walked meditatively through the clear crispness of a winter night in Rainbow Valley.
5605|The hills beyond glistened with the chill, splendid luster of moonlight on snow.
5606|Every little fir tree in the long valley sang its own wild song to the harp of wind and frost.
5608|On the right the lights of Ingleside gleamed through the maple grove, with the genial lure and invitation which seems always to glow in the beacons of a home where we know there is love and good cheer, and a welcome for all kin, whether of flesh or spirit.
5609|Mr. Meredith liked very well, on occasion, to spend an evening arguing with the doctor by the Driftwood fire, where the famous China dogs of Ingleside kept ceaseless watch and ward as became deities of the heart.
561|Yes, he's quite ornamental," agreed Miss Cornelia. Oh, and very ladylike. And he thinks that every girl who looks at him falls in love with him, as if a Methodist minister wondering about like any Jew was such a prize.
5611|He had come to realize that he had learned to care for Rosa.
5612|Not as he had cared for Cecilia, of course. That was entirely different.
5613|That love of romance and dream and glamour could never, he thought, return.
5614|But Rosemary was beautiful and sweet and dear, very sweet.
5615|She was the best of companions. He was happier in her company than he had ever expected to be again.
5616|She would be an ideal mistress for his home, a good mother to his children.
5617|During the years of his widowhood Mr. Meredith had received innumerable hints from brother members of Presbytery, and from many parishioners who could not be suspected of any ulterior motive, as well as from some who could, that he ought to marry again.
5618|But these hints never made any impression on him.
5619|It was commonly thought he was never aware of them, but he was quite acutely aware of them.
562|If you and the young doctor take my advice, you won't have much to do with the Methodists. My motto is, if you are a Presbyterian, be a Presbyterian.
5620|And in his own occasional visitations of common sense, he knew that the common sensible thing for him to do was to marry.
5621|But common sense was not the strong point of John Meredith. And to choose out deliberately and cold-bloodedly some suitable woman, as one might choose a housekeeper or a business partner—
5622|was something he was quite incapable of doing. How he hated that word—suitable! It reminded him so strongly of James Perry—
5623|A suitable woman of suitable age, that untuous brother of the cloth had said in his far from subtle hint.
5624|For the moment John Meredith had had a perfectly unbelievable desire to rush madly away and propose marriage to the youngest, most unsuitable woman it was possible to discover.
5625|Mrs. Marshall Elliott was his good friend and he liked her, but when she had bluntly told him he should marry again, he felt as if she had torn away the veil that hung before some sacred shrine of his innermost life.
5626|and he had been more or less afraid of her ever since.
5627|He knew there were women in his congregation of suitable age who would marry him quite readily.
5628|That fact had seeped through all his abstraction very early in his ministry in Glen St. Mary.
5629|They were good, substantial, uninteresting women—one or two fairly comely, the others not exactly so—and John Meredith would as soon have thought of marrying any one of them as of hanging himself.
563|Don't you think that Methodists go to heaven as well as Presbyterians?" asked Anne, smilelessly.
5630|He had some ideals to which no seeming necessity could make him fall.
5631|He could ask no woman to fill Cecilia's place in his home unless he could offer her at least some of the affection and homage he had given to his girlish bride.
5632|And where, in his limited feminine acquaintance, was such a woman to be found?
5633|Rosemary West had come into his life on that autumn evening, bringing with her an atmosphere in which his spirit recognized native air.
5634|Across the Gulf of Strangerhood they clasped hands of friendship.
5635|He knew her better in that ten minutes by the hidden spring than he knew Emmeline Drew or Elizabeth Kirk or Amy and Edda Douglas in a year, or could know them in a century.
5636|He had fled to her for comfort when Mrs. Alec Davis had outraged his mind and soul and had found it.
5637|Since then he had gone often to the house on the hill, slipping through the shadowy paths of night in Rainbow Valley so astutely that Glengossip could never be absolutely certain that he did go to see Rosemary West.
5638|Once or twice he had been caught in the West living room by other visitors.
5639|That was all the lady's aid had to go by. But when Elizabeth Kirk heard it, she put away a secret hope she had allowed herself to cherish without a change of expression on her kind, plain face.
564|That isn't for us to decide. It's in higher hands than ours," said Miss Cornelia solemnly. But I ain't going to associate with them on earth whatever I may have to do in heaven.
5640|And Emmeline Drew resolved that the next time she saw a certain old bachelor of Lowbridge she would not snub him, as she had done at a previous meeting.
5641|Of course, if Rosemary West was out to catch the minister, she would catch him.
5642|She looked younger than she was, and men thought her pretty. Besides, the West girls had money
5643|It is to be hoped that he won't be so absent-minded as to propose to Ellen by mistake—was the only malicious thing she allowed herself to say to a sympathetic sister-drew.
5644|Emmeline bore no further grudge towards Rosemary.
5645|When all was said and done, an unencumbered bachelor was far better than a widower with four children.
5646|It had been only the glamour of the manse that had temporarily blinded Emmeline's eyes to the better part.
5647|A sled with three shrieking occupants sped past Mr. Meredith to the pond.
5648|Faith's long curl streamed in the wind, and her laughter rang above that of the others.
5649|John Meredith looked after them kindly and longingly. He was glad that his children had such chums as the blight.
565|This Methodist minister isn't married. The last one they had was, and his wife was the silliest, flightiest little thing I ever saw.
5650|glad that they had so wise and gay and tender a friend as Mrs. Blind.
5651|But they needed something more, and that something would be supplied when he brought Rosemary West as a bride to the old man.
5652|there was in her a quality essentially maternal.
5653|It was Saturday night, and he did not often go calling on Saturday night, which was supposed to be dedicated to a thoughtful revision of Sunday's sermon.
5654|But he had chosen this night because he had learned that Ellen West was going to be away, and Rosemary would be alone.
5655|Often as he had spent pleasant evenings in the house on the hill he had never, since that first meeting at the spring, seen Rosemary alone. Ellen had always been there.
5656|He did not precisely object to Ellen being there. He liked Ellen West very much, and they were the best of friends.
5657|Ellen had an almost masculine understanding and a sense of humour which his own shy hidden appreciation of fun found very agreeable.
5658|he liked her interest in politics and world events. There was no man in the Glen not even accepting Dr. Blythe, who had a better grasp of such things.
5659|I think it is just as well to be interested in things as long as you live," she had said. If you're not, it doesn't seem to me that there's much difference between the quick and the dead."
566|I told her husband once that he should have waited till she was grown up before he married her. He said he wanted to have the training of her. Wasn't that like a man?"
5660|He liked her pleasant, deep, rumbly voice. He liked the hearty laugh, with which she always ended up some jolly and well-told story.
5661|She never gave him digs about his children as other Glen women did. She never bored him with local gossip. She had no malice and no pettiness. She was always splendidly sincere.
5662|Mr. Meredith, who had picked up Miss Cornelia's way of classifying people, considered that Elam belonged to the race of Joseph.
5663|altogether an admirable woman for a sister-in-law. Nevertheless, a man did not want even the most admirable of women around when he was proposing to another woman.
5665|Sometimes they quite forgot her presence. But if their conversation or choice of duets ever betrayed the least tendency to what Ellen considered philandering, Ellen promptly nipped that tendency in the bud and blotted rosemary out for the rest of the evening.
5666|But not even the grimace of amiable dragons can altogether prevent a certain subtle language of eye and smile and eloquent silence.
5667|And so the minister's courtship progressed after a fashion.
5668|But if it was ever to reach a climax, that climax must come when Ellen was away.
5669|And Ellen was so seldom away, especially in winter.
567|It's rather hard to decide just when people are grown up. Laughed Anne.
5670|She found her own fireside the pleasantest place in the world she found.
5671|Gatting had no attraction for her. She was fond of company, but she wanted it at home.
5672|Mr. Meredith had almost been driven to the conclusion that he must write to Rosemary what he wanted to say, when Ellen casually announced one evening that she was going to a silver wedding next Saturday night.
5673|She had been bridesmaid when the principals were married. Only old guests were invited, so Rosemary was not included.
5677|Such a man is more precious than Ruby, Saint, and much rarer, George. But he can't have Rosemary, and I suppose when he finds out he can't have her, he'll drop us both."
5678|We'll miss him, Saint. We'll miss him—something scandalous, George. But she promised, and I'll see that she keeps her promise."
5679|Ellen's face looked almost ugly in its lowering resolution.
568|That's a true word, dearie. Some are grown up when they're born, and others ain't grown up when they're eighty, believe me. That same Mrs. Roderick I was speaking of never grew up. She was as foolish when she was a hundred as she was when she was ten."
5680|Upstairs, Rosemary was crying into her pillow.
5681|So Mr. Meredith found his lady alone and looking very beautiful.
5683|She wished the interview were over. She had looked forward to it all day with dread. She felt quite sure that John Meredith cared a great deal for her after a fashion.
5684|and she felt just as sure that he did not care for her as he had cared for his first love.
5685|She felt that her refusal would disappoint him considerably, but she did not think it would altogether overwhelm him.
5686|Yet she hated to make it—hated for his sake—and Rosemary was quite honest with herself—for her own.
5687|She knew she could have loved John Meredith.
5688|it had been permissible. She knew that life would be a blank thing if, rejected as lover, he refused longer to be a friend.
5689|She knew that she could be very happy with him, and that she could make him happy.
569|Perhaps that was why she lived so long, suggested Anne. Maybe twas. I'd rather live fifty sensible years than a hundred foolish ones.
5690|But between her and happiness stood the prison gate of the promise she had made to Ellen years ago.
5691|Rosemary could not remember her father. He had died when she was only three years old.
5692|Alan, who had been thirteen, remembered him, but with no special tenderness.
5693|He had been a stern, reserved man, many years older than his fair, pretty wife.
5694|Five years later, their brother of twelve died also.
5695|Since his death, the two girls had always lived alone with their mother.
5696|They had never mingled very freely in the social life of the Glen or Lowbridge, though where they went, the wit and spirit of Ellen and the sweetness and beauty of Rosemary made them welcome guests.
5697|Both had what was called a disappointment in their girlhood.
5698|the sea had not given up Rosemary's lover, and Norman Douglas, then a handsome red-haired young giant noted for wild driving and noisy though harmless escapades, had quarrelled with Ellen and left her in a fit of peace.
5699|There were not lacking candidates for both Martin's and Norman's places, but none seemed to find favour in the eyes of the West girls, who drifted slowly out of youth and bellhood without any seeming regret.
570|But just think what a dull world it would be if everyone was sensible," pleaded Anne.
5700|They were devoted to their mother, who was a chronic invalid.
5701|The three had a little circle of home interests—books, pets and flowers—which made them happy and contentious.
5702|Mrs. West's death, which occurred on Rosemary's 25th birthday, was a bitter grief to them.
5703|At first they were intolerably lonely. Ellen especially continued to grieve and brood, her long moody musings broken only by fits of stormy, passionate weeping.
5704|The old low-bridge doctor told Rosemary that he feared permanent melancholy, or worse.
5706|I won't have you always," Ellen had said, breaking her silence with harsh intensity. You will marry and leave me. I shall be left all alone. I cannot bear the thought—I cannot. I would rather die—
5707|I will never marry," said Rosemary. Never, Ella.
5708|Ellen bent forward and looked searchingly into Rosemary's eyes. "Will you promise me that solemnly?" she said. "Promise it on Mother's Bible."
5709|Rosemary assented at once, quite willing to humour Ellen. What did it matter? She knew quite well she would never want to marry anyone.
571|Miss Cornelia disdained any skirmish of flippant epigram.
5710|Her love had gone down with Martin Crawford to the deeps of the sea, and without love she could not marry anyone.
5711|So she promised readily, though Ellen made rather a fearsome right of it. They clasped hands over the Bible in their mother's vacant room and both vowed to each other that they would never marry and would always live together.
5712|Alan's condition improved from that hour. She soon regained her normal cheery poise.
5713|For ten years she and Rosemary lived in the old house happily, undisturbed by any thoughts of marrying or giving in marriage.
5714|Their promise sat very lightly on them. Ellen never failed to remind her sister of it whenever any eligible male creature crossed their paths. But she had never been really alarmed until John Meredith came home that night with Rosemary.
5715|As for Rosemary, Ellen's obsession regarding that promise had always been a little matter of mirth to her.
5716|until lately. Now it was a merciless fetter, self-imposed, but never to be shaken off.
5717|Because of it, to-night, she must turn her face from happy
5718|It was true that the shy, sweet, rose-bud love she had given to her boy lover she could never give to another.
5719|But she knew now that she could give to John Meredith a love richer and more womanly.
572|Mrs. Roderick was a millgrave, and the millgraves never had much sense. Her nephew Ebenezer Millgrave used to be insane for years. He believed he was dead and used to rage at his wife because she wouldn't bury him. I'd have done it.
5720|She knew that he touched deeps in her nature that Martin had never touched, that had not, perhaps, been in the girl of seventeen to touch.
5721|And she must send him away to-night, send him back to his lonely hearth and his empty life and his heart-breaking problems, because she had promised Ellen, ten years before, on their mother's Bible, that she would never marry.
5722|John Meredith did not immediately grasp his opportunity.
5723|On the contrary, he talked for two good hours on the least loverlike of subjects. He even tried politics, though politics always bored Rosemary.
5724|The latter began to think that she had been altogether mistaken, and her fears and expectations suddenly seemed to her grotesque. She felt flat and foolish. The glow went out of her face and the luster out of her eyes.
5725|John Meredith had not the slightest intention of asking her to marry him.
5726|And then, quite suddenly, he rose, came across the room, and standing by her chair he asked
5727|The room had grown terribly still. Even St. George ceased to purr.
5728|Rosemary heard her own heart beating and was sure John Meredith must hear it too.
5729|Now was the time for her to say no, gently but firmly.
573|Miss Cornelia looked so grimly determined that Anne could almost see her with a spade in her hand.
5730|She had been ready for days with her stilted, regretful little formula, and now the words of it had completely vanished from her mind.
5731|She HAD to say no, and she suddenly found she could not say it. It was the impossible word.
5732|She knew now that it was not that she could have loved John Meredith, but that she did love him.
5733|The thought of putting him from her life was agony.
5734|She must say something. She lifted her bowed golden head and asked him stammeringly to give her a few days for her own pleasure.
5735|consideration. John Meredith was a little surprised. He was not vainer than any man has a right to be, but he had expected that Rosemary West would say yes. He had been tolerably sure she cared for him.
5736|Then why this doubt, this hesitation?
5737|She was not a schoolgirl to be uncertain as to her own mind.
5738|He felt an ugly shock of disappointment and dismay.
5739|But he assented to her request with his unfailing gentle courtesy, and went away at once.
574|Don't you know any good husbands, Miss Bryant?" "Oh, yes, lots of them over yonder," said Miss Cornelia, waving her hand through the open window towards the little graveyard of the church across the harbor."
5740|will tell you in a few days," said Rosemary, with downcast eyes and burning face.
5741|When the door shut behind him she went back into the room and wrung her hands.
5742|End of chapter 21
5743|Chapter 22 of Rainbow Valley by Lucy Maude Montgomery.
5744|CHAPTER 22 SINCE George Knows All About
5745|At midnight, Ellen West was walking home from the Pollock Silver Wedding.
5746|She had stayed a little while after the other guests had gone to help the gray-haired bride wash the dishes.
5747|The distance between the two houses was not far, and the road good, so that Elin was enjoying the walk back home in the moonlight.
5748|The evening had been a pleasant one. Ellen, who had not been to a party for years, found it very pleasant.
5749|All the guests had been members of her old set, and there was no intrusive youth to spoil the flavour, for the only son of the bride and groom was far away at college and could not be present.
575|But living, going about in the flesh, persisted Anne.
5750|Norman Douglas had been there and they had met socially for the first time in years, though she had seen him once or twice in church that winter.
5751|Not the least sentiment was awakened in Ellen's heart by their meeting. She was accustomed to wonder, when she thought about it at all, how she could have ever fancied him or felt so badly over his sudden marriage.
5752|But she had rather liked meeting him again. She had forgotten how bracing and stimulating he could be.
5753|No gathering was ever stagnant when Norman Douglas was present.
5754|Everybody had been surprised when Norman came. It was well known he never went anywhere.
5755|The Pollocks had invited him because he had been one of the original guests, but they never thought he would come.
5756|He had taken his second cousin, Amy and Edda Douglas, out to supper and seemed rather attentive to her. But Ellen sat across the table from him and had a spirited argument with him.
5757|an argument during which all his shouting and banter could not fluster her, and in which she came off best, flooring Norman so composedly and so completely that he was silent for ten minutes.
5758|At the end of which time he had muttered in his ruddy beard, "Spunky as ever, spunky as ever," and began to hector Amy and Edda, who giggled foolishly over his sallies, where Ellen would have retorted by
5759|Ellen thought these things over as she walked home, tasting them with reminiscent relish. The moonlit air sparkled with frost. The snow crisped under her feet.
576|Oh, there's a few, just to show that with God all things are possible," acknowledged Miss Cornelia reluctantly.
5760|Below her lay the glen, with the white harbor beyond.
5761|There was a light in the man's study. So John Meredith had gone home.
5762|had he asked Rosemary to marry him? And after what fashion had she made her refusal known?
5763|Ellen felt that she would never know this, though she was quite curious. She was sure Rosemary would never tell her anything about it, and she would not dare to ask.
5764|She must just be content with the fact of the refusal.
5765|After all, that was the only thing that really mattered.
5766|I hope you'll have enough sense to come back once in a while and be friendly," she said to herself.
5767|She disliked so much to be alone that thinking aloud was one of her devices for circumventing unwelcome solitude.
5768|awful never to have a man-body with some brains to talk to once in a while. And like as not he'll never come near the house again."
5769|There's Norman Douglas, too. I like that man, and I'd like to have a good rousing argument with him now and then. But he'd never dare come up for fear people would think he was courting me again, for fear I'd think it too, most likely, though he's more a stranger to me now than John Merriam."
577|I don't deny that an odd man here and there, if he's caught young and trained up proper, and if his mother has spanked him well beforehand, may turn out a decent being.
5770|It seems like a dream that we could ever have been bows. But there it is. There's only two men in the Glen I'd ever want to talk to."
5771|what with gossip and this wretched love-making business, it's not likely I'll ever see either of them again."
5772|I could," said Ellen, addressing the unmoved stars with a spikeful emphasis. I could have made a better world myself.
5773|She paused at her gate with a sudden vague feeling of alarm.
5774|There was still a light in the living-room, and to and fro across the window shades went the shadow of a woman walking restlessly up and down.
5775|What was Rosemary doing up at this hour of the night? And why was she striding about like a lunatic?
5776|Ellen went softly in. As she opened the hall door Rosemary came out of the room. She was flushed and breathless. An atmosphere of stress and passion hung about her like a garment.
5777|Why aren't you in bed, Rosemary? Demanded Ellen.
5778|come in here," said Rosemary intensely. I want to tell you something."
5779|Ellen composedly removed her wraps and overshoes and followed her sister into the warm, fire-lighted room.
578|Your husband now isn't so bad, as men go, from all I hear. I suppose— Miss Cornelia looked sharply at Anne over her glasses. You think there's nobody like him in the world.
5780|She stood with her hand on the table and waited. She was looking very handsome herself, in her own grim, black-browed style.
5781|The new black velvet dress, with its train and V-neck, which she had made purposely for the party, became her stately, massive figure.
5782|She wore coiled around her neck the rich heavy necklace of amber beads, which was a family heirloom.
5783|Her walk in the frosty air had stung her cheeks into a glowing scarlet. But her steel blue eyes were as icy and unyielding as the sky of the winter night.
5784|She stood waiting in a silence which Rosemary could break only by a convulsive effort.
5785|Ellen, Mr. Meredith was here this evening. Yes?
5786|And he asked me to marry him. So I expected. Of course, she refused him.
5787|No—Rosemary. Ellen clenched her hands and took an involuntary step forward. Do you mean to tell me that you accepted him?"
5788|No, no!" Ellen recovered her self-command. What did you do there?
5789|I asked him to give me a few days to think it over."
579|There isn't," said Am promptly. Oh, well, I heard another bride say that once, sighed Miss Cornelia.
5790|I hardly see why that was necessary," said Ellen, coldly contemptuous, when there is only one answer you can make him.
5792|You offered it," went on Ellen unmovably. You promised it over our mother's Bible. It was more than a promise. It was an oath. Now you want to break it."
5793|I only asked you to set me free from it, Ellen. I will not do it. A promise is a promise in my eyes. I will not do it. Break your promise, be foresworn, if you will, but it shall not be with any assent of mine."
5795|then why do you want to leave me for this man whom you hadn't seen a year ago?" I love him, Ella.
5797|Rosemary quivered. Ellen could not—or would not—understand. There was no use arguing with her.
5798|So you won't release me, Ellen? No, I won't. And I won't talk of it again."
5799|You promised, and you've got to keep your word. That's all. Go to bed. Look at the time. You're all romantic and worked up."
580|Jenny Dean thought when she married that there wasn't anybody like her husband in the world. And she was right. There wasn't. And a good thing, too, believe me.
5800|Tomorrow you'll be more sensible. At any rate, don't let me hear any more of this nonsense. Go."
5801|Rosemary went without another word, pale and spiritless.
5802|Ellen walked stormily about the room for a few minutes, then paused before the chair where St. George had been calmly sleeping through the whole evening.
5803|A reluctant smile overspread her dark face.
5804|There had only been one time in her life—the time of her mother's death—when Ellen had not been able to temper tragedy with comedy.
5805|Even in that long-ago bitterness, when Norman Douglas had, after a fashion, jilted her, she had laughed at herself quite as often as she had cried.
5806|I expect there'll be some sulking, St. George. Yes, Saint, I expect we are in for a few unpleasant foggy days."
5808|But Ellen lay savagely awake till morning.
5809|There was no sulking, however. Rosemary was pale and quiet the next day, but beyond that Ellen could detect no difference in
581|He led her an awful life, and he was courting his second wife while Jenny was dying. Wasn't that like a man?
5810|Certainly she seemed to bear Ellen no grudge. It was stormy, so no mention was made of going to church. In the afternoon Rosemary shut herself in her room and wrote a note to John Merritt.
5811|she could not trust herself to say no in person. She felt quite sure that if he suspected she was saying no reluctantly he would not take it for an answer, and she could not face pleading or intrigue.
5812|She must make him think she cared nothing at all for him, and she could do that only by lessening his anger.
5813|She wrote him the stiffest, coolest little refusal imaginable. It was barely courteous. It certainly left no loophole of hope for the boldest lover. And John Meredith was anything but that.
5814|He shrank into himself, hurt and mortified, when he read Rosemary's letter next day in his dusty study.
5815|But under his mortification a dreadful realization presently made itself felt.
5816|He had thought he did not love Rosemary as deeply as he had loved Cecilia.
5817|And now when he had lost her he knew that he did. She was everything to him—everything.
5818|and he must put her out of his life completely. Even friendship was impossible now."
5819|Life stretched before him in intolerable dreariness.
582|However, I hope your confidence will be better justified, dearie. The young doctor is taking real well. I was afraid at first he mightn't, for folks hereabouts have always thought old Dr. Dave the only doctor in the world.
5820|He must go on. There was his work, his children.
5821|but the heart had gone out of him. He sat all alone that evening in his dark, cold, comfortless study, with his head bowed in his hands.
5823|But she promised Saint, and she was the one to offer it, George. Miss Miller."
5824|End of chapter 22
5825|Chapter 23 of Rainbow Valley by Lucy Maude McGarrett.
5826|This LibriVox recording is in the public domain. Recording by Karen Satter.
5827|Chapter 23. The Good Conduct Club.
5828|A light rain had been falling all day—a little, delicate, beautiful spring rain that somehow seemed to hint and whisper of May flowers and wakening violets.
5829|The harbor and the gulf and the low-lying shore fields had been dim with pearl-gray mist.
583|Dr. Dave hadn't much tact, to be sure. He was always talking of ropes and houses where someone had hanged himself.
5830|But now in the evening the rain had ceased and the mists had blown out to sea.
5831|clouds sprinkled the sky over the harbour, like little fiery roses. Beyond it the hills were dark, against a spendthrift splendour of daffodil and crimson.
5832|A great silvery evening star was watching over the bar.
5833|A brisk dancing new-sprung wind was blowing up from Rainbow Valley, resinous with the odours of fur and damp mosses.
5834|It crooned in the old spruces around the graveyard and ruffled Faith's splendid curls as she sat on Hezekiah Pollock's tombstone with her arms round Mary Vance and Una.
5835|Carl and Jerry were sitting opposite them on another tombstone, and all were rather full of mischief after being cooped up all day.
5836|The air just shines tonight, doesn't it? It's been washed so clean, you see," said Faith happily.
5837|Mary Vance eyed her gloomily. Knowing what she knew—or fancied she knew—Mary considered that Faith was far too lighthearted.
5838|Mary had something on her mind to say, and she meant to say it before she went home.
584|But folks forgot their hurt feelings when they had a pain in their stomachs.
5840|I just come up tonight a purpose to tell you. The way people are talking about you is awful.
5841|have we been doing now?" cried Faith in amazement, pulling her arm away from Mary.
5842|Una's lips trembled and her sensitive little soul shrank within her.
5843|Mary was always so brutally frank. Jerry began to whistle out of bravado. He meant to let Mary see he didn't care for her tirades.
5844|And their behavior was no business of hers, anyway. What right had she to lecture them on their conduct?
5845|doing now? You're doing all the time," retorted Mary. "Just as soon as the talk about one of your Didos fades away you do something else to start it up again. It seems to me you haven't any idea of how man's children ought to behave."
5846|Maybe you can tell us," said Jerry, killingly sarcastic.
5847|Sarcasm was quite thrown away on Mary. I can tell you what will happen if you don't learn to behave yourselves. The Sesshom will ask your father to resign."
5849|The Methodists just laugh and laugh at you, and that hurts the Presbyterian feelings. She says you all need a good dose of Birch-time."
585|If he'd been a minister instead of a doctor, they'd never have forgiven him. So Lake doesn't worry folks near as much as Stomachache.
5850|If that would make folks good, I ought to be a young saint.
5852|popped it right back in again," said Carl. It didn't hurt me, buddy. A poor little frog.
5853|And I wish old Jane Drew would give up our class. I hate her. Her own nephew had a dirty plug of tobacco in his pocket and offered us fellas a chew when Elder Clow was praying. I guess that's worse than a frog.
5854|No, cause frogs are more unexpected-like. They make more of a sensation. Besides, he wasn't caught at it. And then that praying competition you had last week has made a fearful scandal. Everybody's talking about it."
5855|Why, the blithes were in that as well as us, cried Faith indignantly. It was Nan Blythe who suggested it in the first place, and Walter took the prize.
5856|Well, you get the credit of it anyway. It wouldn't have been so bad if you hadn't had it in the graveyard."
5857|I should think a graveyard was a very good place to pray in," retorted Jerry.
5858|Zeke and Hazard drove past when you were praying," said Mary, and he saw and heard you with your hands folded over your stomach and groaning after every sentence. He thought you were making fun of him."
5859|So I was," declared unabashed Jerry. Only I didn't know he was going by, of course. That was just a mean accident.
586|Seeing as we're both Presbyterians and no Methodists around, will you tell me your candid opinion of our minister?
5860|I wasn't praying in real earnest. I knew I had no chance of winning the prize, so I was just getting what fun I could out of it. Walter Blythe can pray bully. Why, he can pray as well as Dad."
5861|Una is the only one of us who really likes praying," said Faith pensively.
5862|Well, if praying scandalizes people so much we mustn't do it any more, sighed Una. Shucks, you can pray all you want to, only not in the graveyard, and don't make a game of
5863|that was what made it so bad, that and having a tea party on the tombstones. We hadn't."
5864|Well, a soap bubble party, then. You had something. The over-harbour people swear you had a tea party, but I'm willing to take your word. And you used this tombstone as a table."
5865|Well, Martha wouldn't let us blow bubbles in the house—she was awful cross that day," explained Jerry, and this old slab made such a jolly table.
5867|I'm glad we did it once anyhow before we found out it was wrong," said Faith.
5868|have been wrong to blow them on the lawn," said Mary impatiently. "Seems like I can't knock any sense into your heads. You've been told often enough you shouldn't play in the graveyard. The Methodists are sensitive about it."
5869|We forget," said Faith dolefully, "and the lawn is so small and so caterpillary and so full of shrubs and things."
587|Well, really, I... well, hesitated am.
5870|We can't be in Rainbow Valley all the time, and where are we to go?
5871|It's the things you do in the graveyard. It wouldn't matter if you just sat here and talked quiet, same as we're doing now.
5872|Well, I don't know what is going to come of it all. But I do know that Elder Warren is going to speak to your pa about it. Deacon Hazard is his cousin."
5873|I wish they wouldn't bother father about us," said Una.
5874|Well, people think he ought to bother himself about you a little more. I don't. I understand him. He's a child in some ways himself, that's what he is, and needs someone to look after him as bad as you do.
5875|Well, perhaps you'll have someone before long if all tales is true.
5876|do you mean?" asked Faith. "Haven't you got any idea? Honest?" demanded Mary. "No, no. What do you mean?"
5877|Well, you are a lot of innocents upon my word. Why, everybody is talking of it.
5878|If your Pa goes to see Rosemary West, she is going to be your stepmom.
5879|don't believe it," cried Una, flushing crimson. Well, I dunno. I just go by what folks say. I don't give it for a fact.
588|Miss Cornelia nodded. Exactly. I agree with you, dearie. We made a mistake when we called him.
5880|But it would be a good thing. Rosemary West did make you toe the mark if she came here, I'll bet a cent, for all she's so sweet and smiley on the face of her. They're always that way till they've caught him. But you need SOMEONE to bring you up. You're disgracing your pa and I feel for him."
5882|The way she looked at the eggs I brought her to-night. I hope they're fresh," says she. I just wished they was rotten.
5883|But just you mind she gives you all one for breakfast, including your paw. Make a fuss if she doesn't. That was what they was sent up for. But I don't trust old Martha. She's quite capable of feeding them to her cat."
5884|Mary's tongue being temporarily tired, a brief silence fell over the graveyard.
5885|The man's children did not feel like talking. They were digesting the new and not altogether palatable ideas Mary had suggested to them.
5886|Jerry and Carl were somewhat startled. But after all, what did it matter? And it wasn't likely there was a word of truth in it.
5887|Faith, on the whole, was pleased. Only Una was seriously upset. She felt that she would like to get away in crying.
5888|Will there be any stars in my crown?" sang the Methodist choir, beginning to practice in the Methodist church.
5889|I just want three," said Mary, whose theological knowledge had increased notably since her residence with Mrs. Elliot. Just three—setting up on my head like a caro net—a big one in the middle and a small one each side.
589|His face just looks like one of those long, narrow stones in the graveyard, doesn't it? Sacred to the memory ought to be written on his forehead.
5890|there different sizes in souls?" asked Carl. Of course. Why, little babies must have smaller ones than big men.
5891|Well, it's getting dark and I must scoot home. Mrs. Elliott doesn't like me to be out after dark. Laws, when I lived with Mrs. Wiley the dark was just the same as the daylight to me. I didn't mind it no more in a grey cat."
5892|Them days seem a hundred years ago. Now you mind what I've said and try to behave yourselves for your paws' sake.
5893|I'll always back you up and defend you. You can be dead sure of that.
5895|Mary sailed off, excellently well pleased with herself, leaving a rather depressed little group behind her.
5896|Mary Vance always says something that makes us feel bad when she comes up," said Una resentfully.
5897|I wish we'd left her to starve in the old barn," said Jerry vindictively. "Oh, that's wicked, Jerry," rebuked Una.
5898|may as well have the game as the name, retorted unrepentant Jerry. If people say we're so bad let's be bad."
5899|But not if it hurts father, pleaded Faith.
5900|Jerry squirmed uncomfortably. He adored his father.
5901|Through the unshaded study window they could see Mr. Meredith at his death.
5902|He did not seem to be either reading or writing. His head was in his hands, and there was something in his whole attitude that spoke of weariness and dejection. The children suddenly felt
5903|I dare say somebody's been worrying him about us to-day," said Faith.
5904|I wish we could get along without making people talk. Oh, Jem Blythe, how you scared me.
5905|Jem Blythe had slipped into the graveyard and sat down beside the girl.
5906|He had been prowling about Rainbow Valley and had succeeded in finding the first little star-white cluster of Arbitus for his mother.
5907|The man's children were rather silent after his coming.
5908|The gem was beginning to grow away from them somewhat this spring.
5909|He was studying for the entrance examination of Queen's Academy and stayed after school with the older pupils for extra lessons.
591|Did you ever hear the like in your born days, dearie? I was so thankful there were no Methodists there that day. They'd never have been done hooting over it."
5910|Also, his evenings were so full of work that he seldom joined the others in Rainbow Valley now. He seemed to be drifting away into grown-up land.
5911|What is the matter with you all tonight?" he asked. There's no fun in you.
5912|"Not much," agreed Faith dolefully. "There wouldn't be much fun in you, either, if you knew you were disgracing your father and making people talk about you."
5913|Who's been talking about you now?" "Everybody," so Mary Vance says."
5914|and Faith poured out her troubles to sympathetic Jem.
5915|You see," she concluded dolefully, "we've nobody to bring us up. And so we get into scrapes and people think we're bad."
5916|Why don't you just bring yourselves up?" suggested Jem. I'll tell you what to do. Form a good conduct club and punish yourselves every time you do anything that's not right.
5917|That's a good idea," said Faith, struck by it.
5918|But," she added doubtfully, "things that don't seem a bit of harm to us seem simply dreadful to other people. How can we tell? We can't be bothering Father all the time, and he has to be away a lot anyhow.""
5919|could mostly tell if you stopped to think a thing over before doing it and ask yourselves what the congregation would say about it," said Jem. "The trouble is you just rush into things and don't think them over at all."
592|But what I dislike most in him is his habit of agreeing with everybody, no matter what is said. If you said to him, you're a scoundrel, he'd say with that smooth smile of his, yes, that's so. A minister should have more backbone.
5920|Mother says you're all too impulsive, just as she used to be.
5921|The good conduct club would help you to think, if you were fair and honest about punishing yourselves when you broke the rules.
5922|you'd have to punish in some way that really hurt, or it wouldn't do any good.
5923|whip each other? Not exactly. You'd have to think up different ways of punishment to suit the person. You wouldn't punish each other—you'd punish yourselves. I read all about such a club in a storybook. You try it and see how it works."
5924|Let's," said Faith. And when Jem was gone they agreed they would.
5925|things aren't right we just got to make them right," said Faith resolutely.
5926|We've got to be fair and square, as Jem says," said Jerry. "This is a club to bring ourselves up, seeing there's nobody else to do it. There's no use in having many rules. Let's just have one, and any of us that breaks it has got to be punished hard."
5928|That's the rule. We'll all decide on the kind of punishment. It must be made to fit the crime, as Mr. Flagg says. And the one that's guilty will be bound to carry it out and no shirking
5929|There's gonna be fun in this," concluded Jerry with a relish.
593|the long and the short of it is, I consider him a Reverend Jackass. But, of course, this is just between you and me. When there are Methodists in hearing, I praise him to the skies."
5930|suggested the soap bubble party," said Faith. "But that was before we'd formed the club," said Jerry hastily. "Everything starts from tonight.""
5931|But what if we can't agree on what's right or what the punishment ought to be?
5932|Suppose two of us thought of one thing and two of another. There ought to be five in a club like this.
5933|We can ask Jem Blythe to be umpire. He's the squareest boy in Glen St. Mary's.
5934|But I guess we can settle our own affairs, mostly. We want to keep this as much of a secret as we can. Don't read the word to Mary Vance. She'd want to join and do the bringing up."
5935|I think," said Faith, that there's no use in spoiling every day by dragging punishments in. Let's have a punishment day.
5937|nonsense," said Jerry authoritatively. Such a scheme wouldn't work at all.
5938|We'll just punish ourselves as we go along and keep a clear slate.
594|Some folks think his wife dresses too gay, but I say when she has to live with a face like that she needs something to cheer her up. You'll never hear me condemning a woman for her dress. I'm only too thankful when her husband isn't too mean and miserly to allow it.
5940|gem blithe to be umpire in case of disputes. No more taking bucks to Sunday school, Carl, and no more chewing gum in public, if you please, Miss Faith."
5941|No more making fun of elders praying or going to the Methodist prayer meeting, retorted Faith.
5942|Why, it isn't any harm to go to the Methodist prayer meeting," protested Jerry in amazement. Mrs. Elliott says it is. She says man's children have no business to go anywhere but to Presbyterian things.
5943|darn it, I won't give up going to Methodist prayer meeting," cried Jerry. It's ten times more fun than ours is. You said a naughty word," cried Faith. Now you've got to punish yourself.
5944|Not till it's all down in black and white. We're only talking the club over. It isn't really formed until we've written it out and signed it."
5945|There's got to be a constitution and bylaws. And you know there's nothing wrong in going to a prayer meeting.
5947|I'm going for the paper now and I'll bring out the lantern and we'll all sign.
5948|Fifteen minutes later the document was solemnly signed on Hezekiah Pollock's tombstone, on the center of which stood the smoky man's lantern, while the children knelt around
5949|Mrs. Elder Clow was going past the moment, and next day all the Glen heard that the man's children had been having another praying competition and had wound it up by chasing each other all over the graves with a lantern.
595|It's not that I bother much with dress myself. Women just dress to please the men, and I never stoop to that. I've had a real placid, comfortable life, dearie, and it's just because I never cared ascent what the men thought.
5950|This piece of embroidery was probably suggested by the fact that, after the signing and sealing was completed, Carl had taken the lantern and had walked circumspectly to the little hollow to examine his anthill.
5951|The others had gone quietly into the mints and to bed.
5952|Do you think it is true that Father is going to marry Miss West?" Una had tremulously asked of Faith after their prayers had been said.
5954|I don't believe Miss West would ever try to do that," cried Faith.
5955|Mary says anybody would. She knows all about stepmother's faith. She says she's seen hundreds of them and you've never seen one.
5956|Oh, Mary has told me blood-curdling things about them. She says she knew of one who whipped her husband's little girls on their bare shoulders till they bled and then shut them up in a cold, dark coal cellar all night. She says they're all aching to do things like that."
5957|I don't believe Miss Westwood. You don't know her as well as I do, Una. Just think of that sweet little bird she sent me. I love it far more than even Adam."
5958|It's just being a stepmother changes them. Mary says they can't help it.
5959|I wouldn't mind the whippings as much as having Father hate us.
5961|But Una had no such conviction, and she cried herself to sleep.
5962|End of chapter 23
5963|Chapter 24 of Rainbow Valley by Lucy Modman-Garrett.
5964|This LibriVox recording is in the public domain. Recording by Karen Sepp.
5965|Chapter 24 A Charitable Impulse
5966|For a fortnight, things ran smoothly in the good conduct club. It seemed to work admirably.
5967|Not once was Jem Blythe called in as an umpire.
5968|Not once did any of the man's children set the Glen gossips by the ear.
5969|As for their minor peccadilloes at home, they kept sharp tabs on each other and gamely underwent their self-imposed punishment.
597|Captain Jim is certainly splendid." agreed Anne cordially.
5970|generally a voluntary absence from some gay Friday-night frolic in Rainbow Valley, or a sojourn in bed on some spring evening when all young bones ache to be out and away.
5971|Faith, for whispering in Sunday-school, condemned herself to pass a whole day without speaking a single word, unless it was absolutely necessary, and accomplished it.
5972|It was rather unfortunate that Mr. Baker from over harbor should have chosen that evening for calling at the manse, and that Faith should have happened to go to the door.
5973|Not one word did she reply to his genial greeting, but went silently away to call her father, briefly.
5974|Mr. Baker was slightly offended and told his wife when he went home that the biggest Meredith girl seemed a very shy, sulky little thing, without manners enough to speak when she was spoken to.
5975|But nothing worse came of it, and generally their penances did no harm to themselves or anybody else.
5976|All of them were beginning to feel quite cocksure that after all, it was a very easy matter to bring yourself up."
5977|I guess people will soon see that we can behave ourselves properly as well as anybody," said Faith jubilantly. It isn't hard when we put our minds to it."
5978|She and Una were sitting on the Pollock tombstone.
5979|It had been a cold, raw, wet day of spring storm, and Rainbow Valley was out of the question for girls, though the Manse and the Ingleside boys were down there fishing.
598|Captain Jim is a good man, but he's kind of vexing in one way. You can't make him mad. I've tried for twenty years and he just keeps on being placid. It does sort of rile me. And I suppose the woman he should have married got a man who went into tantrums twice a day.
5980|The rain had held up, but the east wind blew mercilessly in from the sea, cutting to bone and marrow.
5981|Spring was late, in spite of its early promise, and there was even yet a hard drift of old snow and ice in the northern corner of the graveyard.
5982|Lida Marsh, who had come up to bring the mance a mess of herring, slipped in through the gate shivering.
5983|She belonged to the fishing village at the harbor mouth, and her father had, for thirty years, made a practice of sending a mess from his first spring catch to the manse.
5984|He never darkened a church door. He was a hard drinker and a reckless man. But as long as he sent those herring up to the manse every spring, as his father had done before him, he felt comfortably sure that his account with the powers that govern was squared for the year.
5985|he would not have expected a good mackerel catch if he had not sent the first fruits of the season.
5986|Lida was a mite of ten and looked younger, because she was such a small, wizened little creature.
5987|Tonight, as she sidled boldly enough up to the man's girls, she looked as if she had never been warm since she was born. Her face was purple and her pale blue bold little eyes were red and watery.
5988|She wore a tattered print dress and a ragged woollen comforter tied across her thin shoulders and under her arms.
5989|She had walked the three miles from the harbour mouth, barefooted, over a road where there was still snow and slush and mud.
599|Who was she? Oh, I don't know, dearie. I never remember of Captain Jim making up to anybody. He was edging on old, as far as my memory goes. He's seventy-six, you know.
5991|Faith and Una grinned cheerfully back. They knew Lida slightly, having met her once or twice the preceding summer when they had gone down the harbor with the Blythes.
5992|Hello," said Lyda. Ain't this a fierce kind of night. Taint fit for a dog to be out, is it?
5993|then why are you out?" asked Faith. "Pah made me bring you up some herring," returned Lida. She shivered, coughed, and stuck out her bare feet."
5994|Lyda was not thinking about herself or her feet, and was making no bid for sympathy.
5995|She held her feet out instinctively to keep them from the wet grass around the tombstone.
5996|But Faith and Una were instantly swamped with a wave of pity for her. She looked so cold, so miserable.
5997|Oh, why are you barefooted on such a cold night?" cried Faith. Your feet must be almost frozen.
5998|pretty near," said Lyda proudly. I tell you, it was fierce walking up that harbour road—
5999|didn't you put on your shoes and stockings?" asked Una.
600|I never heard any reason for his staying a bachelor, but there must be one, believe me. He sailed all his life till five years ago, and there's no corner of the earth he hasn't poked his nose into.
6000|ain't none to put on. All I had was wore out by the time winter was over," said Lide indifferently.
6001|For a moment Faith stared in horror. This was terrible. Here was a little girl, almost a neighbour, half frozen because she had no shoes or stockings in this cruel spring weather.
6003|Lyda, recovering her wits, snatched the offered gift with a sparkle in her dull eyes. Sure she would put them on, and that mighty quick, before anyone appeared with authority to recall them.
6004|In a minute she had pulled the stockings over her scrawny little legs and slipped faith shoes over her thick little ankles.
6005|I'm obliged to you," she said, but won't your folks be cross?" No, and I don't care if they are," said Faith. Do you think I could see anyone freezing to death without helping them if I could? It wouldn't be right, especially when my father's a minister.
6006|you want them back? It's awful cold down at the harbour mouth, long after its warm up here," said Lila slyly. "No, you're to keep them, of course. That is what I meant when I gave them."
6007|I have another pair of shoes and plenty of stockings.
6008|Lida had meant to stay a while and talk to the girls about many things. But now she thought she had better get away before somebody came and made her yield up her booty.
6009|So she shuffled off through the bitter twilight, in the noiseless, shadowy way she had slipped in.
6010|As soon as she was out of sight of the manse she sat down, took off the shoes and stockings, and put them in her herring basket. She had no intention of keeping them on down that dirty harbor road.
6012|Then Lyda ran down to the Glen village and played for an hour with the boys before Mr. Flag's store, splashing about in a pool of slush with the maddest of them, until Mrs. Elliot came along and bade her be gone home.
6013|I don't think, Faith, that you should have done that," said Una a little reproachfully after Lida had gone.
6014|You'll have to wear your good boots every day now, and they'll soon scuff out.
6015|I don't care," cried Faith, still in the fine glow of having done a kindness to a fellow creature. It isn't fair that I should have two pairs of shoes and poor little Lida Marsh not have any.
6016|Now we both have a pair. You know perfectly well, Una, that Father said in his sermon last Sunday that there was no real happiness in getting or having, only in giving.
6017|And it's true. I feel far happier now than I ever did in my whole life before.
6018|Just think of Lida walking home this very minute with her poor little feet all nice and warm and comfy.
6019|you know you haven't another pair of black cashmere stockings," said Una. "Your other pair were so full of holes that Aunt Martha said she couldn't darn them any more and she cut the legs up for stove-dusting."
6020|You've nothing but those two pairs of striped stockings you hate so.
6021|All the glow and uplift went out of faith. Her gladness collapsed like a pricked balloon.
6022|She sat for a few dismal minutes in silence, facing the consequences of her rash act.
6023|Oh, Una, I never thought of that," she said dolefully. I didn't stop to think at all.
6024|The striped stockings were thick, heavy, coarse ribbed stockings of blue and red which Aunt Martha had knit for Faith in the winter.
6025|They were undoubtedly hideous. Faith loathed them as she had never loathed anything before.
6026|wear them she certainly would not. They were still unworn in her bureau drawer.
6027|You'll have to wear the striped stockings after this," said Una. "Just think how the boys in school will laugh at you!"
6029|And then I'll stay home. You can't. You know very well Aunt Martha will make you go.
603|But I told her that wasn't any reason for not marrying if she wanted to. There's no reason why we should let the men have a monopoly of temper, is there, Mrs. Blythe, dearie?"
6030|Faith did know this. The one thing on which Aunt Martha troubled herself to insist was that they must all go to church, rain or shine.
6031|how they were dressed, or if they were dressed at all, never concerned her. But go they must."
6032|And that was how Aunt Martha had been brought up seventy years ago, and that was how she meant to bring them up.
6033|Haven't you got a pair you can lend me, Una?" said poor Faith piteously. Una shook her head.
6034|No, you know I only have the one black pair, and they're so tight I can hardly get them on. They wouldn't go on you. Neither would my grey ones. Besides, the legs of them are all darned and darned."
6035|I won't wear those striped stockings," said Faith stubbornly. The feel of them is even worse than the looks. They make me feel as if my legs were as big as barrels and they're so scratchy.
6036|Well, I don't know what you're going to do. If father was home I'd go and ask him to get me a new pair before the store closes, but he won't be home till too late."
6037|I'll ask him Monday. And I won't go to church tomorrow. I'll pretend I'm sick, and Aunt Martha'll have to let me stay home."
6038|that would be acting a lie, Faith," cried Una. You can't do that. You know it would be dreadful.
604|I have a bit of a temper myself, side-ann.
6040|your new brown dress is so long they won't show much. Wasn't it lucky Aunt Martha made it big so you'd have room to grow in, for all you hated it so when she finished it?"
6041|I won't wear those stockings," repeated Faith.
6042|She uncoiled her bare white legs from the tombstone and deliberately walked through the wet, cold grass to the bank of snow.
6043|Setting her teeth, she stepped upon it and stood there.
6044|What are you doing?" cried Una, aghast. You'll catch your death of cold faith, Meredith.
6045|I'm trying to," answered Faith. I hope I'll catch a fearful cold and be awful sick tomorrow. Then I won't be acting a lie. I'm going to stand here as long as I can bear.
6046|But Faith, you might really die. You might get pneumonia. Please, Faith, don't. Let's go into the house and get something for your feet. Oh, here's Jerry, I'm so thankful. Jerry, make Faith get off that snow. Look at her feet."
6047|Holy cats! Faith, what are you doing?" demanded Jerry. Are you crazy? No, go away, snapped Faith.
6048|Then are you punishing yourself for something? It isn't right if you are. You'll be sick. I want to be sick. I'm not punishing myself. Go away.
6049|Where's her shoes and stockings?" asked Jerry of Una.
605|It's well you have, dearie. You won't be half so likely to be trodden on, believe me.
6050|She gave them to Lida Marsh. Lida Marsh? What for?
6051|Because Lida had none, and her feet were so cold, and now she wants to be sick so that she won't have to go to church tomorrow and wear her striped stockings. But, Jerry, she may die."
6052|Faith," said Jerry, "get off that ice bank or I'll pull you off.""
6053|pull away," dared Faith. Jerry sprang at her and caught her arms. He pulled one way and Faith pulled another. Una ran behind Faith and pushed.
6055|They all went in amiably and went to bed. Faith slept like a cherub and woke in the morning without a trace of a cold.
6056|She felt that she couldn't feign sickness and act a lie, after remembering that long-ago talk with her father. But she was still as fully determined as ever that she would NOT wear those abominable stockings to church.
6057|End of chapter 24
6058|Chapter 25 of Rainbow Valley by Lucy Maude McGarran
6059|This LibriVox recording is in the public domain. Recording by Karen Saffi.
606|My, how that golden glow of yours is blooming! Your garden looks fine. Poor Elizabeth always took such care of it.
6060|Chapter 25 Another Scandal and Another Explanation
6061|Faith went early to Sunday school and was seated in the corner of her class pew before any one came. Therefore the dreadful truth did not burst upon any one until Faith left the class pew near the door to walk up to the man's pew after Sunday school.
6062|The church was already half-filled, and all who were sitting near the aisle saw that the minister's daughter had boots on but no stockings.
6063|Faith's new brown dress, which Aunt Martha had made from an ancient pattern, was absurdly long for her. But even so it did not meet her boot-tops. Two good inches of bare white leg shewed plainly.
6064|Faith and Carl sat alone in the man's pew. Jerry had gone into the gallery to sit with a chum and the Blythe girls had taken Una with them.
6066|But Jerry hated the man's pew at the very top of the church, under the eyes of Elder Clow and his family.
6067|He escaped from it whenever he could. Carl, absorbed in watching a spider spinning its web at the window, did not notice Faith's leg.
6068|She walked home with her father after church, and he never noticed them.
6069|She got on the hated, striped stockings before Jerry and Una arrived, so that for the time being none of the occupants of the manse knew what she had done.
6070|But nobody else in Glen St. Mary was ignorant of it.
6071|The few who had not seen soon heard. Nothing else was talked of on the way home from church. Mrs. Alec Davis said it was only what she expected, and the next thing you would see some of those young ones coming to church with no clothes on at all.
6072|The president of the ladies' aid decided that she would bring the matter up at the next aid meeting and suggest that they wait in a body on the minister and protest.
6073|Miss Cornelia said that she, for her part, gave up. There was no use worrying over the Mansfry any longer.
6074|Even Mrs. Dr. Blythe felt a little shocked, though she attributed the occurrence solely to Faith's forgetfulness.
6077|And the CHURCH was just full of Methodists yesterday, too," groaned Miss Cornelia, who had come up to the Glen to do some shopping and run into Inglesey to talk the affair over.
6078|I don't know how it is, but just as sure as those man's children do something especially awful, the church is sure to be crowded with Methodists. I thought Mrs. Deacon Hazard's eyes would drop out of her head
6079|When she came out of church she said, Well, that exhibition was no more than decent. I do pity the Presbyterians. And we just had to take it. There was nothing one could say
608|Well, Henry Hammond up at the Glen goes out doing jobs like that. He'll do maybe.
6081|I could have quelched Mrs. Deacon Hazard, Mrs. Dr. Dear, and that you may tie to—
6082|I wish Mr. Meredith didn't preach quite so well and looked after his family a little better," retorted Miss Cornelia.
6083|He could at least glance over his children before they went to church and see that they were properly clothed. I'm tired of making excuses for him, believe me."
6085|I simply feel that I can't associate with you any longer," she concluded.
6086|We are going to associate with her then," cried Namblai.
6089|I think you needn't worry about him," said Di scornfully. It isn't likely necessary.
6090|Now Faith darling, stop crying and tell us why you did it.
6091|Faith explained tearfully. The Blythe girl sympathized with her, and even Mary Vance agreed that it was a hard position to be in.
6092|But Jerry, on whom the thing came like a thunderbolt, refused to be placated. So this was what some mysterious hint he had got in school that day meant.
6093|He marched Faith and Una home without ceremony, and the Good Conduct Club held an immediate session in the graveyard to sit in judgment on Faith's case.
6094|I don't see that it was any harm," said Faith defiantly. Not much of my leg showed. It wasn't wrong and it didn't hurt anybody.
6095|It will hurt Dad, you know it will. You know people blame him whenever we do anything queer.
6096|I didn't think of that," muttered Faith. That's just the trouble. You didn't think and you should have thought. That's what our club is for—to bring us up and make us think.
6097|We promised we'd always stop and think before doing things. You didn't, and you've got to be punished, Faith—and real hard, too. You'll wear those striped socks to school for a week for punishment."
6098|Oh, Jerry, won't a day do? Two days? Not a whole week." Yes, a whole week, said inexorable Jerry. It is fair. Ask Jem Blythe if it isn't.
6099|Faith felt she would rather submit than ask Jem Blythe about such a matter. She was beginning to realize that her offence was quite a shameful one.
610|and was saved by the clock striking five.
6101|This aspect of the case weighed on Faith's mind.
6102|own condemnation she could bear, but it tortured her that her father should be blamed.
6103|If people knew the true facts of the case they would not blame him.
6104|But how could she make them known to all the world? Getting up in church, as she had once done and explaining the matter, was out of the question. Faith had heard from Mary Vance how the congregation had looked upon that performance, and realized that she must not repeat it.
6105|Faith worried over the problem for half a week. Then she had an inspiration and promptly acted upon it.
6106|She spent that evening in the garret with a lamp and an exercise-book, writing busily, with flushed cheeks and shining eyes. It was the very thing—how clever she was to have thought of it! It would put everything right and explain everything and yet cause no scandal.
6107|It was eleven o'clock when she had finished to her satisfaction and crept down to bed, dreadfully tired but perfectly happy.
6108|In a few days the little weekly published in the Glen under the name of The Journal came out as usual, and the Glen had another sensation. A letter signed FAITH MERIDETH occupied a prominent place on the front page and ran as follows.
6109|to whom it may concern. I want to explain to everybody how it was I came to go to church without stockings on, so that everybody will know that Father was not to blame one bit for it, and the old gossips need not say he is because it is not true."
611|Good Lord, is it that late? exclaimed Miss Cornelia. How time does slip by when you're enjoying yourself.
6110|I gave my only pair of black stockings to Lida Marsh because she hadn't any and her poor little feet were awful cold and I was so sorry for it.
6111|No child ought to have to go without shoes and stockings in a Christian community before the snow is all gone, and I think the WFMS ought to have given her stockings."
6112|Of course, I know they are sending things to the little heathen children, and that is all right and a kind thing to do. But the little heathen children have lots more warm weather than we have, and I think the women of our church ought to look after Lyda and not leave it all to me.
6113|When I gave her my stockings I forgot they were the only black pair I had without holes, but I'm glad I did give them to her because my conscience would have been uncomfortable if I hadn't.
6115|I just couldn't bear to wear those hateful stockings. They were so ugly and rough and felt so scratchy. Everybody would have made fun of me.
6116|I thought at first I'd pretend to be sick and just not go to church next day, but I decided I couldn't do that, because it would be acting a lie, and Father told us after Mother died that was something we must never, never do."
6117|It is just as bad to act a lie as to tell one, though I know some people right here in the Glen who act them and never seem to feel a bit bad about it. I will not mention any names, but I know who they are and so does Father."
6119|father does not look at people's legs in church, so of course he did not notice mine. But all the gossips did and talked about it, and that is why I'm writing this letter to the journal to explain."
612|Well, I must betake myself home." "No, indeed. You're going to stay and have tea with us," said Anne eagerly."
6120|I suppose I did very wrong, since everybody says so, and I am sorry, and I am wearing those awful stockings to punish myself, although father bought me two nice new black pairs as soon as Mr. Flagg's store opened on Monday morning.
6121|But it was all my fault, and if people blame Father for it after they read this, they are not Christians, and so I do not mind what they say.
6122|There is another thing I want to explain about before I stop. Mary Vance told me that Mr. Evan Boyd is blaming the Lew Baxter's for stealing potatoes out of his field last fall. They did not touch his potatoes. They are very poor but they are honest."
6124|Walter and Di Blithe helped us eat them, but they did not come along until we had them cooked and did not know where we got them. So they were not to blame at all—only us.
6126|Yours respectfully, Faith Merritt.
6127|End of chapter 25
6128|Chapter 26 of Rainbow Valley by Lucy Maude Montgomery.
6129|This LibriVox recording is in the public domain. Recording by Karen Satter.
613|Are you asking me because you think you ought to, or because you really want to?" demanded Miss Cornelia. "Because I really want to."
6130|Chapter 26. Ms. Cornelia gets a new point of view.
6131|"Susan, after I'm dead I'm going to come back to earth every time when the daffodils blow in this garden," said Anne rapturously. "Nobody may see me, but I'll be here."
6132|If anybody is in the garden at the time, I think I'll come on an evening just like this, but it might be just at dawn—a lovely pale pinky spring dawn. They'll just see the daffodils nodding wildly as if an extra gust of wind had blown past them, but it will be I."
6133|Indeed, Mrs. Dr. dear, you will not be thinking of flaunting worldly things like daffies after you are dead," said Susan, and, I do not believe in ghosts, seen or unseen.
6134|Oh, Susan, I shall not be a ghost. That has a horrible sound. I shall just be me. And I shall run around in the twilight, whether it is Moran or Eve, and see all the spots I love.
6135|Do you remember how badly I felt when I left our little house of dreams, Susan? I thought I could never love Ingleside so well. But I do. I love every inch of the ground and every stick and stone on it."
6137|But I see Mrs. Marshall Elliott coming in at the gate, looking as if she had been sent for and couldn't go."
6138|And, dearie, have you seen the journal today?
6139|Miss Cornelia's voice was trembling, partly from emotion, partly from the fact that she had hurried up from the store too fast and lost her breath.
614|Then I'll stay. You belong to the race that knows Joseph.
6140|Anne bent over the daffodils to hide a smile. She and Gilbert had laughed heartily and heartlessly over the front page of the journal that day, but she knew that to dear Miss Cornelia it was almost a tragedy, and she must not wound her feelings by any display of levity.
6141|"Isn't it dreadful! What IS to be done?" asked Miss Cornelia despairingly."
6142|Miss Cornelia had vowed that she was done with worrying over the pranks of the man's children, but she went on worrying just the same.
6144|Cornelia Elliot thinks she was born to run this world, Mrs. Dr. dear," she had once said to Anne, and so she is always in a stew over something. I have never thought that I was, and so I go calmly along.
6145|up but what it has sometimes occurred to me that things might be run a little better than they are. But it is not for us poor worms to nourish such thoughts. They only make us uncomfortable and do not get us anywhere."
6146|I don't see that anything can be done now," said Anne, pulling out a nice cushiony chair for Miss Cornelia.
6147|But how in the world did Mr. Vickers allow that letter to be printed? Surely he should have known better.
6148|Why, he's away, Anne, dearie. He's been away to New Brunswick for a week.
6149|and that young scallywag of a Joe Vickers is editing the journal in his absence.
615|I know we're going to be friends," said Am with the smile that only they of the household of faith ever saw.
6150|Of course Mr. Vickers would never have put it in, even if he is a Methodist. But Joe would just think it a good joke.
6151|As you say. I don't suppose there is anything to be done now, only live it down. But if I ever get Joe Vickers cornered somewhere I'll give him a talking to he won't forget in a hurry."
6152|I wanted Marshall to stop our subscription to the Journal instantly, but he only laughed and said that today's issue was the only one that had had anything readable in it for a year.
6153|Marshall never will take anything seriously, just like a man."
6154|Unfortunately, Evan Boyd is like that too. He takes it as a joke and is laughing all over the place about it. And he's another Methodist
6155|As for Mrs. Bear of Upper Glen, of course she will be furious and they will leave the church.
6156|not that it will be a great loss from my point of view. The Methodists are quite welcome to them."
6157|It served Mrs. Burr right," said Susan, who had an old feud with the lady in question, and had been hugely tickled over the reference to her in Faith's letter.
6158|She will find that she will not be able to cheat the Methodist parson out of his salary with bad yarn."
616|Yes, we are, dearie. Thank goodness we can choose our friends. We have to take our relatives as they are and be thankful if there are no penitentiary birds among them.
6160|I do not believe that he ever asked her," said Susan, who could not conceive of anyone refusing a minister.
6161|Well, nobody knows anything about that. But one thing is certain—he doesn't go there any longer. And Rosemary didn't look well all the spring."
6162|I hope her visit to Kingsport will do her good. She's been gone for a month and will stay another month, I understand."
6163|I can't remember when Rosemary was away from home before. She and Ellen could never bear to be parted. But I understand Ellen insisted on her going this time. And meanwhile Ellen and Norman Douglas are warming up the old soup."
6164|Is that really so?" asked Anne, laughing. I heard a rumour of it, but I hardly believed it.
6165|Believe it. You may believe it all right, Anne dearie. Nobody is in ignorance of it. Norman Douglas never left anybody in doubt as to his intentions in regard to anything. He always did his courting before the public."
6167|He jilted her once. But it seems that does not count with some people, Mrs. Dr. Dear," Susan remarked rather acidly.
6168|He jilted her in a fit of temper, and repented it all his life," said Miss Cornelia. That is different from a cold-blooded jilting. For my part, I never detested Norman as some folks do. He could never over-crow me."
6169|I do wonder what started him coming to church. I have never been able to believe Mrs. Wilson's story that Faith Meredith went there and bullied him into it.
617|Not that I've many, none nearer than second cousins. I'm kind of a lonely soul, Mrs. Blythe." There was a wistful note in Miss Cornelia's voice.
6170|I've always intended to ask Faith herself, but I've never happened to think of it just when I saw her. What influence could SHE have over Norman Douglas?"
6171|He was in the store when I left, bellowing with laughter over that scandalous letter. You could have heard him at Four Winds Point."
6173|Oh, Norman isn't mean in some ways. He'd give a thousand without blinking a lash and roar like a bull of Bashan if he had to pay five cents too much for anything. Besides, he likes Mr. Meredith's sermons, and Norman Douglas was always willing to shell out if he got his brains tickled up."
6174|There is no more Christianity about him than there is about a black naked heathen in Africa and never will be. But he's clever and well read and he judges sermons as he would lectures
6175|Anyhow, it's well he backs up Mr. Meredith and the children as he does, for they'll need friends more than ever after this. I am tired of making excuses for them, believe me."
6176|Do you know, dear Miss Cornelia," said Anne seriously, "I think we have all been making too many excuses. It is very foolish and we ought to stop it.""
6178|Although I do think if we Presbyterians stopped criticizing and excusing, we would find that other denominations would trouble themselves very little about our Mansfield.
6179|I would say to them, Dear Christian friends, with marked emphasis on Christian, I have something to say to you, and I want to say it good and hard, that you may take it home and repeat it to your family."
618|I wish you would call me Anne," exclaimed Anne impulsively. It would seem more homey. Everyone in Four Winds except my husband calls me Mrs. Blythe and it makes me feel like a stranger.
6181|He is a manly, honourable, truthful little fellow.
6182|Faith Meredith is a beauty, and as inspiring and original as she is beautiful. There is nothing commonplace about her."
6183|All the other girls in the Glen put together haven't the vim and wit and joyousness and spunk she has. She has not an enemy in the world. Everyone who knows her loves her."
6184|of how many children or grownups can that be said.
6185|Una Meredith is sweetness personified. She will make a most lovable woman.
6186|Carl Meredith, with his love for ants and frogs and spiders, will someday be a naturalist whom all Canada, nay, all the world, will delight to honour.
6187|Do you know of any other family in the Glen or out of it of whom all these things can be said?
6188|Away with shame-faced excuses and apologies, we rejoice in our minister and his splendid boys and girls.
6189|Anne stopped, partly because she was out of breath after her vehement speech, and partly because she could not trust herself to speak further in view of Miss Cornelia's face.
619|Do you know that your name is very near being the one I yearned after when I was a child? I hated Anne, and I called myself Cordelia in imagination.
6190|That good lady was staring helplessly at Anne, apparently engulfed in billows of new ideas. But she came up with a gasp and struck out for sure gallantly.
6191|Anne Blythe, I wish you would call that meeting and say just that.
6193|Oh, Handiri, I can see a thing when it's hammered into my head. No more apologizing for Cornelia Marshall. I shall hold my head up after this, believe me."
6194|So I may talk things over with you as usual, just to relieve my feelings, if the Merediths do any more startling stunts.
6195|Even that letter I felt so bad about. Why, it's only a good joke, after all, as Norman says. Not many girls would have been cute enough to think of writing it, and all punctuated so nicely and not one word misspelled."
6196|just let me hear any Methodist say one word about it. Though all the same, I'll never forget Joe Vickers, believe me."
6197|Where are the rest of your small fry to-night?" Walter and the twins are in Rainbow Valley. Jem is studying in the garage.
6198|They are all crazy about Rainbow Valley. Mary Vance thinks it's the only place in the world. She'd be off up here every evening if I let her. But I don't encourage her in gadding."
620|I like Anne. It was my mother's name. Old-fashioned names are the best and sweetest, in my opinion.
6200|End of chapter 26
6201|Chapter 27 of Rainbow Valley by Lucy Maude McGarrett.
6202|This LibriVox recording is in the public domain. Recording by Karen Saff.
6203|Chapter 27 A Sacred Concert
6204|In spite of Miss Cornelia's new point of view, she could not help feeling a little disturbed over the next performance of the man's children.
6206|And, dearie, they had a concert in the graveyard last Thursday evening while the Methodist prayer meeting was going on. There they sat on Hesekiah Pollock's tombstone and sang for a solid hour.
6207|Of course I understand it was mostly hymns they sang, and it wouldn't have been quite so bad if they'd done nothing else. But I'm told they finished up with Polly Wolly Doodle at full length, and that just when Deacon Baxter was praying—
6209|I don't know what you were doing in a Methodist prayer meeting," said Miss Cornelia acidly.
621|If you're going to get tea, you might send the young doctor to talk to me. He's been lying on the sofa in that office ever since I came, laughing fit to kill over what I've been saying.
6210|I have never found that Methodism was catching," retorted Susan stiffly, and as I was going to say when I was interrupted, badly as I felt, I did not give in to the Methodism.
6212|But I could have done it much more thoroughly, Mrs. Doctor, dear, if only they had left out Polly Wolly Doodle."
6213|It is truly terrible to think of that being sung in a graveyard."
6214|Some of those dead folks sang Polly Wolly Doodle when they were living, Susan." "Perhaps they like to hear it yet," suggested Gilbert."
6215|Miss Cornelia looked at him reproachfully, and made up her mind that on some future occasion she would hint to Anne that the doctor should be admonished not to say such things. They might injure his practice. People might get it into their heads that he wasn't orthodox.
6216|to be sure, Marshall said even worse things habitually. But then he was not a public man.
6217|I understand that their father was in his study all the time with his windows open, but never noticed them at all. Of course he was lost in a book as usual. But I spoke to him about it yesterday when he called.
6219|He said he would DISCUSS it with them. But of course he'd never think of it again after he got out of our gate."
622|How did you know?" cried Anne, too aghast at this instance of Miss Cornelia's uncanny prescience to make a polite denial.
6220|That man has no sense of humour, Anne, believe me. He preached last Sunday on how to bring up children—a beautiful sermon it was, too—and everybody in church thinking, what a pity you can't practise what you preach."
6221|Miss Cornelia did Mr. Meredith an injustice in thinking he would soon forget what she had told him.
6222|He went home much disturbed, and when the children came from Rainbow Valley that night, at a much later hour than they should have been prowling in it, he called them into his study.
6223|They went in somewhat awed. It was such an unusual thing for their father to do. What could he be going to say to them? They racked their memories for any recent transgression of sufficient importance, but could not recall any.
6225|Una suddenly thought that perhaps her father meant to tell them he was going to marry Miss West. Her heart began to beat violently and her legs trembled.
6226|And then she saw that Mr. Meredith looked very stern and sorrowful. No, it could not be that.
6227|children," said Mr. Meredith. I have heard something that has pained me very much."
6228|Is it true that you sat out in the graveyard all last Thursday evening and sang ribbled songs while a prayer meeting was being held in the Methodist church?
6229|great Caesar, Dad! We forgot all about it being their prayer-meeting night!" exclaimed Jerry in dismay.
623|I saw him sitting beside you when I came up the lane, and I know men's tricks," retorted Miss Cornelia.
6231|did you sing nothing but hymns? Why," said Jerry, turning red, we DID sing Polly Wolly Doodle at the last. Faith said, let's have something cheerful to wind up with. But we didn't mean any harm, Father. Truly we didn't.
6232|The concert was my idea, Father," said Faith, afraid that Mr. Meredith might blame Jerry too much.
6233|You know, the Methodists themselves had a sacred concert in their church three Sunday nights ago. I thought it would be good fun to get one up in imitation of it."
6234|only they had prayers at theirs and we left that part out because we heard that people thought it awful for us to pray in a graveyard."
6235|You were sitting in here all the time," she added, and never said a word to us.
6236|I did not notice what you were doing. That is no excuse for me, of course. I am more to blame than you, I realise that."
6237|But why did you sing that foolish song at the end?
6238|we didn't think," muttered Jerry, feeling that it was a very lame excuse, seeing that he had lectured Faith so strongly in the good conduct-club sessions for her lack of thought.
6239|We're sorry, father. Truly we are. Pitch into his heart. We deserve a regular calming down."
624|There, I finished my little dress, dearie, and the eighth baby can come as soon as it pleases.
6240|But Mr. Meredith did no combing down or pitching into. He sat down and gathered his small culprits close to him and talked a little to them tenderly and wisely.
6241|they were overcome with remorse and shame, and felt that they could never be so silly and thoughtless again.
6242|We've just got to punish ourselves good and hard for this," whispered Jerry as they crept upstairs.
6243|We'll have a session of the club first thing tomorrow and decide how we'll do it."
6244|I never saw father so cut up, but I wished to goodness the Methodists would stick to one night for their prayer meeting and not wander all over the week.
6245|anyhow. I'm glad it wasn't what I was afraid it was," murmured Una to herself.
6246|Behind them, in the study, Mr. Meredith had sat down at his desk and buried his face in his arms.
6247|God help me," he said. I'm a poor sort of father.
6248|Oh, Rosemary, if you would only care.
6249|End of chapter 27
625|End of chapter 8
6250|CHAPTER 28 A FAST DAY
6251|The Good Conduct Club had a special session the next morning before school.
6252|After various suggestions it was decided that a fast day would be an appropriate punishment.
6253|won't eat a single thing for a whole day," said Jerry. I'm kind of curious to see what fasting is like anyhow. This will be a good chance to find out."
6254|what day will we choose for it?" asked Una, who thought it would be quite an easy punishment, and rather wondered that Jerry and Faith had not devised something harder.
6255|let's pick Monday," said Faith. We mostly have a pretty filling dinner on Sundays and Monday's meals never amount to much anyhow.
6256|But that's just the point," exclaimed Jerry. "We mustn't take the easiest date of fast but the hardest. And that's Sunday, because, as you say, we mostly have roast beef that day instead of cold ditto."
6257|It wouldn't be much punishment to fast from ditto. Let's take next Sunday. It'll be a good day for father is going to exchange for the morning service with the upper low-bridge minister."
6258|father will be away till evening. If Aunt Martha wonders what's got into us, we'll tell her right up that we're fasting for the good of our souls, and it is in the Bible, and she is not to interfere—and I guess she won't."
6259|Aunt Martha did not. She merely said in her fretful, mumbling way, What foolishness are you young rips up to now? and thought no more about it.
626|CHAPTER IX. AN EVENING AT FORWIND'S POINT.
6260|Mr. Meredith had gone away early in the morning before anyone was up.
6261|He went without his breakfast, too, but that was, of course, of common occurrence.
6262|Half of the time he forgot it, and there was no one to remind him of it.
6263|breakfast, and Martha's breakfast, was not a hard meal to make.
6264|Even the hungry young rips did not feel at any great deprivation to abstain from the lumpy porridge and blue milk which had aroused the scorn of Mary Vance.
6265|But it was different at dinner-time. They were furiously hungry then, and the odour of roast beef which pervaded the manse, and which was wholly delightful in spite of the fact that the roast beef was badly underdone, was almost more than they could stand.
6266|In desperation they rushed to the graveyard where they couldn't smell it. But Una could not keep her eyes from the dining-room window through which the upper low-bridge minister could be seen placidly eating.
6267|If I could only just have a weeny-teeny piece," she sighed. "Now you stop that," commanded Jerry. Of course it's hard, but that's the punishment of it. I could eat a graven image this very minute, but am I complaining?"
6268|Let's think of something else. We've just got to rise above our stomachs.
6269|At supper-time they did not feel the pangs of hunger which they had suffered earlier in the day.
627|It was late September when Anne and Gilbert were able to pay Four Winds Light their promised visit. They had often planned to go, but something always occurred to prevent them.
6270|I suppose we're getting used to it," said Faith. I feel an awfully queer, all-gone sort of feeling, but I can't say I'm hungry.
6271|my head is funny," said Una. It goes round and round sometimes."
6272|But she went gamely to church with the others. If Mr. Meredith had not been so wholly wrapped up in and carried away with his subject, he might have noticed the pale little face and hollow eyes in the man's pubenis.
6273|but he noticed nothing, and his sermon was something longer than usual.
6274|Then, just before he gave out the final hymn, Una Meredith tumbled off the seat of the man's pew and lay in a dead faint on the floor.
6276|Oh, Mrs. Clow! Gasped Faith, is Una dead? Have we killed her?" "What is the matter with my child?" demanded the pale father."
6277|She has just fainted, I think," said Mrs. Clow. Oh, here's the doctor, thank goodness!
628|Captain Jim had dropped in several times at the little house.
6280|Yes, but we have to be punished, explained Faith. It's our rule, in our good conduct club, you know. If we do anything wrong or anything that is likely to hurt Father and the congregation we have to punish ourselves. We are bringing ourselves up, you know, because there is nobody to do it."
6281|Mr. Meredith groaned, but the doctor got up from Una's side with an air of relief.
6283|I sang Polly Wolly just the same as the rest of you," said Una's weak little voice, so I had to be punished too.
6284|But Mrs. Clow came with a glass of milk. Faith and Jerry and Carl sneaked off to the pantry and John Meredith went to his study, where he sat in the darkness for a long time, alone with his bitter thoughts.
6285|So his children were bringing themselves up, because there was nobody to do it, struggling along amid their little perplexities without a hand to guide or a voice to counsel.
6286|Faith's innocently uttered phrase wrangled in her father's mind like a barbed shaft.
6287|there was nobody to look after them, to comfort their little souls and care for their little bodies.
6288|How frail Una had looked, lying there on the vestry sofa in that long faint. How thin were her tiny hands! How pallid her little face! She looked as if she might slip away from him in a breath.
6289|sweet little Una, of whom Cecilia had begged him to take such special care.
629|I don't stand on ceremony, Mistress Blythe," he told Anne. It's a real pleasure to me to come here, and I'm not going to deny myself just because you haven't got down to see me.
6290|Since his wife's death he had not felt such an agony of dread as when he had hung over his little girl in her unconsciousness.
6291|He must do something. But what? Should he ask Elizabeth Kirk to marry him?"
6292|she was a good woman, she would be kind to his children.
6293|He might bring himself to do it if it were not for his love for Rosemary West.
6294|But until he had crushed that out he could not seek another woman in marriage. And he could not crush it out. He had tried, and he could not
6295|Rosemary had been in church that evening, for the first time since her return from Kingsport.
6296|He had caught a glimpse of her face in the back of the crowded church just as he had finished his sermon. His heart had given a fierce throb.
6297|He sat while the choir sang the collection piece, with his head bent and tingling pulses. He had not seen her since the evening upon which he had asked her to marry him.
6298|When he had risen to give out the hymn, his hands were trembling, and his pale face was flushed.
6299|Then Una's fainting spell had banished everything from his mind for a time.
630|There oughtn't to be no bargaining like that among the race that knows Joseph. I'll come when I can, and you come when you can, and so long as we have our pleasant little chat it don't matter a mite what roofs over us.
6300|Now, in the darkness and solitude of the study, it rushed back.
6301|Rosemary was the only woman in the world for him. It was of no use for him to think of marrying any other. He could not commit such a sacrilege even for his children's sake.
6302|He must take up his burden alone. He must try to be a better, a more watchful father.
6303|He must tell his children not to be afraid to come to him with all their little problems.
6304|Then he lighted his lamp and took up a bulky new book, which was setting the theological world by the ears.
6305|He would read just one chapter to compose his mind.
6306|Five minutes later he was lost to the world and the troubles of the world.
6307|End of chapter 28
6308|Chapter 29 of Rainbow Valley by Lucy Maude Montgomery.
6309|This LibriVox recording is in the public domain. Recording by Karen Sabin.
631|Captain Jim took a great fancy to Gog and Magog, who were presiding over the destinies of the hearth and the little house, with as much dignity and aplomb as they had done at Patty's place.
6310|Chapter 29, a weird tale.
6311|On an early June evening Rainbow Valley was an entirely delightful place, and the children felt it to be so, as they sat in the open glade where the bells rang elfishly on the tree-lovers and the white lady shook her green tresses.
6312|The wind was laughing and whistling about them like a lail glad-hearted comrade.
6313|The young ferns were spicy in the hollow. The wild cherry trees scattered over the valley among the dark firs were mystily white.
6314|The robins were whistling over in the maples behind Ingleside.
6315|Beyond, on the slopes of the glen, were blossoming orchards, sweet and mystic and wonderful, veiled in dust.
6316|It was spring, and young things must be glad in spring.
6317|Everybody was glad in Rainbow Valley that evening, until Mary Vance froze their blood with the story of Henry Warren's ghost.
6318|Jem was not there. Jem spent his evenings now studying for his entrance examination in the Ingleside garret.
6319|Jerry was down near the pond, trouting. Walter had been reading Longfellow's sea poems to the others, and they were steeped in the beauty and mystery of the ship.
632|Aren't they the cutest little cusses? he would say delightedly, and he bade them greeting and farewell, as gravely and invariably as he did his host and hostess.
6320|And then they talked of what they would do when they were grown up, where they would travel, the far, fair shores they would see.
6321|Nan and Di meant to go to Europe. Walter longed for the Nile, moaning past its Egyptian sands and a glimpse of the Sphinx.
6322|Faith opined rather dismally that she supposed she would have to be a missionary—old Mrs. Taylor told her she ought to be—and then she would at least see India or China, those mysterious lands of the Orient.
6323|Carl's heart was set on African jungles. Una said nothing.
6324|She thought she would just like to stay at home. It was prettier here than anywhere else. It would be dreadful when they were all grown up and had to scatter over the world."
6325|The very idea made Una feel lonesome and homesick.
6326|but the others dreamed on delightedly, until Mary Vance arrived and vanished poise in dreams at one fell swoop.
6327|lost, but I'm out of puff," she exclaimed. I've run down that hill like sixty. I got an awful scare up there at the old Bailey place."
6328|frightened you?" asked I. I don't know. I was poking about under them lilacs in the old garden, trying to see if there was any lilies of the valley out yet.
6329|It was dark as a pocket there, and all at once I seen something stirring and rustling around at the other side of the garden in those cherry bushes. It was white. I tell you I didn't stop for a second look. I flew over the dike quicker than quick. I was sure it was Henry Warren's ghost.
633|Captain Jim was not going to offend household deities by any lack of reverence and ceremony.
6330|Who is Henry Warren?" asked Di. And why should he have a ghost? asked Nan.
6331|Laws, did you never hear the story? And you brought up in the Glag?
6332|Well, wait a minute till I get my breath all back and I'll tell you.
6333|Walter shivered delightsomely. He loved ghost stories. Their mystery, their dramatic climaxes, their eeriness gave him a fearful, exquisite pleasure.
6334|Longfellow instantly grew tame and commonplace. He threw the book aside and stretched himself out, propped upon his elbows to listen wholeheartedly, fixing his great luminous eyes on Mary's face.
6335|Mary wished he wouldn't look at her so. She felt that she could make a better job of the ghost story if Walter were not looking at her. She could put on several frills and invent a few artistic details to enhance the horror.
6336|As it was, she had to stick to the bare truth—or what had been told to her for the truth.
6337|Well," she began, "you know old Tom Bailey and his wife used to live in that house up there thirty years ago. He was an awful old rip, they say, and his wife wasn't much better."
6338|They had no children of their own, but a sister of old Tom's died and left a little boy, this Henry Warren, and they took him.
6339|He was about twelve when he came to them, and kind of undersized and delicate.
634|You've made this little house just about perfect," he told Anne. It never was so nice before.
6340|They say Tom and his wife used him awful from the start, whipped him and starved him.
6341|Folks said they wanted him to die so as they could get the little bit of money his mother left for him.
6342|Henry didn't die right off, but he begun having fits—epilepts, they called him—and he grew up kind of simple, till he was about eighteen.
6343|His uncle used to thrash him in that garden up there, because it was back of the house where no one could see him. But folks could hear, and they say it was awful sometimes hearing poor Henry plead with his uncle not to kill him.
6344|nobody dared interfere, because old Tom was such a reprobate he'd have been sure to get square with him some way. He burned the barns of a man at Harbour Head who offended him.
6345|At last, Henry died, and his uncle and aunt gave out he died in one of his fits, and that was all anybody ever knowed. But everybody said Tom had just up and killed him for keeps at last.
6346|And it wasn't long till it got around that Henry walked.
6347|that old garden was haunted. He was heard there at nights moaning and crying.
6348|Old Tom and his wife got out, went out west and never came back.
6349|The place got such a bad name, nobody'd buy or rent it.
635|Mistress Selwyn had your taste and she did wonders, but folks in those days didn't have the pretty little curtains and pictures and knickknacks you have.
6350|that's why it's all gone to ruin. That was thirty years ago, but Henry Warren's ghost haunts it yet."
6351|you believe that?" asked Nan scornfully. I don't.
6352|"Well, good people have seen him and heard him," retorted Mary. "They say he appears and grovels on the ground and holds you by the legs and gibbers and moans like he did when he was alive."
6353|I thought of that as soon as I seen that white thing in the bushes, and thought if it caught me like that and moaned I'd drop down dead on the spot. So I cut and run.
6354|It mightn't have been his ghost, but I wasn't going to take any chances with Han.
6355|It was likely old Mrs. Stimson's white calf, laugh-die. It pastures in that garden, I've seen it."
6356|Maybe so, but I'm not gonna go home through the Bailey Garden anymore.
6357|Here's Jerry with a big string of trout, and it's my turn to cook them. Jem and Jerry both say I'm the best cook in the Glen, and Cornelia told me I could bring up this batch of cookies. I all but dropped them when I saw Henry's ghost."
6358|Jerry hooted when he heard the ghost story, which Mary repeated as she fried the fish, touching it up a trifle or so since Walter had gone to help Faith to set the table.
6359|It made no impression on Jerry, but Faith and Una and Carl had been secretly much frighter.
636|As for Elizabeth, she lived in the past. You've kind of brought the future into it, so to speak.
6360|though they would never have given into it. It was all right as long as the others were with them in the valley, but when the feast was over and the shadows fell they quaked with remembrance.
6361|Jerry went up to Ingleside with the Blythes to see Jem about something and Mary Vance went around that way home. So Faith and Una and Carl had to go back to the manse alone.
6362|They walked very close together and gave the old Bailey garden a wide berth.
6363|They did not believe that it was haunted, of course, but they would not go near it for all that.
6364|End of chapter 29
6365|Chapter 3 of Rainbow Valley by Lucy Maude Montgomery.
6366|This LibriVox recording is in the public domain.
6367|CHAPTER 3 THE INGLE SIDE CHOICE
6368|In daytime the Blythe children liked very well to play in the rich, soft greens and glooms of the big maple grove between Ingleside and Glen St. Mary Pond.
6369|But for evening revels there was no place like the little valley behind the maple grove.
637|I'd be real happy even if we couldn't talk at all when I come here. Just to sit and look at you and your pictures and your flowers would be enough of a treat. It's beautiful. Beautiful.
6371|us call it Rainbow Valley," said Walter, delightedly. And Rainbow Valley thenceforth it was.
6372|Outside of Rainbow Valley, the wind might be rollicking and boisterous. Here it always went gentle.
6373|Little winding fairy paths ran here and there over spruce roots cushioned with moss.
6374|wild cherry-trees that in blossom time would be misty white were scattered all over the valley, mingling with the dark spruces.
6375|A little brook with amber waters ran through it from the Glen village.
6376|The houses of the village were comfortably far away. Only at the upper end of the valley was a little tumbled-down deserted cottage, referred to as the old Bailey house.
6377|It had not been occupied for many years, but a grass-grown dike surrounded it, and inside was an ancient garden where the Ingleside children could find violets and daisies and June lilies still blooming in season.
6378|For the rest, the garden was overgrown with carroway that swayed and foamed in the moonshine of summer eaves like seas of silver.
6379|To the south lay the pond, and beyond it the ripened distance lost itself in purple woods, save where on a high hill a solitary old grey homestead looked down on Glen and Harbour.
638|Captain Jim was a passionate worshiper of beauty. Every lovely thing heard or seen gave him a deep, subtle inner joy that irradiated his life.
6380|There was a certain wild woodsiness and solitude about Rainbow Valley, in spite of its nearness to the village, which endeared it to the children of Ingleside.
6381|The valley was full of dear, friendly hollows, and the largest of these was their favorite stamping ground.
6382|Here they were assembled on this particular evening.
6383|There was a grove of young spruces in this hollow, with a tiny grassy glade in its heart, opening on the bank of the brook.
6384|By the brook grew a silver birch tree, a young, incredibly straight thing, which Walter had named the white lake.
6385|In this glade, too, were the tree-lovers, as Walter called a spruce and maple, which grew so closely together that their boughs were inextricably intertwined.
6386|Jem had hung an old string of sleigh bells, given him by the glen blacksmith, on the tree log.
6387|and every visitant breeze called out sudden fairy tingles from
6388|How nice it is to be back," said Nan.
6389|After all, none of the Avonlea places are quite as nice as Rainbow Valley.
639|He was quite keenly aware of his own lack of outward comeliness, and lamented it.
6390|But they were very fond of the Avonlea places for all that.
6391|A visit to Green Gables was always considered a great treat.
6392|Aunt Marilla was very good to them, and so was Mrs. Rachel Lynde, who was spending the leisure of her old age in knitting cotton-warp quilts, against the day when Anne's daughter should need a setting out.
6393|There were jolly playmates there, too—Uncle Davey's children and Aunt Diana's children.
6394|They knew all the spots their mother had loved so well in her girlhood, at old Green Gables—the long lover's lane that was pink-hedged in wild rose-time.
6395|The always neat yard, with its willows and poplars. The dryad's bubble, lucent and lovely as of yore. The lake of shining waters and willow meadows.
6396|The twins had their mother's old porch gable room and Aunt Marilla used to come in at night when she thought they were asleep to gloat over them.
6397|But they all knew she loved Jem the best.
6398|Jem was at present busily occupied in frying a mess of small trout which he had just caught in the pond.
6399|His stove consisted of a circle of red stones with a fire kindled in it, and his culinary utensils were an old tin can, hammered out flat, and a fork with only one tin lug.
640|Folks say I'm good," he remarked whimsically upon one occasion.
6400|Nevertheless, ripping good meals had before now been thus prepared.
6401|Jem was the child of the House of Dreams. All the others had been born at Ingleside.
6402|He had curly red hair like his mother's and Frank Hazel eyes like his father's.
6403|He had his mother's fine nose and his father's steady, humorous mouth.
6404|and he was the only one of the family who had ears nice enough to please Susan.
6405|But he had a standing feud with Susan because she would not give up calling him Little Jack.
6406|was outrageous," thought thirteen-year-old Jem. Mother had more sense.
6407|I'm not little any more, mother," he had cried indignantly on his eighth birthday. I'm awful big.
6408|Mother had sighed and laughed and sighed again.
6409|and she never called him Little Jem again. In his hearing at least.
641|But I sometimes wished the Lord had made me only half as good, and put the rest of it into looks.
6410|He was and always had been a sturdy, reliable little chap. He never broke a promise. He was not a great talker. His teachers did not think him brilliant. But he was a good, all-around student. He never took things on face.
6411|He always liked to investigate the truth of a statement for himself.
6412|Once Susan had told him that if he touched his tongue to a frosty latch, all the skin would tear off it.
6413|Jem had promptly done it, just to see if it was so.
6414|He found it was so, at the cost of a very sore tongue for several days.
6415|But Jem did not grudge suffering in the interests of science.
6416|By constant experiment and observation he learned a great deal, and his brothers and sisters thought his extensive knowledge of their little world quite wonderful.
6417|Jem always knew where the first and ripest berries grew, where the first pale violets shyly awakened from their winter's sleep, and how many blue eggs were in a given robin's nest in the maple grove.
6418|He could tell fortunes from daisy petals, and suck honey from red clovers, and grub up all sorts of edible roots on the banks of the pond.
6419|while Susan went in daily fear that they would all be poisoned.
642|But there, I reckon he knew what he was about as a good captain should.
6420|He knew where the finest spruce-gum was to be found, in pale amber knots on the lichen barn.
6421|He knew where the nuts grew thickest in the beach woods around the harbour head, and where the best trouting places up the brooks were.
6422|He could mimic the call of any wild bird or beast in four winds, and he knew the haunt of every wild flower from spring to autumn.
6423|Walter Blythe was sitting under the white lady with a volume of poems lying beside him, but he was not reading.
6424|He was gazing now at the emerald-misted willows by the pond, and now at a flock of clouds, like little silver sheep herded by the wind, that were drifting over Rainbow Valley, with rapture in his wide, splendid eyes.
6425|Walter's eyes were very wonderful. All the joy and sorrow and laughter and loyalty and aspiration of many generations lying under the sod looked out of their dark grey depths.
6426|Walter was a hop out of kin, as far as looks went. He did not resemble any known relative. He was quite the handsomest of the Ingleside children, with straight black hair and finely modelled features.
6427|But he had all his mother's vivid imagination and passionate love of beauty.
6428|Frost of winter, invitation of spring, dream of summer, and glamour of autumn, all meant much to Walter.
6429|In school, where Jem was a chieftain, Walter was not thought highly of.
643|Some of us have to be homely, or the purdy ones, like Mistress Blythe here, wouldn't show up so well.
6430|He was supposed to be girly and milk-soppish because he never fought and seldom joined in the school sports, preferring to herd by himself in out-of-the-way corners and read books—especially poetry books.
6431|Walter loved the poets and pored over their pages from the time he could first read.
6432|Their music was woven into his growing soul, the music of the immortal soul.
6433|Walter cherished the ambition to be a poet himself someday.
6434|The thing could be done. A certain Uncle Paul, so cold out of courtesy, who lived now in that mysterious realm called the States, was Walter's
6435|Uncle Paul had once been a little schoolboy in Avonlea, and now his poetry was read every
6436|But the Glen schoolboys did not know of Walter's dreams, and would not have been greatly impressed if they had.
6437|In spite of his lack of physical prowess, however, he commanded a certain unwilling respect, because of his power of talking book-talk.
6438|Nobody in Glen St. Mary's School could talk like him.
6439|He sounded like a preacher, one boy said, and for this reason he was generally left alone and not persecuted, as most boys were, who were suspected of disliking or fearing fisticuffs.
644|One evening, Anne and Gilbert finally walked down to the Four Winds Light.
6440|The ten-year-old Ingleside twins violated twin tradition by not looking in the least alike.
6441|Anne, who was always called Nan, was very pretty, with velvety nut-brown eyes and silky nut-brown hair.
6442|She was a very blithe and dainty little maiden—blithe by name and blithe by nature, one of her teachers had said.
6443|Her complexion was quite faultless, much to her mother's satisfaction.
6444|I'm so glad to have one daughter who can wear pink, Mrs. Blythe was wont to say jubilantly
6445|Diana Blythe, known as Di, was very like her mother, with grey-green eyes that always shone with the peculiar lustre and brilliancy in the dusk, and red hair.
6446|Perhaps this was why she was her father's favorite.
6447|She and Walter were especial chums. Di was the only one to whom he would ever read the verses he wrote himself.
6448|the only one who knew that he was secretly hard at work on an
6449|strikingly resembling Marmion in some things, if not in others. She kept all his secrets, even from Nan, and told him all hers.
645|The day had begun somberly in gray cloud and mist, but it had ended in a pomp of scarlet and gold.
6450|you soon have those fish ready, Jim?" said Nan, sniffing with her dainty nose. The smell makes me awfully hungry.
6451|nearly ready," said Jem, giving one a dexterous turn.
6452|Get out the bread and the plates, girls. Walter, wake up.
6453|How the air shines to-night," said Walter dreamily. Not that he despised fried trout either, by any means. But with Walter food for the soul always took first place.
6454|The Flower Angel has been walking over the world today, calling to the flowers. I can see his blue wings on that hill by the woods.
6455|Any angel's wings I ever saw were white," said Nan.
6456|The flower angels aren't—they're a pale, misty blue, just like the haze in the valley.
6457|Oh, how I wish I could fly! It must be glorious!
6458|One does fly in dreams sometimes," said Di.
6459|I never dreamed that I'm flying exactly," said Walter.
646|Over the western hills beyond the harbor were amber deeps and crystalline shadows with the fire of sunset below.
6460|But I often dream that I just rise up from the ground and float over the fences and the trees. It's delightful. And I always think, this isn't a dream, like it's always been before—this is real."
6461|And then I wake up, after all, and it's heart-breaking.
6462|Hurry up, Nan," ordered Jem. Nan had produced the banquet board.
6463|aboard literally as well as figuratively, from which many a feast, seasoned as no viands were elsewhere, had been eaten in Rainbow Valley.
6464|It was converted into a table by propping it on two large mossy stones.
6465|Newspapers served as tablecloth, and broken plates and handleless cups from Susan's discard furnished the dishes.
6466|From a tin box secreted at the root of a spruce tree, Nam brought forth bread and salt.
6467|The brook gave Adam's ale of unsurpassed crystal. For the rest there was a certain sauce, compounded of fresh air and appetite of youth, which gave to everything a divine flavour.
6468|To sit in Rainbow Valley, steeped in a twilight half gold, half amethyst, rife with the odours of balsam fir and woodsy growing things in their springtime prime.
6469|with the pale stars of wild strawberry blossoms all around you, and with the sow of the wind and tinkle of bells in the shaking tree-tops, and eat fried trout and dry bread, was something which the mighty of earth might have envied them.
647|The north was a mackerel sky of little fiery golden clouds.
6470|Sit in!" invited Nan, as Jem placed his sizzling tin platter of trout on the table. It's your turn to say grace, Jem.
6471|I've done my part frying the trout," protested Jem, who hated saying grace. Let Walter say it, he likes saying grace. And cut it short too, Walt. I'm starving.
6472|But Walter said no, Grace, short or long, just then. An interruption occurred.
6473|Who's coming down from the man's hill?" said Di.
6474|End of chapter 3
6475|CHAPTER XXX. THE GHOST ON THE DIAMOND.
6476|Somehow, Faith and Carl and Una could not shake off the hold which the story of Henry Warren's ghost had taken upon their imagination.
6477|They had never believed in ghosts. Ghost tales they had heard aplenty. Mary Vance had told some far more blood-curdling than this. But those tales were all of places and people and spooks far away and unknown.
6478|After the first half-awful, half-pleasant thrill of awe and terror, they thought of them no more.
648|The red light flamed on the white sails of a vessel gliding down the channel, bound to a southern port in a land of palms.
6480|but never again. After the night when Mary Vance told them its gruesome tale they would not have gone through or near it on pain of death.
6481|Death! What was death compared to the unearthly possibility of falling into the clutches of Henry Warren's groveling ghost?
6482|One warm July evening the three of them were sitting under the tree-lovers, feeling a little lonely.
6484|Nan had asked Faith to go with them, but Faith had declined. She would never have admitted it, but she felt a little secret jealousy of Pursus Ford concerning whose wonderful beauty and city glamour she had heard a great deal.
6485|No, she wasn't going to go down there and play second fiddle to anybody."
6486|She and Una took their story books to Rainbow Valley and read, while Carl investigated bugs along the banks of the brook. And all three were happy, until they suddenly realized that it was twilight and that the old Bailey garden was uncomfortably nearby.
6487|Carl came and sat down close to the girls. They all wished they had gone home a little sooner, but nobody said anything.
6488|Great velvety purple clouds heaped up in the west and spread over the valley. There was no wind and everything was suddenly strangely, dreadfully still.
6489|The marsh was full of thousands of fireflies. Surely some fairy parliament was being convened that night.
649|Beyond her, it smote upon and incarnadined the shining, white, grassless faces of the sand dunes.
6490|Altogether, Rainbow Valley was not a canny place just then.
6491|Faith looked fearfully up the valley to the old Bailey garden.
6492|Then, if anybody's blood ever did freeze, Faith Meredith certainly froze at that moment.
6494|It's—it's—the calf!" whispered Una at last. It's—
6495|too big for the calf!" whispered Faith.
6496|Her mouth and lips were so dry she could hardly articulate the words. Suddenly Carl gasped.
6498|Down the hill and through the Glen Street they flew on the wings of their wild terror, Carl in the lead, Una bringing up the rear. Nobody tried to stop them, though everybody who saw them wondered what fresh devilment those manse youngsters were up to now.
650|To the right, it fell on the old house among the willows up the brook, and gave it for a fleeting space, casements more splendid than those of an old cathedral.
6500|Henry Warren's ghost!" answered Carl through his chattering teeth. Henry Warren's ghost! said amazed Rosemary, who had never heard the story.
6501|Yes!" sobbed Faith hysterically. It's there, on the Bailey Dyke. We saw it, and it started to chase us.
6502|Rosemary herded the three distracted creatures to the Ingleside veranda. Gilbert and Anne were both away, having also gone to the House of Dreams, but Susan appeared in the doorway, gaunt and practical and un-ghost-like.
6503|is all this rumpus about?" she inquired. Again the children gasped out their awful tale, while Rosemary held them close to her and soothed them with wordless comfort.
6504|likely it was an owl," said Susan, unstirred. An owl! The Meredith children never had any opinion of Susan's intelligence after that.
6506|They must have seen SOMETHING to frighten them so, she said.
6508|Susan departed for Rainbow Valley, valiantly grasping a pitchfork which she found leaning against the back fence where the doctor had been working in his little hayfield.
6509|A pitchfork might not be much use against haunts, but it was a comforting sort of weapon.
651|They glowed out of its quiet and grayness like the throbbing, blood-red thoughts of a vivid soul imprisoned in a dull husk of environment.
6510|There was nothing to be seen in Rainbow Valley when Susan reached it. No white visitants appeared to be lurking in the shadowy, tangled old Bailey garden.
6511|Susan marched boldly through it and beyond it and wrapped with her pitchfork on the door of the little cottage on the other side, where Mrs. Stimson lived with her two daughters.
6512|Back at Ingleside, Rosemary had succeeded in calming the children. They still sobbed a little from shock, but they were beginning to feel a lurking and salutary suspicion that they had made dreadful geese of themselves.
6513|This suspicion became a certainty when Susan finally returned.
6514|I have found out what your ghost was," she said with a grim smile, sitting down on a rocker and fanning herself.
6515|Old Mrs. Stimson has had a pair of factory cotton sheets bleaching in the Bailey garden for a week.
6516|She spread them on the dike under the tamarack tree because the grass was clean and short there. This evening she went out to take them in.
6517|She had her knitting in her hands, so she hung the sheets over her shoulders by way of carrying them. And then she must have dropped one of her needles, and find it she could not and has not yet.
6519|Then she staggered back home, and they have been applying stimulants to her ever since, and her heart is in a terrible condition, and she says she will not get over this fright all summer.
6520|The Meredith sat, crimson, with a shame that even Rosemary's understanding sympathy could not remove.
6521|They sneaked off home, met Jerry at the man's gate, and made remorseful confessions.
6522|A session of the Good Conduct Club was arranged for next morning.
6523|wasn't Miss West sweet to us to-night?" whispered Faith in bed.
6524|Yes," admitted Una. It is such a pity it changes people so much to be made step-mothers."
6525|I don't believe it does," said Faith loyally.
6526|End of chapter 30
6527|Chapter 31
6529|If you knew how awful the whole thing was," said Faith with a shiver, you would think we'd been punished enough already. I wouldn't go through it again for anything in the whole world.
653|Evidently they don't belong to the race that knows Joseph," laughed Gilbert. Have you ever found out who that girl was whom you thought so beautiful?
6530|I believe you'd have run yourself if you'd been there," muttered Carl. "From an old woman in a cotton sheet," mocked Jerry. Ho, ho, ho!"
6531|didn't look a bit like an old woman," cried Faith. It was just a great big white thing crawling about in the grass, just as Mary Vance said Henry Warren did.
6532|It's all very fine for you to laugh, Jerry Meredith, but you'd have laughed on the other side of your mouth if you'd been there."
6533|And how are we to be punished? I don't think it's fair, but let's know what we have to do, Judge Meredith.
6534|The way I look at it," said Jerry, frowning, is that Carl was the most to blame. He bolted first as I understand it. Besides, he was a boy, so he should have stood his ground to protect you girls, whatever the danger was. You know that, Carl, don't you?"
6535|I suppose so," growled Carl, shame-facedly.
6536|Very well. This is to be your punishment. Tonight you'll sit on Mr. Hezekiah Pollock's tombstone in the graveyard alone until twelve o'clock.
6537|Carl gave a little shudder. The graveyard was not so very far from the old Bailey garden.
6538|It would be a trying ordeal, but Carl was anxious to wipe out his disgrace and prove that he was not a coward after all.
6539|All right," he said sturdily. But how'll I know when it's twelve?
654|No. Somehow I have never remembered to ask about her. But I've never seen her anywhere, so I suppose she must have been a stranger.
6540|The steady windows are open and you'll hear the clock striking. And mind that you are not to budge out of that graveyard until the last stroke."
6541|As for you girls, you've got to go without Jam at supper for a week."
6542|Faith and Una looked rather blank. They were inclined to think that even Carl's comparatively short though sharp agony was lighter punishment than this long-drawn-out ordeal. A whole week of soggy bread without the saving grace of jam?
6543|But no shirking was permitted in the club. The girls accepted their lot with such philosophy as they could summon up.
6544|And that night they all went to bed at nine, except Carl, who was already keeping vigil on the tombstone.
6545|Una slipped in to bid him good night. Her tender heart was wrung with sympathy. "Oh, Carl, are you much scared?" she whispered.
6547|But in spite of his dauntless words, Carl was a pretty lonely boy when the lights went out in the manor.
6548|He had hoped his father would be in the study, as he so often was.
6549|He would not feel alone then. But that night Mr. Meredith had been summoned to the fishing village at the harbour mouth to see a dying man. He would not likely be back until after midnight. Carl must rea his weird alone.
655|Oh, the sun has just vanished, and there's the light.
6550|A Glenman went past carrying a lantern. The mysterious shadows caused by the lantern light went hurtling madly over the graveyard like a dance of demons or witches.
6551|Then they passed and darkness fell again.
6552|One by one the lights in the glen went out. It was a very dark night with a cloudy sky and a raw east wind that was cold in spite of the calendar.
6553|Far away on the horizon was the low, dim luster of the Charlottetown lights.
6554|The wind wailed and sighed in the old fir-trees.
6555|Mr. Alec Davis's tall monument gleamed white through the gloom.
6556|The willow beside it tossed long writhing arms spectrally. At times the gyrations of its boughs made it seem as if the monument were moving too.
6557|Carl curled himself up on the tombstone with his legs tucked under him. It wasn't precisely pleasant to hang them over the edge of the stone. Just suppose—
6558|Just suppose bony hands should reach up out of Mr. Pollock's grave under it and clutch him by the ankles.
6559|That had been one of Mary Vance's cheerful speculations one time when they had all been sitting there. It returned to haunt Carl now.
6560|He didn't believe those things. He didn't even really believe in Henry Warren's ghost.
6561|As for Mr. Pollock, he had been dead sixty years, so it wasn't likely he cared who sat on his tombstone now.
6562|But there is something very strange and terrible in being awake when all the rest of the world is asleep.
6563|You are alone, then, with nothing but your own feeble personality to pit against the mighty principalities and powers of darkness.
6564|Carl was only ten, and the dead were all around him, and he wished—oh, he wished—that the clock would strike twelve. Would it never strike twelve? Surely Aunt Martha must have forgotten to wind it."
6565|And then it struck eleven. Only eleven! He must stay yet another hour in that grim place. If only there were a few friendly stars to be seen!
6566|The darkness was so thick it seemed to press against his face.
6567|There was a sound as of stealthy passing footsteps all over the graveyard.
6568|Carl shivered, partly with prickling terror, partly with real cold.
6569|Then it began to rain, a chill, penetrating drizzle.
657|As they turned into the little lane that led across the fields to the point, they met a man coming out of it, a man of such extraordinary appearance that for a moment they both frankly stared.
6570|Carl's thin little cotton blouson shirt were soon wet through. He felt chilled to the bone.
6571|He forgot mental terrors in his physical discomfort. But he must stay there till twelve. He was punishing himself and he was on his honour. Nothing had been said about rain, but it did not make any difference.
6572|When the clock finally struck twelve, a drenched little figure crept stiffly down off Mr. Pollock's tombstone, made its way into the manse and upstairs to bed.
6573|Carl's teeth were chattering. He thought he would never get warm again.
6574|He was warm enough when morning came. Jerry gave one startled look at his crimson face and then rushed to call his father.
6575|Mr. Meredith came hurriedly, his own face ivory-white from the pallor of his long night vigil by a death-bed.
6576|He had not got home until daylight. He bent over his little lad anxiously.
6577|Carl, are you sick?" he said.
6578|tombstone over there," said Carl. It's moving about. It's coming at me. Keep it away, please.
658|He was a decidedly fine-looking person, tall, broad-shouldered, well-featured, with a Roman nose and frank grey eyes. He was dressed in a prosperous farmer's Sunday best. In so far, he might have been any inhabitant of Four Winds or the Glens.
6580|Gilbert shook his head more than once in the fortnight that followed.
6581|Carl developed double pneumonia. There was one night when Mr. Meredith paced his study floor, and Faith and Una huddled in their bedroom and cried, and Jerry, wild with remorse, refused to budge from the floor of the hall outside Carl's door.
6582|Dr. Blythe and the nurse never left the bedside. They fought death gallantly until the red dawn and they won the victory. Carl rallied and passed the crisis in safety.
6583|The news was phoned about the waiting Glen, and people found out how much they really loved their minister and his children.
6584|I haven't had one decent night's sleep since I heard the child was sick," Miss Cornelia told Anne, and Mary Vance has cried till those queer eyes of hers looked like burnt holes in a blanket.
6585|Is it true that Carl got pneumonia from staying out in the graveyard that wet night for a dare?
6586|No, he was staying out there to punish himself for cowardice in that affair of the warring ghosts.
6587|It seems they have a club for bringing themselves up, and they punish themselves when they do wrong. Jerry told Mr. Meredith all about it.
6588|the poor little souls," said Miss Cornelia.
6589|Carl got better rapidly, for the congregation took enough nourishing things to the manse to furnish forth the hospital.
659|But flowing over his breast, nearly to his knees, was a river of crinkly brown beard, and a down his back, beneath his commonplace felt hat, was a corresponding cascade of thick wavy brown hair.
6590|Norman Douglas drove up every evening with a dozen fresh eggs and a jar of Jersey cream.
6591|Sometimes he stayed an hour and bellowed arguments on predestination with Mr. Meredith in the study.
6592|offner, he drove on up to the hill that overlooked the glen.
6594|End of chapter 31
6595|Chapter 32 of Rainbow Valley by Lucy Maude McGarrett.
6596|This LibriVox recording is in the public domain. Recording by Karen Sattler.
6597|Chapter 32 Two stubborn people.
6598|Rosemary West, on her way home from a music lesson at Ingleside, turned aside to the hidden spring in Rainbow Valley.
6599|She had not been there all summer. The beautiful little spot had no longer any allurement for her. The spirit of her young lover never came to the tryst now, and the memories connected with John Meredith were too painful and poignant.
660|Anne murmured Gilbert when they were out of earshot.
6600|But she had happened to glance backward up the valley and had seen Norman Douglas vaulting as airily as a stripling over the old stone dike in the Bailey garden and thought he was on his way up the hill. If he overtook her she would have to walk home with him and she was not going to do that.
6601|So she slipped at once behind the maples of the spring, hoping he had not seen her and would pass on.
6602|But Norman had seen her, and what was more, was in pursuit of her.
6603|He had been wanting for some time to have a talk with Rosemary. But she had always, so it seemed, avoided
6604|Rosemary had never, at any time, liked Norman Douglas very well. His bluster, his temper, his noisy hilarity had always antagonized
6605|Long ago she had often wondered how Ellen could possibly be attracted to him.
6606|Norman Douglas was perfectly aware of her dislike and he chuckled over it. It never worried Norman if people did not like him. It did not even make him dislike them in return, for he took it as a kind of extorted compliment.
6607|He thought Rosemary a fine girl, and he meant to be an excellent, generous brother-in-law to her.
6608|But before he could be her brother-in-law he had to have a talk with her. So having seen her leaving Ingleside as he stood in the doorway of a Glen's store he had straight away plunged into the valley to overtake
6609|Rosemary was sitting pensively on the maple seat where John Meredith had been sitting on that evening nearly a year ago.
661|You didn't put what Uncle Dave calls a little of the Scott act in that lemonade you gave me just before we left home, did you?
6610|The tiny spring shimmered and dimpled under its fringe of ferns. Ruby-red gleams of sunset fell through the arching boughs. A tall clump of perfect asters grew at her side.
6611|The little spot was as dreamy and witching and evasive as any retreat of fairies and dryads in ancient forests.
6612|Into it, Norman Douglas bounced, scattering and annihilating its charm in a moment.
6613|His personality seemed to swallow the place up. There was simply nothing there but Norman Douglas, big, red-bearded, complacent.
6614|Good evening," said Rosemary, coldly, standing up.
6615|Evening girl. Sit down again. Sit down again. I want to have a talk with you. Bless the girl. What's she looking at me like that for? I don't want to eat you. I've had my supper. Sit down and be civil.
6616|I can hear what you have to say quite as well here," said Rosemary. "So you can, girl, if you use your ears. I only wanted you to be comfortable. You look so darned uncomfortable, standing there. Well, I'll sit anyway."
6617|Norman accordingly sat down in the very place John Meredith had once sat. The contrast was so ludicrous that Rosemary was afraid she would go off into a peal of hysterical laughter over it.
6618|Norman cast his hat aside, placed his huge red hands on his knees, and looked up at her with eyes a-twinkle.
6619|Come, girl, don't be so stiff," he said ingratiatingly. When he liked he could be very ingratiating.
662|No, I didn't," said Anne, stifling her laughter lest the retreating enigma should hear her.
6620|Let's have a reasonable, sensible, friendly chat. There's something I want to ask you. Ellen says she won't, so it's up to me to do it.
6621|Rosemary looked down at the spring, which seemed to have shrunk to the size of a dew-drop. Norman gazed at her in despair.
6622|it all. You might help a fellow out a bit." He burst forth.
6623|What is it you want me to help you say?" asked Rosemary scornfully.
6624|You know as well as I do, girl. Don't be putting on your tragedy ears. No wonder Ellen was scared to ask you.
6625|Look here, girl. Ellen and I want to marry each other. That's plain English, isn't it? Got that? And Ellen says she can't, unless you give her back some tom-full promise she made. Come now, will you do it? Will you do it?"
6627|I know you hate me, but lord it'll be great fun living with someone that hates me. Life will have some spice in it after this. Ellen will roast me and you'll freeze me. I won't have a dull moment.
6628|Rosemary did not condescend to tell him that nothing would ever induce her to live in his house.
6629|She let him go striding back to the Glen, oozing delight and complacency, and she walked slowly up the hill home.
6630|She had known this was coming ever since she had returned from Kingsport and found Norman Douglas established as a frequent evening caller.
6631|His name was never mentioned between her and Ellen, but the very avoidance of it was significant.
6632|It was not in Rosemary's nature to feel bitter, or she would have felt very bitter. She was coldly civil to Norman, and she made no difference in any way with Ellen.
6633|But Ellen had not found much comfort in her second courtship.
6634|She was in the garden, attended by St. George, when Rosemary came home.
6635|The two sisters met in the Dahlia walk. St. George sat down on the gravel walk between them and folded his glossy black tail gracefully around his white paws with all the indifference of a well-fed, well-bred, well-groomed cat.
6636|Did you ever see such dahlias?" demanded Ellen proudly. They are just the finest we've ever had.
6637|Rosemary had never cared for Dahlia's. Their presence in the garden was her concession to Ellen's taste.
6638|She noticed one huge mottled one of crimson and yellow that lorded it over all the others.
6639|That Dahlia," she said, pointing to it, is exactly like Norman Douglas. It might easily be his twin brother.
664|Uncle Dave is a little prejudiced, I think. You know all the over harbor people who come to the Glen Church seem very nice.
6640|Ellen's dark-browed face flushed. She admired the Dahlia in question, but she knew Rosemary did not, and that no compliment was intended.
6641|But she dared not resent Rosemary's speech. Poor Ellen dared not resent anything just then. And it was the first time Rosemary had ever mentioned Norman's name to her. She felt that this portended something.
6642|I met Norman Douglas in the valley," said Rosemary, looking straight at her sister. And he told me you and he wanted to be married, if I would give you permission.
6643|Yes. What did you say?" asked Ellen, trying to speak naturally and offhandedly and failing completely. She could not meet Rosemary's eyes. She looked down at St. George's sleek back and felt horribly afraid.
6644|Rosemary had either said she would or she wouldn't.
6645|If she would, Ellen would feel so ashamed and remorseful that she would be a very uncomfortable bride-elect, and if she wouldn't—
6646|Well, Ellen had once learned to live without Norman Douglas, but she had forgotten the lesson and felt that she could never learn it again.
6647|I said that as far as I was concerned you were at full liberty to marry each other as soon as you liked," said Rosemary.
6648|Thank you," said Ellen, still looking at St. George.
6649|Rosemary's face softened. "I hope you'll be happy, Ellen," she said gently."
665|Oh, Gilbert, isn't this beautiful? The Four Winds Light was built on a spur of red sandstone cliff jutting out into the gulf.
6650|Oh, Rosemary! Ellen looked up in distress. I'm so ashamed. I don't deserve it, after all I said to you. We won't speak about that," said Rosemary hurriedly and decidedly.
6652|No, no, but a little encouragement—he would come back. Never! He despises me, and rightly. No more of this, Ellen. I bear you no grudge. Marry whom you like, but no meddling in my affairs.
6653|Then you must come and live with me," said Ellen. I shall not leave you here alone."
6654|you really think that I would go and live in Norman Douglas's house?" "Why not?" cried Ellen half angrily despite her humiliation."
6655|Rosemary began to laugh. Ellen, I thought you had a sense of humor. Can you see me doing it?
6656|I don't see why you wouldn't. His house is big enough. You'd have your share of it to yourself. You wouldn't interfere."
6657|Ellen, the thing is not to be thought of. Don't bring this up again.
6659|I shall leave Norman to do the arguing," said Rosemary. I'll deal with Norman. I can manage him."
666|On one side, across the channel, stretched the silvery sandshore of the bar. On the other, extended a long, curving beach of red cliffs, rising steeply from the pebbled coves. It was a shore that knew the magic and mystery of storm and star.
6660|I would never have asked you to give me back my promise, never. But I had to tell Norman why I couldn't marry him, and he said he would ask you. I couldn't prevent him."
6661|You need not suppose you are the only person in the world who possesses self-respect.
6662|I never dreamed of marrying and leaving you here alone, and you'll find I can be as determined as yourself.
6663|Rosemary turned away and went into the house with a shrug of her shoulders. Ellen looked down at St. George, who had never blinked an eyelash or stirred a whisker during the whole interview.
6664|St. George, this world would be a dull place without the men, I'll admit. But I'm almost tempted to wish there wasn't one of a minute. Look at all the trouble and bother they've made right here, George, torn our happy old life completely up by the roots, St. George."
6665|John Meredith began it and Norman Douglas has finished it. And now both of them have to go into limbo. Norman is the only man I ever met who agrees with me that the Kaiser of Germany is the most dangerous creature alive on this earth."
6666|And I can't marry this sensible person, because my sister is stubborn, and I'm stubborner."
6667|Mark my words, St. George. The minister would come back if she raised her little finger. But she won't, George. She'll never do it. She won't even crooked."
6668|and I don't dare meddle, Saint. I won't sulk, George. Rosemary didn't sulk, so I'm determined I won't either, Saint."
6669|Norman will tear up the turf, but the long and short of it is, St. George, that all of us old fools must just stop thinking of marrying.
667|There is a great solitude about such a shore. The woods are never solitary. They're full of whispering, beckoning, friendly life.
6670|Well, well, despair is a free man, hope is a slave, saint. So now come into the house, Jort, and I'll solace you with a saucer full of cream."
6671|Then there will be one happy and contented creature on this hill at least.
6672|End of chapter 32
6673|Chapter 33 of Rainbow Valley by Lucy Maude Montgomery.
6674|CHAPTER XXXIII. CARL IS NOT WHILE.
6675|is something I think I ought to tell you," said Mary Vance mysteriously.
6676|She and Faith and Una were walking arm in arm through the village, having four gathered at Mr. Flag's store.
6677|Una and Faith exchanged looks which said, Now something disagreeable is coming.
6678|When Mary Vance thought she ought to tell them things there was seldom much pleasure in the hearing.
6679|They often wondered why they kept on liking Mary Vance, for like her they did in spite of everything.
668|But the sea is a mighty soul, forever moaning of some great, unshareable sorrow, which shuts it up into itself for all eternity. We can never pierce its infinite mystery. We may only wonder, awed and spellbound on the outer fringe of it.
6680|To be sure she was generally a stimulating and agreeable companion. If only she would not have those convictions that it was her duty to tell them things.
6681|Do you know that Rosemary West won't marry your pa because she thinks you are such a wild lot? She's afraid she couldn't bring you up right, and so she turned him down—
6682|Una's heart thrilled with secret exultation. She was very glad to hear that Miss West would not marry her father.
6684|Your pawn never goes up the hill now. Neither does Norman Douglas. Folks say Ellen has jilted him just to get square with him for jilting her ages ago."
6685|but Norman is going about declaring he'll get her yet. And I think you ought to know you've spoiled your pa's match, and I think it's a pity, for he's bound to marry somebody before long, and Rosemary West would have been the best wife I know of for him."
6687|Of course, I know that half the yarns that are told about you ain't true. But give a dog a bad name—
6688|Why, some folks are saying that it was Jerry and Carl that threw the stones through Mrs. Dimson's window the other night, when it was really them two Boyd boys.
6689|But I'm afraid it was Carl that put the eel in old Mrs. Carr's buggy, though I said at first I wouldn't believe it until I'd better proof than old Kitty Alec's word. I told Mrs. Elliott so right to her face."
669|The woods call to us with a hundred voices, but the sea has one only, a mighty voice that drowns our souls in its majestic music.
6690|did Carl do?" cried Faith. Well, they say—now, mind, I'm only telling you what people say, so there's no use in your blaming me for it—that Carl and a lot of other boys were fishing eels over the bridge one evening last week.
6691|Mrs. Carr drove past in that old rattle-trap buggy of hers with the open back, and Carl he just up and threw a big eel into the back.
6693|say, it was a rotten trick to play on the poor old soul. She's a decent body, if she is as queer as Dick's hat-band.
6694|Faith and Una looked at each other again. This was a matter for the Good Conduct Club.
6695|they would not talk it over with Mary. "There goes your pa," said Mary, as Mr. Meredith passed them, and never seeing us no more than if we weren't there."
6696|Well, I'm getting so as I don't mind it, but there are folks who do.
6697|Mr. Meredith had not seen them. But he was not walking along in his usual dreamy and abstracted fashion. He strode up the hill in agitation and distress.
6698|Mrs. Alec Davis had just told him the story of Carl and the Eel. She had been very indignant about it. Old Mrs. Carl was her third cousin.
6699|Mr. Meredith was more than indignant. He was hurt and shocked.
670|The woods are human, but the sea is of the company of the archangels.
6700|He had not thought Carl would do anything like this. He was not inclined to be hard on pranks of heedlessness or forgetfulness, but this was different. This had a nasty tang in it.
6701|When he reached home he found Carl on the lawn, patiently studying the habits and customs of a colony of wasps.
6702|Calling him into the study, Mr. Meredith confronted him with a sterner face than any of his children had ever seen before, and asked him if the story were true.
6703|Yes," said Carl, flushing, but meeting his father's eyes bravely.
6704|Mr. Meredith groaned. He had hoped that there had been at least exaggeration.
6706|It was not quite as bad as Mr. Meredith had feared, but it was quite bad enough.
6707|I must punish you, Carl," he said sorrowfully.
6708|Yes, I know, Father.
6709|I must whip you." Carl winced. He had never been whipped.
671|Anne and Gilbert found Captain Jim sitting on a bench outside the lighthouse, putting the finishing touches to a wonderful full-rigged toy schooner.
6710|Then, seeing how badly his father felt, he said cheerfully, "All right, father."
6711|Mr. Meredith misunderstood his cheerfulness and thought him insensible.
6712|He told Carl to come to the study after supper, and when the boy had gone out he flung himself into his chair and groaned again.
6713|He dreaded the evening sevenfold more than Carl did.
6714|The poor minister did not even know what he should whip his boy with.
6715|What was used to whip boys? Rods? Canes?
6716|No, that would be too brutal. A timber switch, then? And he, John Meredith, must tie him to the woods and cut one. It was an abominable thought."
6717|Then a picture presented itself unbidden to his mind.
6718|He saw Mrs. Carr's wizened, nutcracker little face at the appearance of that reviving eel. He saw her sailing witch-like over the buggy wheels. Before he could prevent himself the minister laughed.
6719|Then he was angry with himself, and angrier still with Carl. He would get that switch at once, and it must not be too limber after all.
672|He rose and welcomed them to his abode with the gentle unconscious courtesy that became him so well.
6720|Carl was talking the matter over in the graveyard with Faith and Una, who had just come home.
6721|They were horrified at the idea of his being whipped, and by father, who had never done such a thing.
6722|But they agreed soberly that it was just. "You know it was a dreadful thing to do," sighed Faith, "and you never owned up in the club."
6723|I forgot," said Carl. Besides, I didn't think any harm came of it. I didn't know she jarred her legs.
6724|But I'm to be whipped, and that will make things square.
6725|it hurt very much?" said Una, slipping her hand into Carl's
6726|Oh, not so much, I guess," said Carl, gamely. Anyhow, I'm not going to cry, no matter how much it hurts. It would make Father feel so bad if I did. He's all cut up now.
6727|I wish I could whip myself hard enough and save him doing
6728|After supper, at which Carl had eaten little and Mr. Meredith nothing at all, both went silently into the study. The switch lay on the table.
6729|Mr. Meredith had had a bad time getting a switch to suit him. He cut one, then felt it was too slender. Carl had done a really indefensible thing. Then he cut another—it was far too thick. After all, Carl had thought the eel was dead.
6730|The third one suited him better, but as he picked it up from the table it seemed very thick and heavy—more like a stick than a switch.
6731|at your hand," he said to Carl. Carl threw back his head and held out his hand unflinchingly.
6732|But he was not very old, and he could not quite keep a little fear out of his eyes. Mr. Meredith looked down into those eyes.
6733|Why, they were Cecilia's eyes—her very eyes! And in them was the self-same expression he had once seen in Cecilia's eyes when she had come to him to tell him something she had been a little afraid to tell him.
6734|Here were her eyes in Carl's little white face, and six weeks ago he had thought through one endless terrible night that his little lad was dying.
6735|John Meredith threw down the switch. Go, he said. I cannot whip you.
6736|Carl fled to the graveyard, feeling that the look on his father's face was worse than any whipping.
6737|over so soon?" asked Faith. She and Una had been holding hands and setting teeth on the Pollock tombstone. He—he didn't whip me at all, said Carl with a sob, and—
6738|I wish he had, and he's in there, feeling just awful.
6739|Una slipped away. Her heart yearned to comfort her father.
674|Come, sit down. It won't take long to stay an hour.
6740|As noiselessly as a little gray mouse, she opened the study door and crept in.
6741|The room was dark with twilight. Her father was sitting at his desk, his back was towards her, his head was in his hands. He was talking to himself—broken, anguished words.
6742|but Una heard. Heard and understood with the sudden illumination that comes to sensitive, unmothered children.
6743|As silently as she had come in she slipped out and closed the door.
6744|John Meredith went on talking out his pain in what he deemed his undisturbed solitude.
6745|End of chapter 33
6746|Chapter 34 of Rainbow Valley by Lucy Maude Montgomery.
6747|This LibriVox recording is in the public domain. Recording by Karen Savitch.
6748|Chapter 34. Una visits the hill.
6749|Una went upstairs. Carl and Faith were already on their way through the early moonlight to Rainbow Valley, having heard there from the elfin lilt of Jerry's Jew's harp and having guessed that the blights were there and fun afoot. Una had no wish to go.
675|The wind was off shore and only broke the sea's surface into long silvery ripples and sent sheeny shadows flying out across it from every point and headland, like transparent wings.
6750|She sought her own room first, where she sat down on her bed and had a little cry.
6751|She did not want anybody to come in her dear mother's place.
6752|She did not want a stepmother who would hate her and make her father hate her.
6753|But father was so desperately unhappy, and if she could do anything to make him happier she must do it.
6754|There was only one thing she could do, and she had known the moment she had left the study that she must do it.
6755|But it was a very hard thing to do.
6756|After Una cried her heart out, she wiped her eyes and went to the spare room.
6757|It was dark and rather musty, for the blind had not been drawn up nor the window opened for a long time.
6758|Aunt Martha was no fresh air fiend. But as nobody ever thought of shutting a door in the manse this did not matter so much, save when some unfortunate minister came to stay all night and was compelled to breed the spare-room atmosphere.
6759|There was a closet in the spare room, and far back in the closet a gray silk dress was hanging.
676|The dusk was hanging a curtain of violet gloom over the sand dunes and the headlands where gulls were huddling.
6760|Una went into the closet and shut the door, went down on her knees, and pressed her face against the soft, silken fold.
6761|It had been her mother's wedding dress. It was still full of a sweet, faint, haunting perfume, like lingering love.
6762|Una always felt very close to her mother there, as if she were kneeling at her feet with her head in her lap.
6763|She went there once in a long while when life was too hard.
6764|"Mother," she whispered to the grey silk gown."
6765|I will never forget you, mother, and I'll always love you back."
6766|But I have to do it, Mother, because Father is so very unhappy."
6767|I know you wouldn't want him to be unhappy. And I'll be very good to her, mother, and try to love her, even if she is like Mary Vance said stepmothers always were."
6768|Una carried some fine spiritual strength away from her secret shrine. She slept peacefully that night, with the tear stains still glistening on her sweet, serious little face.
6769|The next afternoon she put on her best dress and hat. They were shabby enough.
677|The sky was faintly filmed over with scarves of silk and vapor.
6770|Every other little girl in the Glen had new clothes that summer, except Faith and Una.
6771|Mary Vance had a lovely dress of white embroidered lawn with scarlet silk sash and shoulder bows. But to-day Una did not mind her shabbiness. She only wanted to be very neat.
6772|She washed her face carefully. She brushed her black hair until it was as smooth as satin.
6773|She tied her shoelaces carefully, having first sewed up two runs in her one pair of good stockings.
6774|She would have liked to black her shoes, but she could not find any black shoes.
6775|Finally she slipped away from the manse, down through Rainbow Valley, up through the Whispering Woods, and out to the road that ran past the house on the hill. It was quite a long walk and Una was tired and warm when she got there.
6776|She saw Rosemary West sitting under a tree in the garden and stole past the Dahlia beds to her.
6777|Rosemary had a book in her lap, but she was gazing afar across the harbor, and her thoughts were sorrowful enough.
6778|Life had not been pleasant lately in the house on the hill.
6779|Ellen had not sulked. Ellen had been a brick.
678|Cloud fleets rode at anchor along the horizons. An evening star was watching over the bar.
6780|But things can be felt that are never said, and at times the silence between the two women was intolerably eloquent.
6781|all the many familiar things that had once made life sweet had a flavor of bitterness now.
6782|Norman Douglas made periodical eruptions also, bullying and coaxing Ellen by turns.
6783|It would end, Rosemary believed, by his dragging Ellen off with him some day. And Rosemary felt that she would almost be glad when it happened.
6784|Existence would be horribly lonely then, but it would no longer be charged with dynamite.
6785|She was roused from her unpleasant reverie by a timid little touch on her shoulder. Turning, she saw Una Meredith.
6786|Why, Una, dear! Did you walk up here in all this heat?
6787|Yes," said Una. I came too.
6788|I came to—' But she found it very hard to say what she had come to do. Her voice failed, her eyes filled with tears.
6789|Why, Una, little girl, what is the trouble? Don't be afraid to tell me."
679|Isn't that a view worth looking at?" said Captain Jim with a loving proprietary pride.
6790|Rosemary put her arm around the thin little form and drew the child close to her. Her eyes were very beautiful, her touch so tender that Una found courage. "I came to ask you to marry father," she gasped.
6792|Rosemary had been thinking rapidly. Gossiping surmise, she saw, had put this mistaken idea into Una's mind. She must be perfectly frank and sincere with the child.
6793|Una, dear," she said softly, "it isn't because of you poor little souls that I cannot be your father's wife."
6794|I never thought of such a thing. You are not bad. I never supposed you were. There—
6795|There was another reason altogether, Una. "Don't you like, Father?" asked Una, lifting reproachful eyes. "Oh, Miss West, you don't know how nice he is. I'm sure he'd make you a good husband."
6796|Even in the midst of her perplexity and distress, Rosemary couldn't help a twisted little smile.
6797|Oh, don't laugh, Miss West," Una cried passionately. Father feels dreadful about it.
6799|I'll tell you, Miss West, if you'll let me whisper it in your ear.
680|Nice and far from the marketplace, ain't it? No buy-in and selling and getting gain. You don't have to pay anything. All that sea and sky free, without money and without price.
6800|Una whispered earnestly. Rosemary's face turned crimson.
6801|so John Meredith still cared. He hadn't changed his mind.
6802|and he must care intensely if he had said that. Care more than she had ever supposed he did.
6803|She sat still for a moment, stroking Una's hair. Then she said,
6804|Will you take a little letter from me to your father, Una?
6805|Oh, are you going to marry him, Miss West?" asked Una eagerly.
6806|Perhaps, if he really wants me to," said Rosemary, blushing again. "I'm glad—I'm glad," said Una, bravely.
6807|Then she looked up, with quivering lips. "O Miss West, you won't turn father against us. You won't make him hate us, will you?" she said beseechingly."
6808|Rosemary stared again. Una Meredith, do you think I would do such a thing? Whatever put such an idea into your head?
6809|Mary Vance said stepmothers were all like that and that they all hated their stepchildren and made their father hate them. She said they just couldn't help it—just being stepmothers made them like that.
681|There's gonna be a moonrise pretty soon too. I'm never tired of finding out what a moonrise can be over them rocks and sea and harbor. There's a surprise in it every time.
6810|poor child. And yet you came up here and asked me to marry your father because you wanted to make him happy."
6811|you're a darling, a heroine. As Ellen would say, you're a Brit."
6812|Now listen to me very closely, dearest. Mary Vance is a silly little girl who doesn't know very much and she is dreadfully mistaken about some things."
6813|I would never dream of trying to turn your father against me.
6814|I would love you all dearly. I don't want to take your own mother's place—she must always have that in your hearts—but neither have I any intention of being a stepmother."
6815|I want to be your friend and helper and chum.
6816|Don't you think that would be nice, Una, if you and Faith and Carl and Jerry could just think of me as a good, jolly chum, a big, older sister?"
6817|Oh, it would be lovely!" cried Una with a transfigured face.
6818|She flung her arms impulsively around Rosemary's neck. She was so happy that she felt as if she could fly on wings.
6819|Do the others? Do Faith and the boys have the same idea you had about stepmothers?
682|And they had their moonrise, and watched its marvel and magic in a silence that asked nothing of the world or each other. Then they went up into the tower, and Captain Jim showed and explained the mechanism of the great light.
6820|No. Faith never believed Mary Vance. I was dreadfully foolish to believe her either."
6821|Faith loves you already. She has loved you ever since poor Adam was
6822|and Jerry and Carl will think it is jolly. Oh, Miss West, when you come to live with us will you—could you—teach me to cook, a little, and sew, and—and—and do things? I don't know anything. I won't be much trouble. I'll try to learn fast."
6823|Darling, I'll teach you and help you all I can.
6824|Now, you won't say a word to anybody about this, will you? Not even to Faith, until your father himself tells you you may?"
6825|And you'll stay and have tea with me. Oh, thank you, but—
6826|I'd rather go right back and take the letter to father—faltered Una. You see, he'll be glad that much sooner, Miss West."
6827|I see," said Rosemary. She went to the house, wrote a note, and gave it to Una.
6828|When that small damsel had run off, a palpitating bundle of happiness, Rosemary went to Ellen, who was shelling peas on the back porch.
6829|Ellen," she said, "Oona Meredith has just been here to ask me to marry her father."
683|Finally they found themselves in the dining room, where a fire of driftwood was weaving flames of wavering elusive seaborne hues in the open fireplace.
6830|Ellen looked up and read her sister's face. "Are you going to?" she said."
6831|It's quite likely. Ellen went on shelling peas for a few minutes.
6832|Then she suddenly put her hands up to her own face. There were tears in her black-browed eyes. I—
6833|I hope we'll all be happy," she said, between a sob and a laugh.
6834|Down at the manse, Una Meredith, warm, rosy, triumphant, marched boldly into her father's study and laid a letter on the desk before him.
6835|His pale face flushed as he saw the clear, fine handwriting he knew so well. He opened the letter. It was very short. But he shed twenty years as he read it.
6836|Rosemary asked him if he could meet her that evening at sunset, by the spring in Rainbow Valley.
6837|End of chapter 34
6838|Chapter 35 of Rainbow Valley by Lucy Modmont-Garment.
6839|This LibriVox recording is in the public domain. Recording by Karen Savage.
684|I put this fireplace in myself," remarked Captain Jim.
6840|Chapter 35 Let the Piper Come
6841|And so, said Miss Cornelia, the double wedding is to be some time about the middle of this month."
6842|There was a faint chill in the air of the early September evening, so Anne had lighted her ever-ready fire of driftwood in the big living-room, and she and Miss Cornelia basked in its very flicker.
6843|is so delightful, especially in regard to Mr. Meredith and Rosemary," said Anne. I'm as happy in the thought of it as I was when I was getting married myself."
6844|I felt exactly like a bride again last evening when I was up on the hill seeing Rosemary's trousseau.
6845|they tell me her things are fine enough for a princess," said Susan from a shadowy corner where she was cuddling her brown boy.
6847|A vision of Susan in white and a veil presented itself before Anne's inner vision and was almost too much for her.
6848|As for Mr. Meredith," said Miss Cornelia, "even his engagement has made a different man of him. He isn't half so dreamy and absent-minded, believe me."
6849|I was so relieved when I heard that he had decided to close the manse and let the children visit round while he was away on his honeymoon. If he had left them and old Aunt Martha there alone for a month I should have expected to wake every morning and see the place burned down.
685|the government don't give lighthouse keepers such luxuries. Look at the colors that wood makes. If you'd like some driftwood for your fire, Mistress Blythe, I'll bring you up a load someday.
6850|"And Martha and Jerry are coming here," said Anne. "Carl is going to Elder Clowes. I haven't heard where the girls are going." "Oh, I am going to take them," said Miss Cornelia. Of course I was glad to. But Mary would have given me no peace till I asked them anyway."
6851|The lady's aide is going to clean the manse from top to bottom before the bride and groom come back, and Norman Douglas has arranged to fill the cellar with vegetables.
6852|And nobody ever saw or heard anything quite like Norman Douglas these days, believe me. He's so tickled that he's going to marry Ellen West after wanting her all his life
6853|If I was Ellen—but then I'm not, and if she is satisfied I can very well be—
6854|I heard her say years ago, when she was a schoolgirl, that she didn't want a tame puppy for a husband. There's nothing tame about Norman, believe me."
6855|The sun was setting over Rainbow Valley. The pond was wearing a beautiful tissue of purple and gold and green and crimson.
6856|A faint blue haze rested on the eastern hill over which a great pale round moon was just floating up like a silver bubble.
6857|They were all there, squatted in the little open glade, Faith and Una, Jerry and Carl, Jem and Walter, Nan and Di, and Mary Vann.
6858|They had been having a special celebration, for it would be Jem's last evening in Rainbow Valley. On the morrow he would leave for Charlottetown to attend Queen's Academy.
6859|Their charmed circle would be broken, and in spite of the jollity of their little festival there was a hint of sorrow in every gay young heart.
686|Sit down, I'm going to make you a cup of tea.
6860|See? There is a great golden palace over there in the sunset," said Walter, pointing. Look at the shining tower and the crimson banners streaming from them. Perhaps the conqueror is riding home from battle and they are hanging them out to do honor to him.
6861|Oh, I wish we had the old days back again!" exclaimed Jem. I'd love to be a soldier—a great triumphant general. I'd give everything to see a big battle.
6862|Well, Jem was to be a soldier and see a greater battle than had ever been fought in the world.
6864|The shadow of the great conflict had not yet made felt any forerunner of its children.
6865|The lads who were to fight, and perhaps fall, on the fields of France and Flanders, Gallipoli and Palestine, were still rogue-ish schoolboys, with a fair life in prospect before them.
6866|The girls, whose hearts were to be rung, were yet fair little maidens, a star with hopes and dreams.
6867|Slowly the banners of the sunset city gave up their crimson and gold. Slowly the conqueror's pageant faded out.
6868|twilight crept over the valley and the little group grew silent.
6869|Walter had been reading again that day in his beloved book of myths, and he remembered how he had once fancied the Pied Piper coming down the valley on an evening just like this.
687|Captain Jim placed a chair for Anne, having first removed therefrom a huge orange-colored cat and a newspaper.
6870|He began to speak dreamily, partly because he wanted to thrill his companions a little, partly because something apart from him seemed to be speaking through his lips.
6871|The piper is coming nearer," he said. He is nearer than he was that evening I saw him before.
6872|His long shadowy cloak is blowing around him—he pipes.
6873|he pipes, and we must follow, Jem and Carl and Jerry and I, round and round the world—
6874|Listen, listen, can't you hear his wild music?"
6875|The girls shivered. "You know you're only pretending," protested Mary Vance, and I wish you wouldn't. You make it too real. I hate that old Piper of yours.""
6876|But Jem sprang up with a gay laugh. He stood up on a little hillock, tall and splendid, with his open brow and his fearless eyes. There were thousands like him all over the land of the Maples.
6877|Let the piper come and welcome," he cried, waving his hand. I'll follow him gladly round and round the world.
6878|End of chapter 35 End of Rainbow Valley by Lucy Maude McGarrett
6879|CHAPTER 4 RAINBOW VALLEY by LUCY MOD MCGUMB
6880|The End.
6881|CHAPTER 4 THE MAN'S CHOICE
6882|And Martha might be and was a very poor housekeeper. The Rev. John Knox Meredith might be and was a very absent-minded, indulgent man.
6883|but it could not be denied that there was something very homelike and lovable about the Glen St. Mary manse, in spite of its untidiness.
6884|Even the critical housewives of the Glen felt it, and were unconsciously mellowed in judgment because of it.
6886|But these things had been there in the reign of Mr. Meredith's predecessor, when the manse had been the primist, neatest, and dreariest house in the Glen.
6887|So much of the credit must be given to the personality of its new inmates.
6888|There was an atmosphere of laughter and comradeship about it. The doors were always open, and inner and outer worlds joined hands.
6889|Love was the only law in Glen St. Mary Mancilla.
689|When little Joe comes I have to read him pirate yarns. Ain't it strange how innocent little creatures like children like the bloodthirstiest stories he knows.
6890|The people of his congregation said that Mr. Meredith spoiled his children. Very likely he did. It is certain that he could not bear to scold them.
6891|They have no mother, he used to say to himself with a sigh, when some unusually glaring peccadillo forced itself upon his notice.
6893|Mr. Meredith had occasional acute realizations that his children were not so well looked after, physically or morally, as they had been before his wife died.
6894|and he had always a dim subconsciousness that house and meals were very different under Aunt Martha's management from what they had been under Cecilia's.
6896|If ever a graveyard could be called a cheerful place, the old Methodist graveyard at Glen St. Mary might be so calm.
6897|The new graveyard, at the other side of the Methodist church, was a neat and proper and doleful spot. But the old one had been left so long to Nature's kindly and gracious ministries that it had become very pleasant.
6898|It was surrounded on three sides by a dike of stones and sod, topped by a gray and uncertain paling.
690|Like my lad Davey at home," said Anne. He wants tales that reek with gore.
6900|little ferns clustered companionably between its stones, and here and there a big bracken grew.
6901|On the eastern side there was neither fence nor dike. The graveyard there straggled off into young fir plantation, ever pushing nearer to the graves and deepening eastward into a thick wood.
6902|The air was always full of the harp-like voices of the sea and the music of grey old trees, and in the spring mornings the choruses of birds in the elms, around the two churches, sang of life and not of death.
6903|The Meredith children loved the old graveyard.
6904|Blue-eyed Ivy, garden spruce and mint ran riot over the sunken graves. Blueberry bushes grew lavishly in the sandy corner next to the fir-wood.
6906|One of the latter, the biggest and ugliest in the graveyard, was sacred to the memory of a certain Alec Davis, who had been born a Methodist, but had taken to himself a Presbyterian bride of the Douglas clan.
6907|She had made him turn Presbyterian and kept him towing the Presbyterian mark all his life. But when he died she did not dare to doom him to a lonely grave in the Presbyterian graveyard over harbor.
6908|His people were all buried in the Methodist cemetery, so Alec Davis went back to his own in death, and his widow consoled herself by erecting a monument which cost more than any of the Methodists could afford.
6909|The Meredith children hated it, without just knowing why, but they loved the old flat, bench-like stones with the tall grasses growing rankly about them. They made jolly seats, for one thing.
691|Captain Jim's tea proved to be nectar. He was pleased as a child with Anne's compliments, but he affected a fine indifference.
6910|They were all sitting on one now. Jerry, tired of leapfrog, was playing on a Jew's harp.
6911|Carl was lovingly pouring over a strange beetle he had found, Una was trying to make a doll stress, and Faith, leaning back on her slender brown wrists, was swinging her bare feet in lively time to the Jew's heart.
6912|Jerry had his father's black hair and large black eyes, but in him the latter were flashing instead of dreaming.
6913|Faith who came next to him wore her beauty like a rose, careless and glowing.
6915|Little dreamy Una was not given to laughter. Her braids of straight, dead-black hair betrayed no lawless kinks, and her almond-shaped dark blue eyes had something wistful and sorrowful in them.
6916|Her mouth had a trick of falling open over her tiny white teeth, and a shy, meditative smile occasionally crept over her small face.
6917|She was much more sensitive to public opinion than faith, and had an uneasy consciousness that there was something askew in their way of living. She longed to put it right, but did not know how.
6918|Now and then she dusted the furniture, but it was so seldom she could find the duster, because it was never in the same place twice.
6919|And when the clothes brush was to be found she tried to brush her father's best suit on Saturdays. And once sewed on a missing button with coarse white thread.
692|The secret is I don't skimp the cream," he remarked airily.
6920|When Mr. Meredith went to church next day, every female eye saw that button, and the piece of the lady's aid was upset for weeks.
6921|Carl had the clear, bright, dark blue eyes, fearless and direct, of his dead mother, and her brown hair with its glints of gold.
6922|He knew the secrets of bugs, and had a sort of free masonry with bees and beetles.
6923|Una never liked to sit near him because she never knew what uncanny creature might be secreted about him.
6924|Jerry refused to sleep with him, because Carl had once taken a young garter snake to bed with him.
6925|So Carl slept in his old cot, which was so short that he could never stretch out, and had strange bedfellows.
6926|Perhaps it was just as well that Aunt Martha was half blind when she made that bed.
6927|Altogether they were a jolly, lovable little crew, and Cecilia Meredith's heart must have ached bitterly when she faced the knowledge that she must leave them.
6928|would you like to be buried if you were a Methodist?" asked Faith cheerfully.
6929|This opened up an interesting field of speculation.
693|Captain Jim had never heard of Oliver Wendell Holmes, but he evidently agreed with that writer's dictum that Big Heart never liked Little Cream Pot.
6930|There isn't much choice. The place is full," said Jerry.
6931|I'd like that corner near the road, I guess. I could hear the teams going past and the people talking."
6932|I'd like that little hollow under the weeping birch," said Una.
6933|That birch is such a place for birds and they sing like mad in the mornings.
6934|I'd take the porter lot, where there's so many children buried. I like lots of company," said Faith. Carl, where'd you—
6935|I'd rather not be buried at all," said Carl. But if I had to be I'd like the ant bed. Ants are awfully interesting."
6936|How very good all the people who are buried here must have been," said Una, who had been reading the laudatory old epitaphs.
6937|There doesn't seem to be a single bad person in the whole graveyard.
6938|Methodists must be better than Presbyterians after all.
6939|Maybe the Methodists bury their bad people just like they do cats," suggested Carl. Maybe they don't bother bringing them to the graveyard at all.
694|We met an odd-looking personage coming out of your lane," said Gilbert as they sipped. Who was he?
6940|Nonsense, said Faith. The people that are buried here weren't any better than any other folks, Una.
6941|But when anyone is dead you mustn't say anything of him but good or he'll come back and haunt you.
6942|Aunt Martha told me that. I asked Father if it was true and he just looked through me and muttered, "True, true—what is truth—what IS truth, O jesting pilot!"
6943|I concluded from that that it must be true. "I wonder if Mr. Alec Davis would come back and haunt me if I threw a stone at the urn on top of his tombstone," said Jerry."
6944|Mrs. Davis would," giggled Faith. She just watches us in church like a cat watching mice. Last Sunday I made a face at her nephew and he made one back at me and you should have seen her glare. I'll bet she boxed his ears when they got out.
6945|Mrs. Marshall Elliott told me we mustn't defend her on any account, or I'd have made a face at her, too.
6946|They say Jem Blythe stuck his tongue out at her once and she would never have his father again even when her husband was dying," said Jerry. I wonder what the Blythe gang will be like.
6947|I liked their looks," said Faith. The man's children had been at the station that afternoon when the blithe small fry had arrived.
6948|I like Jem's looks especially." "They say in school that Walter's a sissy," said Jerry. "I don't believe it," said Una, who had thought Walter very handsome."
6949|well, he writes poetry anyhow. He won the prize the teacher offered last year for writing a poem, Bertie Shakespeare Drew told me. Bertie's mother thought he should have got the prize because of his name, but Bertie said he couldn't write poetry to save his soul, name or no name.
695|Captain Jim grinned. That's Marshall Elliott, a mighty fine man with just one streak of foolishness in him.
6950|I suppose we'll get acquainted with them as soon as they begin going to school, mused Faith. I hope the girls are nice. I don't like most of the girls around here. Even the nice ones are posy."
6951|But the Blythe twins look jolly. I thought twins always looked alike, but they don't.
6952|I think the red-haired one is the nicest." I like their mother's looks," said Una with a little sigh.
6954|they say she isn't like other people," said Jerry.
6955|Mrs. Elliott says that is because she never really grew up," said Faith. She's taller than Mrs. Elliott. Yes, yes, but it is inside. Mrs. Elliott says Mrs. Blythe just stayed a little girl inside.
6956|do I smell?" interrupted Carl sniffing. They all smelled it now. A most delectable odor came floating up on the still evening air from the direction of the little woodsy dell below the manse hill.
6957|that makes me hungry," said Jerry. We only had bread and molasses for supper and cold ditto for dinner, said Una plaintively.
6959|Let's go and see where the smell is coming from," said Jerry.
696|I suppose you wondered what his object was in turning himself into a sort of dime museum freak.
6960|They all sprang up, frolicked over the lawn with the abandon of young puppies, climbed a fence and tore down the mossy slope guided by the savory lure that ever grew stronger.
6961|A few minutes later they arrived breathlessly in the sanctum sanctorum of Rainbow Valley, where the Blythe children were just about to give thanks and eat.
6962|They halted shyly. Uno wished they had not been so precipitate. But Di Blythe was equal to that and any occasion. She stepped forward with a comrade's smile.
6963|I guess I know who you are," she said. You belong to the Mance, don't you?
6964|Faith nodded, her face creased by dimples. We smelled your trout cooking and wondered what it was."
6965|You must sit down and help us eat them," said Di.
6966|you haven't got any more than you want yourselves," said Jerry, looking hungrily at the tin platter.
6967|We've heaps—three apiece," said Jim. Sit down."
6968|No more ceremony was necessary. Down they all sat on mossy stones. Merry was that feast and longed
6969|Nan and Di would probably have died of horror had they known what Faith and Una knew perfectly well—that Carl had two young mice in his jacket pocket. But they never knew it, so it never hurt them.
697|Is he a modern Nazarite or a Hebrew prophet left over from olden times? asked Anne.
6970|Where can folks get better acquainted than over a meal-table?
6971|When the last trout had vanished the man's children and the Ingleside children were sworn friends and allies. They had always known each other and always would. The race of Joseph recognized its own.
6972|They poured out the history of their little pasts. The man's children heard of Avonlea and Green Gables, of Rainbow Valley traditions, and of the little house by the harbor shore where Jem had been born.
6973|The Ingleside children heard of Maywater, where the Merediths had lived before coming to the Glen, of Una's beloved one-eyed doll and Faith's pet rooster.
6974|Faith was inclined to resent the fact that people laughed at her for petting a rooster. She liked the blithes because they accepted it without question.
6975|A handsome rooster like Adam is just as nice a pet as a dog or cat, I think," she said. If he was a canary nobody would wonder. And I brought him up from a little wee yellow chicken-frog.
6976|Mrs. Johnson at Maywater gave him to me. A weasel had killed all his brothers and sisters. I called him after her husband. I never liked dolls or cats. Cats are too sneaky and dolls are dead."
6977|lives in that house away up there?" asked Jerry. "The Miss Wests, Rosemary and Ellen," answered Nan. "Diane are going to take music lessons from Miss Rosemary this summer."
6978|Una gazed at the lucky twins with eyes whose longing was too gentle for envy.
6979|Oh, if only SHE could have music lessons! It was one of the dreams of her little hidden life. But nobody ever thought of such a thing.
698|Neither of them. It's politics that's at the bottom of his freak.
6980|Miss Rosemary is so sweet and she always dresses so pretty," said Di. Her hair is just the colour of new molasses taffy, she added wistfully, for Di, like her mother before her, was not resigned to her own ruddy tresses.
6981|I like Miss Ellen, too," said Nan. She always used to give me candies when she came to church, but Di is afraid of her.
6983|Who is Mrs. Ford?" asked Una wonderingly.
6984|Oh, the Fords don't live here. They only come here in the summer. And they're not coming this summer.
6985|They live in that little house way, way down on the harbor shore where father and mother used to live.
6986|I wish you could see Purses, Ford. She's just like a picture."
6987|I've heard of Mrs. Ford, broken faith. Bertie Shakespeare Drew told me about her. She was married fourteen years to a dead man and then he came to life.
6989|Nobody cared whether the man's children were out in the damp or not. Aunt Martha was already in bed and the minister was still too deeply lost in speculations concerning the immortality of the soul to remember the mortality of the body.
6990|But they went home too, with visions of good times coming in their heads.
6991|I think Rainbow Valley is even nicer than the graveyard," said Una, and I just love those dear Blythes. It's so nice when you can love people because so often you can."
6992|father said in his sermon last Sunday that we should love everybody. But how can we? How could we love Mrs. Alec Davis?" "O, father only said that in the pulpit," said Faith, eerily. He has more sense than to really think it outside."
6993|The Blythe children went up to Ingleside, except Jem, who slipped away for a few moments on a solitary expedition to a remote corner of Rainbow Valley.
6994|May flowers grew there, and Jem never forgot to take his mother a bouquet as long as they lasted.
6995|End of chapter 4
6996|Chapter 5 of Rainbow Valley by Lucy Maud Montgomery.
6997|This LibriVox recording is in the public domain. Recording by Karen Savage.
6998|Chapter 5. The Advent of Mary Vance.
6999|is just the sort of day you feel as if things might happen," said Faith, responsive to the lure of crystal air and blue hills.
700|This Marshall Elliott was a born grit. I'm a grit myself in moderation. But there's no moderation about Marshall.
7001|what else would you expect of a widower's family?" groaned the other ancient maiden. And then they both shook their heads.
7002|It was early on Saturday morning, and the Merediths were out in the dew-drenched world with a delightful consciousness of the holiday.
7004|The other girls in her class at school could cook and sew and knit—
7005|She was only a little ignoramus. Jerry suggested that they go exploring, so they went lingeringly through the fur-grove, picking up Carl on the way who was on his knees in the dripping grass studying his darling ants.
7006|Beyond the grove they came out in Mr. Taylor's pasture field, sprinkled over with the white ghosts of dandelions.
7007|In a remote corner was an old tumbled-down barn, where Mr. Taylor sometimes stored his surplus hay crop, but which was never used for any other purpose.
7008|Thither the Meredith children trooped and prowled about the ground floor for several minutes.
7009|was that?" whispered Una suddenly. They all listened.
7010|There was a faint but distinct rustle in the hayloft above. The narratives looked at each other.
7011|is something up there," breathed Faith. "I'm going to see what it is," said Jerry resolutely. "Oh, don't," begged Una, catching his arm. I'm going."
7013|When they stepped off the ladder they saw what had made the rustle, and the sight struck them dumb for a few moments.
7014|In a little nest in the hay a girl was curled up, looking as if she had just wakened from sleep.
7015|When she saw them she stood up rather shakily, as it seemed, and in the bright sunlight that streamed through the cobwebbed window behind her they saw that her thin, sunburned face was very pale under its tann.
7016|She had two braids of lank, thick, toe-coloured hair and very odd eyes—white eyes, the manse children thought, as she stared at them half defiantly, half piteously.
7017|They were really of so pale a blue that they did seem almost white, especially when contrasted with the narrow black ring that circled the iris.
7019|Who are you?" asked Jerry. The girl looked about her as if seeking a way of escape. Then she seemed to give in with a little shiver of despair.
702|Well, they didn't go in, and they've never got in yet, and you saw the result today for yourselves." Marshall stuck to his word.
7020|My Mary Vance," she said. "Where'd you come from?" pursued Jerry."
7021|Mary, instead of replying, suddenly sat or fell down on the hay and began to cry.
7022|Instantly Faith had flung herself down beside her and put her arm around the thin, shaking shoulders. "You stop bothering her," she commanded Jerry. Then she hugged the waif. Don't cry, dear. Just tell us what's the matter. We're friends."
7023|I'm so—so hungry," wailed Mary. I ain't had a thing to eat since Thursday morning, except a little water from the brook out there.
7025|Mary yielded. She was so weak that she could hardly climb down the ladder, but somehow they got her down and over the field and into the man's kitchen.
7026|and Martha, muddling through her Saturday cooking, took no notice of her. Faith and Una flew to the pantry and ransacked it for such eatables as it contained—some ditto, bread, butter, milk, and a doubtful pie.
7027|Mary Vance attacked the food ruminously and uncritically while the man's children stood around and watched her.
7028|Jerry noticed that she had a pretty mouth and very nice, even white teeth.
7029|Faith decided with secret horror that Mary had not one stitch on her except that ragged, faded dress.
703|What does his wife think of it?" asked Anne. He's a bachelor. But if he had a wife, I reckon she couldn't make him break that vow.
7030|Una was full of pure pity, Carl of amused wonder, and all of them of curiosity.
7031|Now come out to the graveyard and tell us about yourself." Ordered Faith, when Mary's appetite showed signs of failing her.
7032|Mary was now nothing loath. Food had restored her natural vivacity and unloosed her by no means reluctant tongue.
7033|You won't tell your pa or anybody if I tell you," she stipulated when she was enthroned on Mr. Pollock's tombstone.
7034|opposite her the man's children lined up on another.
7035|Here was spice and mystery and adventure. Something had happened.
7036|No, we won't. Cross your hearts, cross our hearts. Well,
7037|Run away. I was living with Mrs. Wiley over Harbor. Do you know Mrs. Wiley? No."
7038|Well, you don't want to know her. She's an awful woman. My how I hate her. She worked me to death and wouldn't give me half enough to eat, and she used to larry at me most every day. Look a here."
7039|Mary rolled up her ragged sleeves and held up her scrawny arms and thin hands, chapped almost to rawness. They were black with bruises. The man's children shivered. Faith flushed crimson with indignation, Una's blue eyes filled with tears.
704|That family of Elliot's has always been more stubborn than natural.
7040|She licked me Wednesday night with a stick," said Marian differently. It was because I let the cow kick over a pail of milk. How'd I know the darn old cow was going to kick?
7041|A not unpleasant thrill ran over her listeners. They would never dream of using such dubious words, but it was rather titillating to hear someone else use them—and a girl at that.
7042|Certainly this Mary Vance was an interesting creature.
7044|Sensation number two. But Una looked doubtful.
7046|If I went back to old Lady Wiley, she'd take the hide off me.
7047|So I went and hid in that old barn. "And what will you do now?" asked Jerry. "Dunno. I s'pose I'll have to go back and take my medicine."
7048|Now that I got some grub in my stomach, I guess I can stand it.
7049|But there was fear behind the bravado in Mary's eyes.
705|Marshall's brother Alexander had a dog he set great store by, and when it died, the man actually wanted to have it buried in the graveyard, along with the other Christians, he said.
7050|Una suddenly slipped from the one tombstone to the other and put her arm about Mary. Don't go back. Just stay here with us.
7051|Oh, Mrs. Wiley'll hump me up," said Mary. It's likely she's on my trail before this.
7052|I might stay here till she finds me, I suppose. If your folks don't mind—
7053|was a darn fool ever to think of skipping out. She'd run a weasel to earth."
7054|I was so miserable." Mary's voice quivered, but she was ashamed of showing her weakness.
7055|I ain't had the life of a dog for these four years," she explained defiantly.
7056|You've been four years with Mrs. Wiley?" "Yep. She took me out of the asylum over in Hopetown when I was eight."
7057|That's the same place Mrs. Blythe came from!" exclaimed Faith.
7058|I was two years in the asylum. I was put there when I was six. My maid hung herself and my pie'd cut his throat.
7059|Holy cats! Why?" said Jerry. "Booze," said Mary, laconically.
706|Of course he wasn't allowed to, so he buried it just outside the graveyard fence and never darkened the church door again.
7060|And you've no relations? Not a darn one that I know of.
7062|laws, I've been licked so much I kind of like it." Mary tossed her head. She divined that the man's children were pitying her for her many stripes, and she did not want pity. She wanted to be envied.
7063|She looked gaily about her. Her strange eyes, now that the dullness of famine was removed from them, were brilliant. She would show these youngsters what a personate she was.
7064|I've been sick an awful lot," she said proudly. There's not many kids could have come through what I have. I've had scarlet fever and measles and ursipelas and mumps and whooping cough and pneumonia—
7065|you ever fatally sick?" asked Una. "I don't know," said Mary doubtfully."
7066|Of course she wasn't, scoffed Jerry. If you're fatally sick you die.
7067|Oh, well, I never died exactly," said Mary, but I came blame near at once. They thought I was dead, and they were getting ready to lay me out when I happened to come too.
7068|What was it like to be half-dead?" asked Jerry curiously.
7069|like nothing. I didn't know it for days afterwards. It was when I had the Pumonium.
707|But Sundays he'd drive his family to church and sit by that dog's grave and read his Bible all the time the service was going on.
7070|Mrs. Wiley wouldn't have the doctor. She said she wasn't going to know such expense for a homegirl. Old Aunt Christina McAllister nursed me with poultices. She brung me round
7071|But sometimes I wish I'd just died the other half and done with it. I'd have been better off.
7072|If you went to Heaven, I suppose you would," said Faith rather doubtfully.
7073|Well, what other place is there to go?" demanded Mary in a puzzled voice.
7074|there's hell, you know," said Una, dropping her voice and hugging Mary to lessen the awfulness of the suggestion. Hell! What's that?"
7075|Why, it's where the devil lives," said Jerry. You've heard of him. You spoke about him.
7076|Oh, yes, but I didn't know he lived anywhere. I thought he just roamed around. Mr. Wiley used to mention hell when he was alive. He was always telling folks to go there. I thought it was some place over in New Brunswick where he'd come from."
7077|Hell is an awful place," said Faith, with the dramatic enjoyment that is born of telling dreadful things.
7078|Bad people go there when they die and burn in fire forever and ever and ever.
708|They say when he was dying he asked his wife to bury him beside the dog.
7080|I wouldn't," said Mary positively. No matter how bad I was I wouldn't want to be burned and burned. I know what it's like. I picked up a red-hot poker once by accident. What must you do to be good?"
7081|must go to church and Sunday school and read your Bible and pray every night and give to missions," said Una.
7082|sounds like a large order," said Mary. Anything else?"
7083|You must ask God to forgive the sins you've committed.
7084|But I've never committed any," said Mary. What's a sin anyway?
7085|Oh, Mary, you must have. Everybody does. Did you never tell a lie?" "Yeaps of them," said Mary." "That's a dreadful sin," said Una solemnly."
7086|you mean to tell me," demanded Mary, that I'd be sent to hell for telling a lie now and then? Why, I had to. Mr. Wiley would have broken every bone in my body one time if I hadn't told him a lie. Lies have saved me many a whack, I can tell you.
7087|Una sighed. Here were too many difficulties for her to solve. She shuddered as she thought of being cruelly whipped.
7088|Very likely she would have lied, too. She squeezed Mary's little calloused hand.
7089|Is that the only dress you've got?" asked Faith, whose joyous nature refused to dwell on disagreeable subjects.
709|She was a meek little soul, but she fired up at that. She said she wasn't going to be buried beside no dog, and if he'd rather have his last resting place beside the dog than beside her, just to say so.
7090|I just put on this dress because it was no good," cried Mary, flushing. Mrs. Wiley bought my clothes and I wasn't going to be beholden to her for anything. And I'm honest. If I was going to run away I wasn't going to take what belonged to her that was worth a—
7091|When I grow up I'm going to have a blue satin dress. Your own clothes don't look so stylish. I thought ministers' children were always dressed up."
7092|It was plain that Mary had a temper and was sensitive on some points.
7093|But there was a queer, wild charm about her which captivated them all.
7094|She was taken to Rainbow Valley that afternoon and introduced to the blights as a friend of ours from over harbor who was visiting us.
7095|The blides accepted her unquestioningly, perhaps because she was fairly respectable now.
7096|After dinner, through which Aunt Martha had mumbled and Mr. Meredith had been in a state of semi-unconsciousness while brooding his Sunday sermon, Faith had prevailed on Mary to put on one of her dresses, as well as certain other articles of clothing.
7097|With her hair neatly braided, Mary passed muster tolerably well.
7099|However, she was a visitor at the Mance, so she must be all right.
7100|When bedtime came there was the problem of where Mary should sleep.
7101|We can't put her in the spare room, you know," said Faith perplexedly to Una.
7103|Aunt Martha hasn't had time to fix the spare room bed up yet, so she says. So nobody can sleep there, no matter how clean their heads are."
7104|And our room is so small, and the bed's so small, you can't sleep with us.
7106|Any place will do me. Laws, I never had a decent place to sleep in my life.
7107|I slept in the loft over the kitchen at Mrs. Wiley's. The roof leaked rain in the summer and the snow drove in in winter. My bed was a straw tick on the floor.
7108|You won't find me a mite huffy about where I...
7109|The Mats Garret was a long, low, shadowy place, with one gable and partitioned off.
711|them was his parting words. As for Marshall, we're all used to him, but he must strike strangers as right down peculiar-looking.
7110|Here a bed was made up for Mary, of the dainty hemstitch sheets and embroidered spread which Cecilia Meredith had once so proudly made for her spare room, and which still survived Aunt Martha's uncertain washings.
7111|The good nights were set and silence fell over the manse.
7112|Una was just falling asleep when she heard a sound in the room just above that made her sit up suddenly.
7113|Listen, Faith, Mary's crying," she whispered.
7114|Faith replied not, being already asleep.
7115|Una slipped out of bed and made her way in her little white gown down the hall and up the garret stairs.
7116|The creaking floor gave ample notice of her coming, and when she reached the corner room all was moonlit silence and the trestle-bed showed only a hump in the middle.
7117|Mary?" whispered Una. There was no response.
7118|Una crept close to the bed and pulled at the spread. Mary, I know you're crying. I heard you.
7119|Are you lonesome?" Mary suddenly appeared to view but said nothing.
712|I've known him ever since he was ten. He's about fifty now, and I like him.
7120|me in beside you. I'm cold," said Una, shivering in the chilly air, for the little garret window was open and the keen breath of the north shore at night blew in.
7121|Mary moved over, and Una snuggled down beside her.
7122|Now you won't be lonesome. We shouldn't have left you here alone the first night."
7123|I wasn't lonesome," sniffed Mary. What were you crying for?
7124|Oh, I just got to thinking of things when I was here alone. I thought of having to go back to Mrs. Wiley, and of being licked for running away, and—and—
7125|and of going to hell for telling lies. It all worried me something scandalous."
7126|Oh, Mary!" said poor Una in distress. "I don't believe God will send you to hell for telling lies when you didn't know it was wrong. He couldn't. Why, he's kind and good. Of course you mustn't tell any more now that you know it's wrong."
7128|why this is the first day I ever remember feeling as if I'd had enough to eat.
7129|I've been knocked about all my life, except for the two years I was at the asylum. They didn't lick me there, and it wasn't too bad, though the matron was cross."
713|Him and me was out cod fishing to-day. That's about all I'm good for now—catching trout and cod occasional. But toward always so—not by no manor means. I used to do other things—as you'd admit if you saw my life-book.
7130|She always looked ready to bite the head off a nail. But Mrs. Wiley's a holy terror—that's what she is. And I'm just scared stiff when I think of going back to her."
7131|Perhaps he won't have to. Perhaps we'll be able to think of a way out."
7132|Let's both ask God to keep you from having to go back to Mrs. Wiley. You say your prayers, don't you Mary?
7133|Oh, yes, I always go over an old rhyme before I get into bed," said Marian differently. I never thought of asking for anything in particular, though. Nobody in this world ever bothered themselves about me, so I didn't suppose God would.
7134|He might take more trouble for you, seeing your administers
7135|take every bit as much trouble for you, Mary, I'm sure," said Una. "It doesn't matter whose child you are. You just ask him, and I will, too."
7136|All right," agreed Mary. It won't do any harm if it doesn't do much good.
7137|If you knew Mrs. Wiley as well as I do, you wouldn't think God would want to meddle with her.
7138|Anyhow, I won't cry any more about it. This is a big sight better than last night down in that old barn with the mice running about—
7139|at the Four Winds light. Ain't it pretty?" "This is the only window we can see it from," said Una. "I love to watch it. Do you?"
7140|Why, why, why? I could see it from the Wiley loft and it was the only comfort I had.
7141|When I was all sore from being licked I'd watch it and forget about the places that hurt me.
7142|I'd think of the ship sailing away and away from it, and wish I was on one of them, sailing far away, too—away from everything.
7143|On winter nights when it didn't shine, I just felt real lonesome.
7144|Say, Una, what makes all you folks so kind to me when I just a stranger—
7145|Because it's right to be. The Bible tells us to be kind to everybody.
7146|does it? Well, I guess most folks just don't mind it much then."
7147|I never remember anyone being kind to me before. True as you live, I don't.
7148|Say, Una, ain't them shadows on the walls pretty?
7149|They look just like a flock of little dancing birds.
715|Captain Jim stroked his velvet back gently.
7150|say una. I like all you folks, and them blithe boys and die. But I don't like that nan. She's a proud one."
7151|Oh, no, Mary, she isn't a bit proud," said Una eagerly, not a single bit. Don't
7152|We all like her very much." "Oh, I s'pose you like her better than me," said Mary, jealously. "Do you?"
7153|Why, Mary, we've known her for weeks and we've only known you a few hours. Stammered Una."
7154|you do like her better, then?" said Mary in a rage. "All right. Like her all you want to. I don't care. I can get along without you."
7155|She flung herself over against the wall of the garret with a slam.
7156|Oh, Mary!" said Una, pushing a tender arm over Mary's uncompromising back. Don't talk like that. I do like you ever so much. And you make me feel so bad."
7158|I should think you would like anyone better than me. I deserve every lickin' I ever got. Hush now. If you cry any more I'll go and walk right down to the harbor in this nightdress and drown myself."
7159|This terrible threat made Una choke back her song.
716|I never fancied cats much till I found the first mate," he remarked, to the accompaniment of the mate's tremendous purrs.
7160|Her tears were wiped away by Mary with the lace frill of the spare-room pillow, and Forgiver and Forgiven cuddled down together again, Harmony restored, to watch the shadows of the vine-leaves on the moonlit wall until they fell asleep.
7162|End of chapter 5
7163|CHAPTER VI.
7164|Chapter 6 Mary stays at the manse
7165|The man's children took Mary Vance to church with them the next day. At first Mary objected to the idea.
7166|Didn't you go to church over harbor?" asked Una.
7167|You bet. Mrs. Wiley never troubled church much, but I went every Sunday I could get off. I was mighty thankful to go someplace I could sit down for a spell. But I can't go to church in this old ragged dress."
7168|This difficulty was removed by Faith offering the loan of her second best dress.
7169|It's faded a little, and two of the buttons are off, but I guess it'll do.
717|I saved his life. And when you've saved a creature's life, you're bound to love it. It's next thing to giving life.
7170|I'll sew the buttons on in a jiffy," said Mary. "Not on Sunday," said Una, shocked. "Sure. The better the day, the better the deed."
7171|You just give me a needle and thread and look the other way if you're squeamish.
7172|Faith's school boots and an old black velvet cap that had once been Cecilia Meredith's completed Mary's costume and to church she went.
7173|Her behaviour was quite conventional, and though some wondered who the shabby little girl with the man's children was, she did not attract much attention.
7174|She listened to the sermon with outward decorum and joined lustily in the singing. She had, it appeared, a clear, strong voice and a good ear.
7175|His blood can make the violets clean, caroled Mary blithely.
7176|Mrs. Jimmy Milgrave, whose pew was just in front of the man's pew, turned suddenly and looked the child over from top to toe.
7177|Mary, in a mere superfluity of naughtiness, stuck her tongue out at Mrs. Milgrave, much to Una's horror.
7178|couldn't help it," she declared after church. What did she want to stare at me like that for? Such manners! I'm glad I stuck my tongue out at her. I wish I'd stuck it further out. Say, I saw Rob McAllister from over harbor there. Wonder if you'll tell Mrs. Wiley on me."
7179|No, Mrs. Wiley appeared, however, and in a few days the children forgot to look for her.
718|There's some terrible thoughtless people in the world, Mistress Blythe.
7181|Our teacher won't draw you. He's awfully nice," said Faith. Well, I ain't going. I can read and write and cipher up to fractions. That's all I want. You fellas go and I'll stay home. You needn't be scared I'll steal anything. I swear I'm honest."
7183|But there was one department with which Aunt Martha refused to let her interfere.
7184|Aunt Martha might be deaf and half-blind and very childish, but she was resolved to keep the commissariat in her own hands, in spite of all Mary's wiles and stratagems.
7185|I can tell you, if old Martha'd let ME cook you'd have some decent meals," she told the man's children indignantly. There'd be no more ditto, and no more lumpy porridge from blue milk either. What does she do with all the cream?
7186|gives it to the cat. He's hers, you know," said Faith.
7187|I'd like to cat her!" exclaimed Mary bitterly. I've no use for cats anyhow. They belonged to the old Nick. You can tell that by their eyes.
7188|Well, if old Martha won't she won't, I suppose. But it gets on my nerves to see good fiddle spoils—
7189|When school came out, they always went to Rainbow Valley.
719|Some of them city folks who have summer homes over the harbor are so thoughtless that they're cruel. It's the worst kind of cruelty, the thoughtless kind. You can't cope with it.
7190|Mary refused to play in the graveyard. She declared she was afraid of ghosts.
7191|There's no such thing as ghosts," declared Jem Blythe. Oh, ain't there?
7192|Did you ever see any? Hundreds of them," said Mary promptly.
7193|What are they like?" said Carl. Awful-looking! Dressed all in white with Skellington hands and heads, said Mary.
7194|did you do?" asked Una. "Run like the devil," said Mary. Then she caught Walter's eyes and blushed."
7195|Mary was a good deal in awe of Walter. She declared to the manscurl that his eyes made her nervous.
7196|think of all the lies I've ever told when I look into them," she said, and I wish I hadn't.
7197|Jem was Mary's favourite. When he took her to the attic at Ingleside and showed her the Museum of Curios that Captain Jim Boyd had bequeathed to him she was immediately pleased and flattered. She also won Carl's heart entirely by her interest in his beetles and ants.
7198|It could not be denied that Mary got on rather better with the boys than with the girls. She quarrelled bitterly with Nan Blight the second day.
7199|your mother's a witch," she told Nan scornfully. Red-haired women are always witches. Then she and Faith fell out about the rooster.
720|They keep cats there in the summer and feed them and pet them and doll them up with ribbons and collars and then in the fall they go off and leave them to starve or freeze. It makes my blood boil, Mistress Blythe.
7200|Mary said its tail was too short. Faith angrily retorted that she guessed God knew what length to make a rooster's tail. They did not speak for a day over this.
7201|Mary treated Una's hairless, one-eyed doll with consideration, but when Una showed her other prized treasure—a picture of an angel carrying a baby, presumably to heaven—Mary declared that it looked too much like a ghost for her.
7203|She learned to play on the Jew's harp and soon eclipsed Jerry.
7204|never struck anything yet I couldn't do if I put my mind to it," she declared.
7206|And when they all went picking gum in Rainbow Valley Mary always got the biggest chew and bragged about it.
7207|There were times when they hated her and times when they loved her, but at all times they found her interesting.
7208|So they submitted quite meekly to her bossing, and by the end of a fortnight had come to feel that she must always have been with them.
7209|it's the queerest thing that Mrs. Wiley ain't been after me," said Mary. I can't understand it."
721|One day last winter I found a poor old mother cat dead on the shore, lying against the skin and bone bodies of her three little kittens. She died trying to shelter him. She had her poor stiff paws around him.
7210|Maybe she isn't going to bother about you at all," said Una. Then you can just go on staying here.
7211|this house ain't hardly big enough for me and old Martha," said Mary darkly.
7212|It's a very fine thing to have enough to eat. I've often wondered what it would be like."
7213|but I am particular about my cooking, and Mrs. Wiley'll be here yet. She's got a rod and pickle for me all right."
7214|I don't think about it so much in daytime, but—say, girls—up there in that garret at night I get to thinking and thinking of it—
7215|until I almost just wish she'd come and have it over with.
7216|I don't know as one real good whipping would be much worse than all the dozen I've lived through in my mind ever since I run away.
7217|Were any of you ever licked?" "No, of course not," said Faith indignantly. Father would never do such a thing."
7218|you don't know you're alive," said Mary, with a sigh half of envy, half of superiority.
7219|You don't know what I've come through. And I suppose the blides were never licked either.
722|Master I cried. Then I swore. Then I carried them poor little kittens home and fed them up and found good homes for them.
7220|No, I guess not. But I think they were sometimes spanked when they were small.
7221|A spanking doesn't amount to anything," said Mary contemptuously. If my folks had just spanked me I'd have thought they were petting me.
7222|Well, it ain't a fair world. I wouldn't mind taking my share of wallopins, but I've had a darn sight too many.
7223|it isn't right to say that word, Mary," said Una reproachfully. You promised me you wouldn't say it."
7224|away," responded Mary. If you knew some of the words I COULD say if I liked you wouldn't make such a fuss over darned
7225|And you know very well I ain't ever told any lies since I come here.
7227|I don't know whether it was a ghost or Sandy Crawford's old white nag, but it looked blamed queer, and I tell you I scooted at the rate of no man's business.
7228|End of chapter 6
7229|CHAPTER VII
723|I knew the woman who left the cat, and when she come back this summer I just went over the harbor and told her my opinion of her.
7230|Chapter 7, A Fishy Episode.
7231|Rilla Blythe walked proudly, and perhaps a little primly, through the main street of the Glen and up the manse hill, carefully carrying a small basketful of early strawberries, which Susan had coaxed into lusciousness in one of the sunny nooks of Ingleside.
7232|Susan had charged Rilla to give the basket to nobody except Aunt Martha or Mr. Meredith. And Rilla, very proud of being entrusted with such an errand, was resolved to carry out her instructions to the letter.
7233|Susan had dressed her daintily in a white, starched and embroidered dress, with sash of blue and beaded slippers.
7234|Her long ruddy curls were sleek and round, and Susan had let her put on her best hat out of compliment to the manse.
7235|It was a somewhat elaborate affair, wherein Susan's taste had had more to say than Anne's, and Rilla's small soul gloried in its splendors of silk and lace and flowers.
7236|She was very conscious of her hat, and I am afraid she strutted up the manse hill.
7237|The strut, or the hat, or both, got on the nerves of Mary Vance, who was swinging on the lawn gate.
7238|Mary's temper was somewhat ruffled just then into the bargain, and Martha had refused to let her peel the potatoes and had ordered her out of the kitchen.
724|It was rank medlin, but I do love meddling in a good cause.
7240|Mary slipped from the gate and confronted the spick-and-span damsel of Ingleside. "What you got there?" she demanded, trying to take the basket. Rilla resisted. "It's for Mr. Meredith," she lised.
7241|it to me. I'll give it to him," said Mary. No, Susan said that I wasn't to give it to anybody but Mr. Meredith or Aunt Martha," insisted Rilla. Mary eyed her sourly.
7243|Mary let go for a minute and looked around her. Just inside the gate was a small flake on which half a dozen large codfish were drying.
7244|One of Mr. Meredith's parishioners had presented him with these one day, perhaps in near of the subscription he was supposed to pay to the stipend and never did.
7245|Mr. Meredith had thanked him, and then forgotten all about the fish, which would have promptly spoiled had not the indefatigable Mary prepared them for drying and rigged up the flake herself on which to dry them.
7246|Mary had a diabolical inspiration. She flew to the flake, seized the largest fish there—a huge, flat thing nearly as big as herself.
7249|Through the Glen street they swept, while everybody ran to the windows and gates to see them.
725|How did she take it?" asked Gilbert. Cried and said she didn't think. I says to her says I, Do you suppose that'll be held for a good excuse in the Day of Judgment, when you'll have to account for that poor old mother's life?
7251|Miss Cornelia took the whole situation in at a glance. So did Mary. The latter stopped short in her mad career, and before Miss Cornelia could speak she had whirled around and was running up as fast as she had run down.
7252|Miss Cornelia's lips tightened ominously, but she knew it was no use to think of chasing her.
7253|So she picked up poor, sobbing, dishevelled Rilla instead and took her home. Rilla was heartbroken. Her dress and slippers and hat were ruined and her six-year-old pride had received terrible bruises.
7254|Susan, white with indignation, heard Miss Cornelia's story of Mary Vance's exploit.
7255|the hussy, oh, the little hussy," she said, as she carried Rilla away for purification and comfort.
7256|this thing has gone on far enough, Anne Deary," said Miss Cornelia resolutely. Something must be done. Who is this creature who is staying at the man's, and where does she come from?"
7257|I understood she was a little girl from over harbor who was visiting at the manse," answered Anne, who saw the comical side of the codfish chase and secretly thought Rilla was rather vain and needed a lesson or two.
7259|I believe she was at the bottom of their goings-on in Warren Meade's spruce bush the other day. Did you hear of their frightening his mother into a fit?"
726|The Lord'll ask you what he gave you brains for if it wasn't to think I reckon.
7260|No. I knew Gilbert had been called to see her, but I did not hear what the trouble was.
7262|They told him they were only in fun and didn't think anyone could hear them. They were just playing Indian ambush. Warren went back to the house and found his poor mother unconscious on the veranda.
7263|Susan, who had returned, sniffed contemptuously.
7264|I think she was very far from being unconscious, Mrs. Marshall Elliot, and that you may tie to.
7265|I have been hearing of Amelia Warren's weak heart for forty years. She had it when she was twenty. She enjoys making a fuss and having the doctor, and any excuse will do."
7266|I don't think Gilbert thought her attack very serious," said Anne.
7267|Oh, that very well may be," said Miss Cornelia. But the matter has made an awful lot of talk, and the Meads being Methodists makes it that much worse.
7269|They are just running wild. And now that school is closing, they'll be worse than ever.
727|I don't fancy she'll leave cats to starve another time.
7270|They do have jolly times," said Anne, laughing over the recollections of some rainbow valley happenings that had come to her ears.
7271|And they are all brave and frank and loyal and truthful.
7272|That's a true word, Anne Deary, and when you come to think of all the trouble in the church those two tattling, deceitful youngsters of the last ministers made, I'm inclined to overlook a good deal in the Meredith's.
7274|But they really play quite quietly there—excused Anne. They don't run and yell as they do elsewhere.
7275|such howls as drift up here from Rainbow Valley sometimes, though I fancy my own small fry bear a valiant part in them.
7276|They had a sham battle there last night and had to roar themselves because they had no artillery to do it, so Jem says.
7277|And M. is passing through the stage where all boys hanker to be soldiers.
7278|well, thank goodness he'll never be a soldier," said Miss Cornelia. I never approved of our boys going to that South African fracas."
7279|But it's over, and not likely anything of the kind will ever happen again."
728|Was the first mate one of the forsaken? asked Anne, making advances to him which were responded to graciously, if condescendingly.
7280|I think the world is getting more sensible. As for the Merediths—
7281|I've said many a time, and I say it again, if Mr. Meredith had a wife all would be well."
7282|He called twice at the Kirk's last week, so I am told," said Susan.
7284|Elizabeth would make him a good wife if he only thought so.
7285|But the trouble is, she really is homely, and Anne, dearie, Mr. Meredith, abstracted as he is, has an eye for a good-looking woman, man-like."
7286|He isn't so otherworldly when it comes to that, believe me.
7287|Elizabeth Kirk is a very nice person, but they do say that people have nearly frozen to death in her mother's spare room bed before now, Mrs. Dr. dear," said Susan darkly.
7288|If I felt that I had any right to express an opinion concerning such a solemn matter as a minister's marriage, I would say that I think Elizabeth's cousin Sarah over Harbor would make Mr. Meredith a better wife.
7289|Why, Sarah Kirk is a Methodist," said Miss Cornelia, much as if Susan had suggested a hot and taut as a man's bride.
7290|would likely turn Presbyterian if she married Mr. Meredith," retorted Susan.
7291|Miss Cornelia shook her head. Evidently with her it was, once a Methodist, always a Methodist.
7292|Sarah Kirk is entirely out of the question," she said positively. And so is Emmeline Drew, though the Drews are all trying to make the match. They are literally throwing poor Emmeline at his head, and he hasn't the least idea of it.
7293|Amaline Drew has no gumption, I must allow," said Susan. She is the kind of woman, Mrs. Dr. Dear, who would put a hot water bottle in your bed on a dog night, and then have her feelings hurt because you were not grateful. And her mother was a very poor housekeeper.
7294|Did you ever hear the story of her dishcloth? She lost her dishcloth one day, but the next day she found it—oh, yes, Mrs. Dr. dear, she found it—in the goose at the dinner table, mixed up with the stuffing.
7295|Do you think a woman like that would do for a minister's mother-in-law? I do not. But no doubt I would be better employed in mending little Jem's trousers than in talking gossip about my neighbours. He tore them something scandalous last night in Rainbow Valley."
7296|is Walter?" asked Anne. "He is up to no good, I fear, Mrs. Dr. dear. He is in the attic writing something in an exercise book. And he has not done as well in arithmetic this term as he should, so the teacher tells me."
7297|too well I know the reason why. He has been writing silly rhymes when he should have been doing his sums. I am afraid that boy is going to be a poet, Mrs. Doctor, dear."
7298|He is a poet now, Susan." Well, you take it real calm, Mrs. Doctor dear. I suppose it is the best way when a person has the strength—
7299|I had an uncle who began by being a poet and ended up by being a tram.
730|When I loosed him, he gave my hand a pitiful swipe with his little red tongue.
7300|our family were dreadfully ashamed of him. "You don't seem to think very highly of poets, Susan," said Anne, laughing."
7301|Who does, Mrs. Dr. Dear?" asked Susan in genuine astonishment.
7302|What about Milton and Shakespeare and the poets of the Bible?
7303|They tell me Milton could not get along with his wife, and Shakespeare was no more than respectable by times.
7305|End of chapter 7
7306|Chapter 8 of Rainbow Valley by Lucy Modman-Garment.
7307|This LibriVox recording is in the public domain. Recording by Karen Sattel.
7308|Chapter 8. Miss Cornelia intervenes.
7309|Miss Cornelia descended upon the manse the next day and cross-questioned Mary, who being a young person of considerable discernment and astuteness, told her story simply and truthfully, with an entire absence of complaint or bravado.
731|He wasn't the able seaman you see now. He was meek as Moses. That was nine years ago.
7310|Miss Cornelia was more favourably impressed than she had expected to be, but deemed it her duty to be severe.
7311|do you think," she said sternly, "that you showed your gratitude to this family, who have been far too kind to you, by insulting and chasing one of their little friends as you did yesterday?"
7312|say, it was rotten mean of me," admitted Mary easily. I don't know what possessed
7313|That old codfish seemed to come in so blamed handy. But I was awful sorry. I cried last night after I went to bed about it. Honest I did. You ask Una if I did.
7314|I wouldn't tell her what for, because I was ashamed of it, and then she cried too because she was afraid someone had hurt my feelings. Laws, I ain't got no feelings to hurt worth speaking of."
7315|What worries me is why Mrs. Wiley ain't been hunting for me. It ain't like her.
7316|Miss Cornelia herself thought it rather peculiar, but she merely admonished Mary sharply not to take any further liberties with the minister's codfish, and went to report progress at Ingleside.
7318|You know, Anne Deary, it has always been my habit neither to make nor meddle with those over-harbour folks. But I shall send Marshall over to-morrow to find out the rights of this if he can. And then I'll speak to the minister."
7319|Mind you, Anne, dearie, the Merediths found this girl literally starving in James Taylor's old hay barn. She had been there all night, cold and hungry and alone, and us, sleeping warm in our beds after our good suppers.
732|His life has been long in the land for a cat. He's a good old pal, the first mate is.
7320|that poor little thing," said Anne, picturing one of her own dear babies, cold and hungry and alone in such circumstances.
7321|If she has been ill-used, Miss Cornelia, she mustn't be taken back to such a place. I was an orphan once in a very similar situation."
7322|have to consult the Hopetown asylum folks," said Miss Cornelia. Anyway, she can't be left at the man's. Dear knows what those poor children might learn from her."
7323|I understand that she has been known to swear. But just think of her being there two whole weeks and Mr. Meredith never waking up to it."
7324|What business has a man like that to have a family? Why, Anne dearie, you ought to be a mother.
7325|Two evenings later, Miss Cornelia was back at Ingleside.
7327|You know, it puts Marshall in a regular fury to hear of a child being ill-used. They said she whipped her mercilessly for every little fault or mistake."
7328|Some folks talked of writing to the asylum authorities, but everybody's business is nobody's business, and it was never done."
733|I should have expected you to have a dog," said Gilbert.
7330|I suppose she must be sent back to Hopetown," said Miss Cornelia.
7331|I think everyone hereabouts who wants a home child has one.
7332|I'll see Mr. Meredith to-morrow and tell him my opinion of the whole affair."
7333|and no doubt she will, Mrs. Dr. dear," said Susan, after Miss Cornelia had gone. She would stick at nothing, not even at shingling the church spire if she took it into her head.
7334|But I cannot understand how even Cornelia Bryant can talk to a minister as she does.
7335|you would think he was just any common person." When Miss Cornelia had gone Nan Blythe uncurled herself from the hammock where she had been studying her lessons and slipped away to Rainbow Valley.
7336|The others were already there. Jem and Jerry were playing quites with old horseshoes borrowed from the Glen Blacksmith.
7338|It was a great shock to Walter to learn that William Tell and Gellert were myths also, and the story of Bishop Hatto was to keep him awake all that night.
7339|But best of all, he loved the stories of the Pied Piper and the Saint-Greal. He read them thrillingly while the bells on the tree-lovers tingled in the summer wind and the coolness of the evening shadows crept across the valley.
734|Captain Jim shook his head. I had a dog once. I thought so much of him that when he died I couldn't bear the thought of getting another in his place.
7340|"Say, ain't them interest in lies," said Mary admiringly when Walter had closed the book."
7341|They aren't lies," said Di indignantly.
7342|You don't mean they're true?" asked Mary incredulously.
7343|No, not exactly. They're like those ghost stories of yours. They weren't true, but you didn't expect us to believe them, so they weren't lies."
7344|that yarn about the divining-rod is no lie anyhow," said Mary. "Old Jake Crawford over Harbour can work it. They send for him everywhere they want to dig a well."
7346|I don't believe the wandering Jew would associate with a person like Mrs. Wiley," said Faith decidedly.
7348|But how glad his mother must have been, said Una softly.
7349|I think she had been sorry all her life that he was lame. Perhaps she even used to cry about it.
7350|but she would never be sorry again—ever. She would be glad he was lame because that was why she hadn't lost him.
7351|Someday," said Walter dreamily, looking afar into the sky, the pied piper will come over the hill up there and down Rainbow Valley, piping merrily and sweetly.
7352|and I will follow him. Follow him down to the shore, down to the sea, away from you all.
7353|I don't think I'll want to go. Jem will want to go."
7354|It will be such an adventure. But I won't."
7355|only I'll have to. The music will call and call and call me until I must follow."
7356|We'll all go!" cried Di, catching fire at the flame of Walter's fancy, and half believing she could see the mocking, retreating figure of the mystic Piper in the far, dim end of the valley.
7357|No. You'll sit here and wait," said Walter, his great splendid eyes full of strange glamour.
7358|you'll wait for us to come back. And we may not come, for we cannot come as long as the piper plays. He may pipe us around the world, and still you'll sit here and wait."
736|Here I am, talking too much. Why don't you check me? When I do get a chance to talk to anyone, I run on terrible.
7360|Walter smiled in triumph. He liked to exercise this power of his over his companions, to play on their feelings, waken their fears, thrill their souls. It satisfied some dramatic instinct in him.
7362|Carl, coming up to their group with a report of the doings in Antland, brought them all back to the realm of facts.
7364|They wouldn't put up a fight at all. Some of them are lazy and won't work. We watched them shirking. And there was one ant die to grief. Because another ant got killed. Wouldn't work. Wouldn't eat. Just died. It did. Honest to God—oodness.
7365|A shocked silence prevailed. Everyone knew that Mary had not started out to say goodness.
7366|Faith and die exchanged glances that would have done credit to Miss Cornelia herself. Walter and Carl looked uncomfortable and Una's lip trembled.
7367|Mary squirmed uncomfortably. That slipped out for our thought. It did, honest it—
7368|I mean, true as you live, and I swallowed half of it. You folks over here are mighty squeamish, seems to me. Wish you could have heard the Wileys when they had a fight."
7369|"Ladies don't say such things," said Faith, very primly for her." "It isn't right," whispered Una."
737|If you've done your tea, I've a few little things you might like to look at. Picked them up in the queer corners I used to be poking my nose into.
7370|I ain't a lady," said Mary. What chance have I ever had of being a lady? But I won't say that again if I can help it. I promise you—
7371|besides," said Una. You can't expect God to answer your prayers if you take His name in vain, Mary.
7372|don't expect him to answer him anyhow," said Mary of little faith. I've been asking him for a week to clear up this wily affair and he hasn't done a thing. I'm going to give up."
7373|At this juncture Nan arrived breathless.
7374|Oh, Mary, I've news for you. Mrs. Elliot has been over harbour and what do you think she found out? Mrs. Wiley is dead. She was found dead in bed the morning after you ran away. So you'll never have to go back to her."
7375|dead!" said Mary, stupefied. Then she shivered.
7376|you suppose my praying had anything to do with that?" She cried imploringly to Una. If it had, I'll never pray again as long as I live. Why, she may come back and haunt me.
7377|No, no, Mary," said Una comfortingly. It hadn't. Why, Mrs. Wiley died long before you ever began to pray about it at all.
7378|that so," said Mary, recovering from her panic.
7379|But I tell you, it gave me a start. I wouldn't like to think I'd prayed anybody to death. I never thought of such a thing as her dying when I was praying."
738|Captain Jim's Few Little Things turned out to be a most interesting collection of curios, hideous, quaint and beautiful. And almost every one of them had some striking story attached to it.
7380|She didn't seem much like the dying kind. Did Mrs. Elliott say anything about me?"
7381|said you would likely have to go back to the asylum." "I thought as much," said Mary drearily. "And then they'll give me out again, likely to someone just like Mrs. Wiley."
7382|Well, I suppose I can stand it. I'm tough.
7383|going to pray that you won't have to go back," whispered Una, as she and Mary walked home to the man.
7384|can do as you like," said Mary decidedly. But I vow I won't. I'm good and scared of this praying business. See what's come of it? If Mrs. Wiley had died after I started praying, it would have been my doings." "Oh, no, it wouldn't," said Una."
7385|I wish I could explain things better. Father could, I know, if you'd talk to him, Mary."
7386|catch me. I don't know what to make of your father—that's the long and short of it. He goes by me and never sees me in broad daylight. I ain't proud, but I ain't a doormat neither."
7387|Oh, Mary, it's just father's way. Most of the time he never sees us, I—
7388|He's thinking deeply, that's all. And I am going to pray that God will keep you in four winds, because I like you, Mary."
7389|All right. Only don't let me hear of any more people dying on account of it," said Mary. I'd like to stay in Four Winds fine. I like it and I like the harbour and the lighthouse and you and the blinds. You're the only friends I ever had and I'd hate to leave."
739|Anne never forgot the delight with which she listened to those old tales that moonlit evening by that enchanted driftwood fire, while the silver sea called to them through the open window and sobbed against the rocks below them.
7390|End of chapter 8
7391|Chapter 9 of Rainbow Valley by Lucy Maude Montgomery.
7392|This LibriVox recording is in the public domain. Recording by Karen Sabino.
7393|Chapter 9. Una intervenes.
7394|Miss Cornelia had an interview with Mr. Meredith, which proved something of a shock to that abstracted gentleman.
7395|She pointed out to him, none too respectfully, his dereliction of duty in allowing a waif like Mary Vance to come into his family and associate with his children without knowing or learning anything about him.
7397|Mr. Meredith did know, and was honestly shocked over his own carelessness in the matter.
7398|But what is to be done, Mrs. Elliot?" he asked helplessly. We can't turn the poor child out. She must be cared for.
7399|Of course. We'd better write to the Hopetown authorities at once. Meanwhile, I suppose she might as well stay here for a few more days until we hear from them. But keep your eyes and ears open, Mr. Meredith."
740|Captain Jim never said a boastful word, but it was impossible to help seeing what a hero the man had been. Brave, true, resourceful, unselfish.
7400|Susan would have died of horror on the spot if she had heard Miss Cornelia so admonishing a minister.
7401|But Miss Cornelia departed in a warm glow of satisfaction over duty done. And that night Mr. Meredith asked Mary to come into a study with him.
7402|Mary obeyed, looking literally ghastly with fright.
7403|But she got the surprise of her poor battered little life. This man, of whom she had stood so terribly in awe, was the kindest, gentlest soul she had ever met.
7404|Before she knew what happened Mary found herself pouring all her troubles into his ear, and receiving in return such sympathy and tender understanding as it had never occurred to her to imagine.
7405|Mary left the study with her face and eyes so softened that Una hardly knew her.
7406|father's all right when he does wake up," she said with a sniff that just escaped being a song.
7407|It's a pity he doesn't wake up oftener. He said I wasn't to blame for Mrs. Wiley dying but that I must try to think of her good points and not of her bad ones."
7408|I don't know what good points she had, unless it was keeping her house clean and making first-class butter."
7409|I know I most wore my arms out scrubbing her old kitchen floor with the knots in it.
741|He sat there in his little room and made those things live again for his hearers.
7410|But anything your father says goes with me after this.
7411|Mary proved a rather dull companion in the following days, however. She confided to Una that the more she thought of going back to the asylum the more she hated him.
7412|Una wracked her small brains for some way of averting it. But it was Nan Blythe who came to the rescue with a somewhat startling suggestion.
7413|Mrs. Elliott might take Mary herself. She has a great big house and Mr. Elliott is always wanting her to have help.
7414|It would just be a splendid place for Mary. Only she'd have to behave herself.
7415|Oh, Nan, do you think Mrs. Elliot WOULD take her?" "It wouldn't do any harm if you asked her," said Nan."
7417|When the Hopetown authorities wrote to Mr. Meredith to send Mary to them without delay, Mary cried herself to sleep in the manse attic that night and Una found a desperate courage. The next evening she slipped away from the manse to the harbor road.
7419|Miss Cornelia lived halfway between the Glen and Four Winds Point, in a house whose original glaring green hue had mellowed down to an agreeable greenish gray.
742|By a lift of the eyebrow, a twist of the lip, a gesture, a word, he painted a whole scene or character so that they saw it as it was.
7420|Marshall Elliot had planted trees about it and set out a rose garden and a spruce hedge.
7421|It was quite a different place from what it had been in years ago.
7422|The Manse children and the Ingleside children liked to go there. It was a beautiful walk down the old harbour road and there was always a well-filled cookie jar at the end.
7423|The misty sea was lapping softly far down on the sands.
7424|Three big boats were skimming down the harbor like great white seabirds. A schooner was coming up the channel.
7425|The world of four winds was steeped in glowing colour and subtle music and strange glamm
7426|and everybody should have been happy in it. But when Una turned in at Miss Cornelia's gate, her very legs had almost refused to carry her.
7427|Miss Cornelia was alone on the veranda. Una had hoped Mr. Elliot would be there. He was so big and hearty and twinkly that there would be encouragement in his presence.
7428|She sat on the little stool Miss Cornelia brought out and tried to eat the doughnut Miss Cornelia gave her.
7429|It stuck in her throat. But she swallowed desperately, lest Miss Cornelia be offended.
743|Some of Captain Jim's adventures had such a marvelous edge that Anne and Gilbert secretly wondered if he were not drawing a rather long bow at their credulous expense.
7430|She could not talk. She was still pale, and her big, dark blue eyes looked so piteous that Miss Cornelia concluded the child was in some trouble.
7431|on your mind, dearie?" she asked. There's something that's plain to be seen.
7432|Una swallowed the last twist of doughnut with a desperate gulp.
7433|Mrs. Elliot, won't you take Mary Vance?" she said beseechingly.
7434|Miss Cornelia stared blankly. Me? Take Mary Vance? Do you mean keep her? Yes, keep her. Adopt her," said Una eagerly, gaining courage now that the ice was broken.
7435|Oh, Mrs. Elliot, please do. She doesn't want to go back to the asylum. She cries every night about it. She's so afraid of being sent to another hard place. And she's so smart. There isn't anything she can't do. I know you wouldn't be sorry if you took her."
7436|I never thought of such a thing," said Miss Cornelia rather helplessly.
7437|won't you think of it?" implored Una. But, dearie, I don't want help. I'm quite able to do all the work here, and I never thought I'd like to have a homegirl if I did need help."
7438|The light went out of Una's eyes. Her lips trembled. She sat down on her stool again, a pathetic little figure of disappointment, and began to cry.
7439|"Don't, dearie, don't!" exclaimed Miss Cornelia in distress. She could never bear to hurt a child."
744|But in this, as they found later, they did him injustice. His tales were all literally true.
7440|I don't say I won't take her, but the idea is so new to me it has just kerflummoxed me. I must think it over."
7441|Mary is so smart," said Una again. Hmph! So I've heard.
7442|I've heard she swears, too. Is that true?"
7443|I've never heard her swear exactly," faltered Una uncomfortably.
7444|But I'm afraid she could. I believe you. Does she always tell the truth?"
7445|I think she does, except when she's afraid of a whipping.
7446|And yet you want me to take her?" "Someone has to take her," sobbed Una. Someone has to look after her, Mrs. Elliott."
7447|That's true. Perhaps it IS my duty to do it," said Miss Cornelia with a sigh.
7448|Well, I'll have to talk it over with Mr. Elliot, so don't say anything about it just yet. Take another doughnut, dearie."
7449|Una took it and ate it with a better appetite.
745|Captain Jim had the gift of the born storyteller, whereby unhappy, far-off things can be brought vividly before the hearer in all their pristine poignancy.
7450|I'm very fond of doughnuts," she confessed. Aunt Martha never makes a—
7451|Miss Susan at Ingleside does and sometimes she lets us have a plateful in Rainbow Valley.
7452|Do you know what I do when I'm hungry for donuts and can't get any Mrs. Elliott?
7453|No, dearie, what? I get out Mother's old cookbook and read the doughnut recipe and the other recipe.
7454|They sound so nice. I always do that when I'm hungry, especially after we've had ditto for dinner."
7455|And then I read the fried chicken and the roast goose
7456|Mother could make all those nice things.
7457|Those manse children will starve to death yet if Mr. Meredith doesn't get married," Miss Cornelia told her husband indignantly after Una had gone. And he won't. And what's to be done? And shall we take this merry creature, Marshal?
7458|Yes, take her," said Marshall, laconicly.
7459|just like a man," said his wife despairingly. "Take her, as if that was all. There are a hundred things to be considered, believe me."
746|Anne and Gilbert laughed and shivered over his tales. And once Anne found herself crying.
7460|take her, and we'll consider them afterwards, Cornelia," said her husband.
7461|In the end Miss Cornelia did take her, and went up to announce her decision to the Ingleside people first.
7462|splendid," said Anne delightedly. I've been hoping you would do that very thing, Miss Cornelia. I want that poor child to get a good home. I was a homeless little orphan just like her once.
7463|I don't think this merry creature is or ever will be much like you," retorted Miss Cornelia gloomily. She's a cat of another colour.
7464|But she's also a human being with an immortal soul to save.
7465|I've got a shorter catechism and a small tooth comb, and I'm going to do my duty by her, now that I've set my hand to the plough, believe me."
7466|Mary received the news with chastened satisfaction.
7467|it's better luck than I expected," she said. "You'll have to mind your peas and cues with Mrs. Elliot," said Nan. "Well, I can do that," flashed Mary. I know how to behave when I want to, just as well as you, Nan Blythe."
7468|You mustn't use bad words, you know, Mary," said Una anxiously.
7469|I suppose she'd die of horror if I did," grinned Mary, her white eyes shining with unholy glee over the idea. But you needn't worry, Una. Butter won't melt in my mouth after this. I'll be all prunes in prison."
747|Captain Jim surveyed her tears with pleasure shining from his face.
7470|Nor tell lies, added Faith. Not even to get off from a whipping, pleaded Mary.
7471|Mrs. Elliot will never whip you—never!" exclaimed Di. "Won't she?" said Mary, sceptically. "If I ever find myself in a place where I ain't licked, I'll think it's heaven all right. No fear of me telling lies, then."
7472|I ain't fond of telling him. I'd rather not, if it comes to that.
7473|The day before Mary's departure from the manse they had a picnic in her honour in Rainbow Valley. And that evening all the manse children gave her something from their scanty store of treasured things for a keepsake.
7474|Carl gave her his Noah's Ark and Jerry his second best Jews
7475|Faith gave her a little hairbrush with a mirror in the back of it, which Mary had always considered very wonderful.
7476|Una hesitated between an old beaded purse and a gay picture of Daniel in the lion's den, and finally offered Mary her choice.
7477|Mary really hankered after the beaded purse, but she knew Una loved it, so she said, give me Daniel. I'd rather have it, because I'm partial to lions. Only I wish they'd het Daniel up. It would have been more exciting.
7479|I like rainy nights," said Una, when they were cuddled down together in the little attic room, and so do the Blythe girls.
748|I like to see folks cry that way," he remarked. It's a compliment.
7480|don't mind them when I'm not handy to graveyards," said Mary. If I was alone here I'd cry my eyes out I'd be so lonesome
7481|I feel awful bad to be leaving you all." "Mrs. Elliot will let you come up and play in Rainbow Valley quite often, I'm sure," said Una. And you WILL be a good girl, won't you, Mary?"
7482|Oh, I'll try, side Mary, but it won't be as easy for me to be good—inside, I mean, as well as outside—as it is for you. You hadn't such scallywags of relations as I had.
7483|But your people must have had some good qualities as well as bad ones," argued Una. You must live up to them and never mind their bad ones.
7484|I don't believe they had any good qualities," said Mary gloomily. I never heard of any. My grandfather had money, but they say he was a rascal.
7485|Nope, I'll just have to start out on my own hook and do the best I can.
7486|And God will help you, you know, Mary, if you ask Him.
7487|I don't know about that. Oh, Mary, you know we asked God to get a home for you and he did.
7488|I don't see what he had to do with it," retorted Mary. It was you put it into Mrs. Elliot's head.
7489|But God put it into her heart to take you. All my putting it into her head wouldn't have done any good if he had it.
749|But I can't do justice to the things I've seen or helped to do. I have them all jotted down in my life book, but I haven't got the knack of writing them out properly.
7490|Well, there may be something in that," admitted Mary.
7492|Oh, Mary, no!" exclaimed horrified Una. God isn't a bit like Father. I mean, he's a thousand times better and kinder.
7493|he's as good as your father he'll do for me," said Mary. When your father was talking to me I felt as if I never could be bad any more.
7494|I wish you'd talked to father about him, side Una. He can explain it all so much better than I can."
7495|Why, so I will, next time he wakes up, promised Mary."
7496|that night he talked to me in the study he showed me real clear that my praying didn't kill Mrs. Wiley.
7497|My mind's been easy since, but I'm real curious about praying. I guess the old rhyme is the safest.
7499|Oh, no, no, Mary! I'm sure it wouldn't be right at all to pray to the devil. And it wouldn't do any good because he's bad. It might aggravate him and he'd be worse than ever.
750|If I could hit on just the right words and string them together proper on paper, I could make a great book. It would beat a mad love-holler, and I believe Joe'd like it as well as the pirate yarns.
7500|"Well, as to this God-matter," said Mary, stubbornly, "since you and I can't settle it there ain't no use in talkin' more about it till we've had a chance to find out the rights of it.""
7501|I'll do the best I can alone till then. If Mother was alive she could tell us everything."
7502|said Una with a sigh. I wished she was alive, said Mary. I don't know what's going to become of you youngsters when I'm gone."
7503|Anyhow, do try and keep the house a little tiny. The way people talks about it is scandalous.
7504|and the first thing you know your father will be getting married again and then your noses will be out of joint."
7505|Una was startled. The idea of her father marrying again had never presented itself to her before.
7506|She did not like it, and she lay silent under the chill of the
7508|I'm sure we won't," said Una tremulously. Father won't marry anybody else. He'll be hounded into it, I expect," said Mary darkly. All the old maids in the settlement are after him.
7509|There's no being up to them. And the worst of stepmothers is, they always set your father against you. He'd never care anything about you again. He'd always take her part and her children's part. You see, she'd make him believe you were all bad."
751|Yes, I've had some adventures in my time. And you know Mistress Blythe. I still lust after him.
7510|I wish you hadn't told me this, Mary," cried Una. It makes me feel so unhappy."
7511|I only wanted to warn you," said Mary rather repentantly. Of course, your father's so absent-minded he mightn't happen to think of getting married again, but it's better to be prepared.
7512|Long after Mary slept serenely little Una lay awake, her eyes smarting with tears. Oh, how dreadful it would be if her father should marry somebody who would make him hate her and Jerry and Faith and Carl! She couldn't bear it—she couldn't!
7513|Mary had not instilled any poison of the kind Miss Cornelia had feared into the man's children's minds.
7514|Yet she had certainly contrived to do a little mischief with the best of intentions.
7515|But she slept dreamlessly, while Una lay awake, and the rain fell, and the wind wailed around the old grey manse. And the Rev. John Meredith forgot to go to bed at all, because he was absorbed in reading A Life of St. Augustine.
7516|It was grey dawn when he finished it and went upstairs, wrestling with the problems of two thousand years ago.
7517|The door of the girl's room was open, and he saw Faith lying asleep, rosy and beautiful. He wondered where Una was. Perhaps she had gone over to stay all night with the Blythe girls. She did this occasionally, deeming it a great treat.
7518|John Meredith sighed. He felt that Una's whereabouts ought not to be a mystery to him. Cecilia would have looked after her better than that.
7519|If only Cecilia were still with him! How pretty and gay she had been!
752|Yes, old and useless as I be, there's an awful longing sweeps over me at times to sail out, out, out there forever and ever.
7520|the old man's up at Maywater had echoed to her song.
7521|And she had gone away, so suddenly, taking her laughter and music and leaving silence—so suddenly that he had never quite got over his feeling of amazement. How could she, the beautiful and vivid, have died?
7522|The idea of a second marriage had never presented itself seriously to John Merriam.
7523|He had loved his wife so deeply that he believed he could never care for any woman again.
7524|He had a vague idea that before very long Faith would be old enough to take her mother's place. Until then he must do the best he could alone.
7525|He sighed and went to his room, where the bed was still unmade. Aunt Martha had forgotten it, and Mary had not dared make it, because Aunt Martha had forbidden her to meddle with anything in the minister's room.
7526|But Mr. Meredith did not notice that it was unmade. His last thoughts were of St. Augustine.
7527|End of chapter 9
753|Like Ulysses, you would sail beyond the sunset and the baths of all the western stars until you die," said Anne dreamily.
754|Ulysses. I've read of him. Yes, that's just how I feel. Just how all us old sailors feel, I reckon.
755|I'll die on land after all I suppose. Well, what is to be will be.
756|There was an old William Ford at the Glen who never went on the water in his life, because he was afraid of being drowned. A fortune-teller had predicted he would be. And one day he fainted and fell with his face in the barn trough and was drowned.
757|Must you go?" Well, come soon and come often. The doctor is to do the talking next time. He knows a heap of things I want to find out.
758|I'm sort of lonesome here by times. It's been worse since Elizabeth Russell died. Her and me were such cronies.
759|Captain Jim spoke with the pathos of the aged, who see their old friends slipping from them one by one, friends whose places can never be quite filled by those of a younger generation, even of the race that knows Joseph.
760|Anne and Gilbert promise to come soon and often.
761|He's a rare old fellow, isn't he?" said Gilbert as they walked home.
762|Somehow I can't reconcile his simple, kindly personality with the wild, adventurous life he has lived. Mused Anne.
763|You wouldn't find it so hard if you had seen him the other day down at the fishing village. One of the men of Peter Gaultier's boat made a nasty remark about some girl along the shore.
764|Captain Jim fairly scorched the wretched fellow with the lightning of his eyes. He seemed a man transformed. He didn't say much, but the way he said it. You'd have thought it would strip the flesh from the fellow's bones.
765|I understand that Captain Jim will never allow a word against any woman to be said in his presence.
766|I wonder why he never married," said Anne. He should have sons with their ships at sea now, and grandchildren climbing over him to hear his stories. He's that kind of a man.
767|Instead, he has nothing but a magnificent cat.
768|But Anne was mistaken. Captain Jim had more than that. He had a memory.
769|End of chapter 9
770|CHAPTER X
771|I'm going for a walk to the outside shore tonight," Anne told Gog and Magog one October evening.
772|There was no one else to tell, for Gilbert had gone over the harbor.
777|Oh, this is a moment worth living through weeks of storm and stress for," Anne exclaimed, delightedly sending her far gaze across the tossing waters from the top of the cliff where she stood.
778|Presently she scrambled down the steep path to the little cove below, where she seemed shut in with rocks and sea and sky.
779|I'm going to dance and sing," she said. There's no one here to see me. The sea gulls won't carry tales of the matter. I may be as crazy as I like.
780|She caught up her skirt and pirouetted along the hard strip of sand just out of reach of the waves that almost lapped her feet with their spent foam.
781|Whirling round and round, laughing like a child, she reached the little headland that ran out to the east of the cove. Then she stopped suddenly, blushing crimson. She was not alone. There had been a witness to her dance and laughter.
783|She was bare-headed, and her splendid hair, more than ever like Browning's gorgeous snake, was bound about her head with a crimson ribbon.
784|She wore a dress of some dark material, very plainly made, but suaved about her waist, outlining its fine curves, was a vivid girdle of red silk.
785|Her hands, clasped over her knee, were brown and somewhat work-hardened, but the skin of her throat and cheeks was as white as cream.
786|A flying gleam of sunset broke through a low-lying western cloud and fell across her hair.
787|For a moment she seemed the spirit of the sea personified, all its mystery, all its passion, all its elusive charm.
788|You must think me crazy," stammered Anne, trying to recover her self-possession.
789|to be seen by this stately girl in such an abandon of childishness. She Mrs. Dr. Blythe, with all the dignity of the matron to keep up. It was too bad.
791|Let's introduce ourselves, she said, with the smile that had never yet failed to win confidence and friendliness.
792|I'm Mrs. Blythe, and I live in that little white house up the harbor shore.
793|Yes, I know," said the girl. I am Leslie Moore. Mrs. Dick Moore," she added stiffly.
794|Anne was silent for a moment from sheer amazement. It had not occurred to her that this girl was married. There seemed nothing of the wife about her. And that she should be the neighbor whom Anne had pictured as a commonplace forewins' housewife.
795|Anne could not quickly adjust her mental focus to this astonishing change.
796|Then you live in that grey house up the brook," she stammered.
797|Yes. I should have gone over to call on you long ago," said the other.
798|She did not offer any explanation or excuse for not having gone.
799|I wish you would come," said Anne, recovering herself somewhat. We're such near neighbors we ought to be friends. That is the sole fault of Four Winds. There aren't quite enough neighbors. Otherwise it is perfection.
800|You like it? Like it! I love it! It is the most beautiful place I ever saw.
801|I've never seen many places," said Leslie more slowly.
802|But I've always thought it was very lovely here. I... I love it too.
803|She spoke as she looked, shyly yet eagerly.
804|Anne had an odd impression that this strange girl—the word girl—would persist. Could say a good deal if she chose. I often come to the shore," she added. So do I," said Anne. It's a wonder we haven't met here before.
805|Probably you come earlier in the evening than I do. It is generally late, almost dark when I come. And I love to come just after a storm, like this.
806|I don't like the sea so well when it's calm and quiet. I like the struggle and the crash and the noise.
807|I love it in all its moods," declared Anne. The sea at Four Winds is to me what Lover's Lane was at home.
809|You know, Miss Cornelia," said Leslie, laughing. She had an exquisite laugh. It bubbled up suddenly and unexpectedly with something of the delicious quality of a baby's
810|Ann laughed too. Oh yes, she's been down to my house of dreams several times.
811|Your House of Dreams. Oh, that's a dear foolish little name Gilbert and I have for our home. We just call it that between ourselves. It slipped out before I thought.
812|So Miss Russell's little White House is your house of dreams," said Leslie, wonderingly.
813|I had a house of dreams once. But it was a palace, she added with a laugh, the sweetness of which was marred by a little note of derision.
814|Oh, I once dreamed of a palace, too," said Anne. I suppose all girls do. And then we settled down consensually in eight-room houses that seemed to fulfill all the desires of our hearts, because our prince is there.
815|You should have had your palace, really, though. You're so beautiful. You must let me say it. It has to be said. I'm nearly bursting with admiration. You are the loveliest thing I ever saw, Mrs. Moore."
816|If we are to be friends you must call me Leslie," said the other with an odd passion.
817|Of course I will. And my friends call me Anne.
818|I suppose I am beautiful. Leslie went on, looking stormily out to sea.
819|I hate my beauty. I wish I had always been as brown and plain as the brownest and plainest girl at the fishing village over there.
820|Well, what do you think of Miss Cornelia? The abrupt change of subject shut the door on any further confidences.
821|Miss Cornelia is a darling, isn't she?" said Anne. Gilbert and I were invited to her house to a state tea last week. You've heard of groaning tables."
822|I seem to recall seeing the expression in the newspaper reports of weddings," said Leslie, smiling.
823|Well, Miss Cornelia's groaned. At least it creaked positively. You couldn't have believed she would have cooked so much for two ordinary people.
824|She had every kind of pie you could name, I think, except lemon pie. She said she had taken the prize for lemon pies at the Charlottetown exhibition ten years ago and had never made any since for fear of losing her reputation for them.
826|Anne wondered secretly why if this were so, Miss Cornelia had never mentioned Mrs. Digmore to her.
827|Miss Cornelia had certainly talked freely about every other individual, in or near Four Winds.
828|Isn't that beautiful?" said Leslie, after a brief silence, pointing to the exquisite effect of a shaft of light falling through a cleft in the rock behind them, across a dark green pool at its base.
829|If I had come here and seen nothing but just that, I would go home satisfied.
830|The effects of light and shadow all along these shores are wonderful," agreed Anne. My little sewing room looks out on the harbor, and I sit at its window and feast my eyes. The colors and shadows are never the same two minutes together.
831|And you're never lonely? asked Leslie abruptly. Never when you were alone?
832|No. I don't think I've ever been really lonely in my life," answered Anne. Even when I'm alone I have real good company, dreams and imaginations and pretendings. I like to be alone now and then, just to think over things and taste them.
833|But I love friendship and nice jolly little times with people. Oh won't you come see me, often? Please do.
834|I believe," Anne added, laughing, that she'd like me if you knew me.
835|I wonder if you would like me," said Leslie seriously.
836|She was not fishing for a compliment. She looked out across the waves that were beginning to be garlanded with blossoms of moonlit foam and her eyes filled with shadows.
838|I have been married 12 years," said Leslie.
839|here was another unbelievable thing. "Why, you can't be as old as I am!" exclaimed Anne. "You must have been a child when you were married.""
840|I was sixteen," said Leslie, rising, and picking up the cap and jacket lying beside her.
841|I am twenty-eight now. Well I must go back. So must I. Gilbert will probably be home. But I'm so glad we both came to the shore tonight and met each other."
842|Leslie said nothing, and Anne was a little chilled. She had offered friendship frankly, but it had not been accepted very graciously, if it had not been absolutely repelled.
843|In silence they climbed the cliffs and walked across a pasture field of which the feathery, bleached wild grasses were like a carpet of creamy velvet in the moonlight.
844|When they reached the shore lane, Leslie turned.
845|I go this way Mrs. Blythe. You will come over and see me sometime won't you?
846|Anne felt as if the invitation had been thrown at her. She got the impression that Leslie Moore gave it reluctantly.
847|I will come if you really want me to," she said a little coldly.
848|Oh, I do, I do!" exclaimed Leslie, with an eagerness which seemed to burst forth and beat down some restraint that had been imposed on it.
849|Then I'll come. Good night, Leslie.
850|Good night, Mrs. Blythe." Anne walked home in a brown study and poured out her tale to Gilbert.
851|So Mrs. Dick Moore isn't one of the race that knows Joseph? said Gilbert teasingly.
852|No, not exactly. And yet...
853|I think she was one of them once, but has gone or got into exile," said Anne musingly.
854|She's certainly very different from the other women about here. You can't talk about eggs and butter to her. To think I've been imagining her as second Mrs. Rachel Lynde.
855|Have you ever seen Dick Moore, Gilbert? No. I've seen several men working about the fields of the farm, but I don't know which was Moore.
856|She never mentioned him. I know she isn't happy.
857|From what you tell me, I suppose she was married before she was old enough to know her own mind or heart, and found out too late that she had made a mistake. It's a common tragedy enough, Anne.
858|A fine woman would have made the best of it. Mrs. Moore has evidently let it make her bitter and resentful.
859|Don't let us judge her till we know," pleaded Anne. I don't believe her case is so ordinary.
860|You will understand her fascination when you meet her, Gilbert. It is a thing quite apart from her beauty. I feel that she possesses a rich nature into which a friend might enter as into a kingdom.
861|But for some reason she bars everyone out and shuts all her possibilities up in herself so that they cannot develop and blossom.
862|There. I've been struggling to define her to myself ever since I left her, and that is the nearest I can get to it.
863|I'm going to ask Miss Cornelia about her.
864|End of chapter 10
865|CHAPTER XI
866|Chapter 11 The Story of Leslie Moore
867|Yes, the eighth baby arrived a fortnight ago," said Miss Cornelia from a rocker before the fire of the little house one chilly October afternoon.
868|It's a girl. Fred was ranting mad, said he wanted a boy, when the truth is he didn't want it at all.
869|If it had been a boy, he'd have ran it because it wasn't a girl.
870|They had four girls and three boys before, so I can't see that it made much difference what this one was. But, of course, he'd have to be cantankerous, just like a man.
871|The baby is real pretty, dressed up in its nice little clothes. It has black eyes and the dearest tiny hands.
872|I must go and see it. I just love babies," said Anne, smiling to herself over a thought too dear and sacred to be put into words.
873|I don't say about what they're nice, admitted Miss Cornelia, but some folks seem to have more than they really need, believe me.
874|My poor cousin Flora, but the Glen had eleven, and such a slave as she is. Her husband suicided three years ago, just like a man.
875|What made him do that? asked Anne rather shocked.
877|We've only had two suicides in four wins in my recollection. The other was Frank West, Leslie Moore's father.
879|I thought her very beautiful. Oh, of course. There was never anybody about four winds could touch her for looks. Did you ever see her hair? It reaches to her feet when she lets it down. But I meant, how did you like her?
881|I wish you would tell me all about her. That is, if you can do so without betraying any confidence.
886|And mind you, Anne, Leslie saw it. She was looking down from the loft. She gave one screech. The hired man said he never heard such a sound in all his life. He said it would ring in his ears till Gabriel's Trump drove it out.
887|But she never screeched or cried again about it. She jumped from the loft on to the load, and from the load to the floor, and caught up the little, bleeding, warm, dead-body Anne. They had to tear it from her before she would let it go.
888|they send for me. I can't talk of it.
889|Miss Cornelia wiped the tears from her kindly brown eyes and sewed in bitter silence for a few minutes.
891|After a while she began to laugh again. She had the prettiest laugh, you don't often hear it now.
892|I heard it once the other night," said Anne. It is a beautiful laugh.
893|Frank West began to go down after Kenneth's death. He wasn't strong, and it was a shock to him, because he was real fond of the child, though, as I've said, Leslie was his favorite.
894|He got mopey and melancholy and couldn't or wouldn't work.
895|And one day, when Leslie was fourteen years of age, he hanged himself. And in the parlour, too, mind you, Anne, right in the middle of the parlour, from the lamp hook in the ceiling. Wasn't that like a man?
896|It was the anniversary of his wedding day, too. Nice, tasty time to pick for it, wasn't it?
897|And of course that poor Leslie had to be the one to find him. She went into the parlour that morning singing, with some fresh flowers for the vases, and there she saw her father hanging from the ceiling, his face as black as coal. It was something awful, believe me.
898|Oh, how horrible," said Anne, shuddering. The poor, poor child.
900|Well, they buried Frank West beside Kenneth, and Rose put up a great monument to him. It was bigger than his character, believe me.
901|Anyhow it was bigger than Rose could afford, for the farm was mortgaged for more than its value.
902|But not long after, Leslie's old grandmother, Wes, died and she left Leslie a little money, enough to give her a year at Queen's Academy.
904|When I think of what she was then and what she is now, I say, DRAC THE MAN!
905|Miss Cornelia snipped her thread off as viciously as if, Nero-like, she was severing the neck of mankind by the stroke.
907|He wasn't fit for Leslie to wipe her feet on, that's the long and short of it. And he was a Methodist. But he was clean mad about her, because of her good looks in the first place, and because she wouldn't have anything to say to him in the second. He vowed he'd have her. And he got her.
908|How did he bring it about? Oh, it was an iniquitous thing. I'll never forgive Rose West.
911|Of course there was no wedding, but Rose asked me to go and see them married.
912|I went, but I was sorry I did. I'd seen Leslie's face at her brother's funeral and at her father's funeral, and now it seemed to me I was seeing it at her own funeral. But Rose was smiling as a basket of chips, believe me.
913|Leslie and Dick settled down on the West Place. Rose couldn't bear to part with her dear daughter, and lived there for the winter. In the spring, Rose took pneumonia and died, a year too late.
914|Leslie was heartbroken enough over it. Isn't it terrible the way some unworthy folks are loved while others that deserve it far more, you'd think, never get much affection?
915|As for Dick, he'd had enough of quiet married life, just like a man. He was for up and off. He went over to Nova Scotia to visit his relations. His father had come from Nova Scotia. And he wrote back to Leslie that his cousin George Moore was going on a voyage to Havana. And he was going too.
916|The name of the vessel was the Four Sisters, and they were to be gone about nine weeks.
918|She told me you were the best friend she had," said Anne. "Did she?" exclaimed Miss Cornelia, delightedly. Well, I'm real thankful to hear it. Sometimes I've wondered if she really did want me around at all. She never let me think so."
919|You must have thought her out more than you think, or she wouldn't have said that much itself to you.
920|Oh, that poor heartbroken girl. I never see Dick more, but I want to run a knife clean through him.
921|Miss Cornelia wiped her eyes again and, having relieved her feelings by her bloodthirsty wish, took up her tail.
923|By degrees, people began to talk of Dick Moore as one that was dead. Almost everyone believed that he was, though no one felt certain, for men have turned up here at the harbor after they'd been gone for years.
924|Leslie never thought he was dead. And she was right. A thousand pities too.
928|They tried to find out who he was, but they never could. He couldn't even tell them his name. He could only say a few simple words. He had a letter on him beginning, Dear Dick, and signed Leslie, but there was no address on it, and the envelope was gone.
931|Poor, poor girl," said Anne again.
932|own happiness seemed to reproach her. What right had she to be so happy when another human soul must be so miserable?
933|Will you tell me just what Leslie said and how she acted the night you met her on the shore?" asked Miss Cornelia.
934|She listened intently and nodded her satisfaction.
935|You thought she was stiff and cold and deary, but I can tell you she thawed out wonderful for her. She must have taken to you real strong.
936|I'm so glad. You may be able to help her a good deal.
937|I was thankful when I heard that a young couple was coming to this house, for I hoped it would mean some friends for Leslie, especially if you belong to the race that knows Joseph.
940|I will do everything I can for her," said Anne. Her interest in Leslie Moore, which had been vivid ever since she had seen her driving her geese down the hill, was intensified a thousandfold by Miss Cornelia's narration.
941|The girl's beauty and sorrow and loneliness drew her with an irresistible fascination.
942|She had never known anyone like her. Her friends had hitherto been wholesome, normal, merry girls like herself, with only the average trials of human care and bereavement to shadow their girlish dreams.
943|Leslie Moore stood apart, a tragic, appealing figure of thwarted womanhood.
944|Anne resolved that she would win entrance into the kingdom of that lonely soul, and find there the comradeship it could so richly give, were it not for the cruel fetters that held it in a prison not of its own making.
946|End of chapter 11
947|Chapter 12 of Anne's House of Dreams by Lucy Maud Montgomery.
948|This LibriVox recording is in the public domain. Chapter 12.
950|No, Captain Jim is over home," said Leslie. He—he made me come here," she added half defiantly.
951|I'll say a thank you to him for that when I see him," said Anne, pulling easy-chairs before the fire. Oh, I don't mean that I didn't want to come, protested Leslie, flushing a little. I've been thinking of coming. But it isn't always easy for me to get away.
952|Of course, it must be hard for you to leave Mr. Moore," said Anne in a matter-of-fact tone.
954|She allowed her cap and jacket to be taken, and sat down with a girlish snuggle in the big armchair by Magog.
955|She was dressed prettily and carefully, with the customary touch of color, in the scarlet geranium at her white throat.
956|Her beautiful hair gleamed like molten gold in the warm firelight.
957|Her sea-blue eyes were full of soft laughter and allurement.
958|For the moment, under the influence of the little house of dreams, she was a girl again, a girl forgetful of the past and its bitterness.
960|Our library isn't very extensive," said Anne, "but every book in it is a friend. We've picked our books up through the years here and there, never buying one until we had first read it and knew that it belonged to the race of Joseph."
961|Leslie laughed, beautiful laughter, that seemed akin to all the mirth that had echoed through the little house in the vanished years.
963|It was so seldom I got one I really liked that I gave up getting any.
964|I hope you'll look on our bookshelves as your own," said Anne. You are entirely and wholeheartedly welcome to the loan of any book on them.
965|You're setting a feast of fat things before me," said Leslie joyously.
966|Then as the clock struck ten, she rose half unwillingly.
967|I must go. I didn't realize it was so late. Captain Jim is always saying it doesn't take long to stay an hour. But I've stayed, too. And—oh, but I've enjoyed them," she added, frankly.
968|Come often," said Anne and Gilbert. They had risen and stood together in the fire-light's glow. Leslie looked at them—youthful, hopeful, happy—tipifying all she had missed and must for ever miss.
969|The light went out of her face and eyes. The girl vanished. It was the sorrowful, cheated woman who answered the invitation almost coldly and got herself away with a pitiful haste.
970|Anne watched her until she was lost in the shadows of the chill and misty night.
971|Then she turned slowly back to the glow of her own radiant hearthstone.
972|Isn't she lovely, Gilbert? Her hair fascinates me. Miss Cornelia says it reaches to her feet. Ruby Gillis had beautiful hair. But Leslie's is alive. Every thread of it is living gold.
973|She is very beautiful," agreed Gilbert, so heartily that Anne almost wished he were a little less enthusiastic.
974|Gilbert, would you like my hair better if it were like Leslie's? She asked wistfully.
975|I wouldn't have your hair any color but just what it is for the world," said Gilbert, with one or two convincing accompaniments.
976|You wouldn't be Anne if you had golden hair, or hair of any color but— RED! said Anne with gloomy satisfaction.
977|Yes, red, to give warmth to that milk-white skin and those shining gray-green eyes of yours. Golden hair wouldn't suit you at all, Queen Anne. My Queen Anne, queen of my heart and life and home."
978|Then you may admire Leslie's all you like," said Anne magnanimously.
979|End of chapter 12
980|CHAPTER XIII
981|Chapter 13 A Ghostly Evening
983|Anne saw four winds in a new aspect and found it weird and mysterious and fascinating, but it also gave her a little feeling of loneliness.
984|Gilbert was away, and would be away until the morrow, attending a medical powwow in Charlottetown.
985|Anne longed for an hour of fellowship with some girlfriend. Captain Jim and Miss Cornelia were good fellows each in their own way, but youth yearned to youth.
987|I feel as if it concealed innumerable mysteries, as if I were surrounded by the wraiths of old generations of Four Winds people peering at me through that gray veil.
988|If ever the dear dead ladies of this little house came back to revisit it, they would come on just such a night as this.
989|If I sit here any longer I'll see one of them there opposite me in Gilbert's chair.
990|This place isn't exactly canny tonight. Even Gog and Magog have an air of pricking up their ears to hear the footsteps of unseen guests.
991|I'll run over to see Leslie before I frighten myself with my own fancies, as I did long ago in the matter of the haunted wood.
992|I'll leave my house of dreams to welcome back its old inhabitants. My fire will give them goodwill and greeting. They will be gone before I come back, and my house will be mine once more.
993|Tonight I'm sure it is keeping at rest with the past.
994|Laughing a little over her fancy, yet with something of a creepy sensation in the region of her spine, Anne kissed her hand to Gog and Magog and slipped out into the fog, with some of the new magazines under her arm for Leslie.
996|don't be too long going to see her either. If you are, she'll think it's because you don't like the sight of Dick, and she'll crawl into her shell again."
997|Dick's a great big harmless baby, but that silly grin and chuckle of his do get on some people's nerves.
998|Thank goodness I've no nerves myself. I like Dick more better now than I ever did when he was in his right senses, though the Lord knows that isn't saying much.